image_path,class_name,label
/content/drive/MyDrive/SKRIPSI/cassava-lora/data/train/cgm/train-cgm-586.jpg,cgm,2
/content/drive/MyDrive/SKRIPSI/cassava-lora/data/train/cmd/train-cmd-1725.jpg,cmd,3
/content/drive/MyDrive/SKRIPSI/cassava-lora/data/train/cbsd/train-cbsd-978.jpg,cbsd,1
/content/drive/MyDrive/SKRIPSI/cassava-lora/data/train/cbsd/train-cbsd-498.jpg,cbsd,1
/content/drive/MyDrive/SKRIPSI/cassava-lora/data/train/cmd/train-cmd-252.jpg,cmd,3
/content/drive/MyDrive/SKRIPSI/cassava-lora/data/train/cbsd/train-cbsd-433.jpg,cbsd,1
/content/drive/MyDrive/SKRIPSI/cassava-lora/data/train/cmd/train-cmd-2258.jpg,cmd,3
/content/drive/MyDrive/SKRIPSI/cassava-lora/data/train/cmd/train-cmd-1180.jpg,cmd,3
/content/drive/MyDrive/SKRIPSI/cassava-lora/data/train/cbb/train-cbb-366.jpg,cbb,0
/content/drive/MyDrive/SKRIPSI/cassava-lora/data/train/cbsd/train-cbsd-604.jpg,cbsd,1
/content/drive/MyDrive/SKRIPSI/cassava-lora/data/train/cgm/train-cgm-659.jpg,cgm,2
/content/drive/MyDrive/SKRIPSI/cassava-lora/data/train/cbsd/train-cbsd-639.jpg,cbsd,1
/content/drive/MyDrive/SKRIPSI/cassava-lora/data/train/cbsd/train-cbsd-2.jpg,cbsd,1
/content/drive/MyDrive/SKRIPSI/cassava-lora/data/train/cmd/train-cmd-295.jpg,cmd,3
/content/drive/MyDrive/SKRIPSI/cassava-lora/data/train/cbsd/train-cbsd-797.jpg,cbsd,1
/content/drive/MyDrive/SKRIPSI/cassava-lora/data/train/cmd/train-cmd-2320.jpg,cmd,3
/content/drive/MyDrive/SKRIPSI/cassava-lora/data/train/cmd/train-cmd-2439.jpg,cmd,3
/content/drive/MyDrive/SKRIPSI/cassava-lora/data/train/cmd/train-cmd-600.jpg,cmd,3
/content/drive/MyDrive/SKRIPSI/cassava-lora/data/train/cmd/train-cmd-843.jpg,cmd,3
/content/drive/MyDrive/SKRIPSI/cassava-lora/data/train/cmd/train-cmd-1605.jpg,cmd,3
/content/drive/MyDrive/SKRIPSI/cassava-lora/data/train/cmd/train-cmd-2199.jpg,cmd,3
/content/drive/MyDrive/SKRIPSI/cassava-lora/data/train/cmd/train-cmd-485.jpg,cmd,3
/content/drive/MyDrive/SKRIPSI/cassava-lora/data/train/cbsd/train-cbsd-1368.jpg,cbsd,1
/content/drive/MyDrive/SKRIPSI/cassava-lora/data/train/healthy/train-healthy-212.jpg,healthy,4
/content/drive/MyDrive/SKRIPSI/cassava-lora/data/train/cmd/train-cmd-633.jpg,cmd,3
/content/drive/MyDrive/SKRIPSI/cassava-lora/data/train/cbsd/train-cbsd-1089.jpg,cbsd,1
/content/drive/MyDrive/SKRIPSI/cassava-lora/data/train/cmd/train-cmd-2391.jpg,cmd,3
/content/drive/MyDrive/SKRIPSI/cassava-lora/data/train/cmd/train-cmd-1227.jpg,cmd,3
/content/drive/MyDrive/SKRIPSI/cassava-lora/data/train/cbsd/train-cbsd-765.jpg,cbsd,1
/content/drive/MyDrive/SKRIPSI/cassava-lora/data/train/cgm/train-cgm-603.jpg,cgm,2
/content/drive/MyDrive/SKRIPSI/cassava-lora/data/train/cgm/train-cgm-411.jpg,cgm,2
/content/drive/MyDrive/SKRIPSI/cassava-lora/data/train/cbb/train-cbb-259.jpg,cbb,0
/content/drive/MyDrive/SKRIPSI/cassava-lora/data/train/cmd/train-cmd-2252.jpg,cmd,3
/content/drive/MyDrive/SKRIPSI/cassava-lora/data/train/cmd/train-cmd-2513.jpg,cmd,3
/content/drive/MyDrive/SKRIPSI/cassava-lora/data/train/cmd/train-cmd-2002.jpg,cmd,3
/content/drive/MyDrive/SKRIPSI/cassava-lora/data/train/cbb/train-cbb-256.jpg,cbb,0
/content/drive/MyDrive/SKRIPSI/cassava-lora/data/train/cmd/train-cmd-2220.jpg,cmd,3
/content/drive/MyDrive/SKRIPSI/cassava-lora/data/train/cmd/train-cmd-1832.jpg,cmd,3
/content/drive/MyDrive/SKRIPSI/cassava-lora/data/train/cbb/train-cbb-237.jpg,cbb,0
/content/drive/MyDrive/SKRIPSI/cassava-lora/data/train/cmd/train-cmd-861.jpg,cmd,3
/content/drive/MyDrive/SKRIPSI/cassava-lora/data/train/cmd/train-cmd-1661.jpg,cmd,3
/content/drive/MyDrive/SKRIPSI/cassava-lora/data/train/cmd/train-cmd-2015.jpg,cmd,3
/content/drive/MyDrive/SKRIPSI/cassava-lora/data/train/cmd/train-cmd-420.jpg,cmd,3
/content/drive/MyDrive/SKRIPSI/cassava-lora/data/train/cmd/train-cmd-159.jpg,cmd,3
/content/drive/MyDrive/SKRIPSI/cassava-lora/data/train/cmd/train-cmd-151.jpg,cmd,3
/content/drive/MyDrive/SKRIPSI/cassava-lora/data/train/cgm/train-cgm-491.jpg,cgm,2
/content/drive/MyDrive/SKRIPSI/cassava-lora/data/train/cmd/train-cmd-2599.jpg,cmd,3
/content/drive/MyDrive/SKRIPSI/cassava-lora/data/train/cmd/train-cmd-804.jpg,cmd,3
/content/drive/MyDrive/SKRIPSI/cassava-lora/data/train/cmd/train-cmd-562.jpg,cmd,3
/content/drive/MyDrive/SKRIPSI/cassava-lora/data/train/cbsd/train-cbsd-331.jpg,cbsd,1
/content/drive/MyDrive/SKRIPSI/cassava-lora/data/train/cgm/train-cgm-176.jpg,cgm,2
/content/drive/MyDrive/SKRIPSI/cassava-lora/data/train/cbsd/train-cbsd-569.jpg,cbsd,1
/content/drive/MyDrive/SKRIPSI/cassava-lora/data/train/cgm/train-cgm-365.jpg,cgm,2
/content/drive/MyDrive/SKRIPSI/cassava-lora/data/train/cmd/train-cmd-1743.jpg,cmd,3
/content/drive/MyDrive/SKRIPSI/cassava-lora/data/train/cgm/train-cgm-677.jpg,cgm,2
/content/drive/MyDrive/SKRIPSI/cassava-lora/data/train/cmd/train-cmd-227.jpg,cmd,3
/content/drive/MyDrive/SKRIPSI/cassava-lora/data/train/cbb/train-cbb-128.jpg,cbb,0
/content/drive/MyDrive/SKRIPSI/cassava-lora/data/train/cbsd/train-cbsd-1396.jpg,cbsd,1
/content/drive/MyDrive/SKRIPSI/cassava-lora/data/train/cmd/train-cmd-660.jpg,cmd,3
/content/drive/MyDrive/SKRIPSI/cassava-lora/data/train/cmd/train-cmd-902.jpg,cmd,3
/content/drive/MyDrive/SKRIPSI/cassava-lora/data/train/cbsd/train-cbsd-934.jpg,cbsd,1
/content/drive/MyDrive/SKRIPSI/cassava-lora/data/train/cgm/train-cgm-725.jpg,cgm,2
/content/drive/MyDrive/SKRIPSI/cassava-lora/data/train/cmd/train-cmd-2409.jpg,cmd,3
/content/drive/MyDrive/SKRIPSI/cassava-lora/data/train/cmd/train-cmd-460.jpg,cmd,3
/content/drive/MyDrive/SKRIPSI/cassava-lora/data/train/cgm/train-cgm-698.jpg,cgm,2
/content/drive/MyDrive/SKRIPSI/cassava-lora/data/train/healthy/train-healthy-103.jpg,healthy,4
/content/drive/MyDrive/SKRIPSI/cassava-lora/data/train/cmd/train-cmd-148.jpg,cmd,3
/content/drive/MyDrive/SKRIPSI/cassava-lora/data/train/cbb/train-cbb-370.jpg,cbb,0
/content/drive/MyDrive/SKRIPSI/cassava-lora/data/train/cmd/train-cmd-1820.jpg,cmd,3
/content/drive/MyDrive/SKRIPSI/cassava-lora/data/train/cbb/train-cbb-95.jpg,cbb,0
/content/drive/MyDrive/SKRIPSI/cassava-lora/data/train/cmd/train-cmd-206.jpg,cmd,3
/content/drive/MyDrive/SKRIPSI/cassava-lora/data/train/cmd/train-cmd-806.jpg,cmd,3
/content/drive/MyDrive/SKRIPSI/cassava-lora/data/train/cgm/train-cgm-452.jpg,cgm,2
/content/drive/MyDrive/SKRIPSI/cassava-lora/data/train/cbsd/train-cbsd-217.jpg,cbsd,1
/content/drive/MyDrive/SKRIPSI/cassava-lora/data/train/cbb/train-cbb-70.jpg,cbb,0
/content/drive/MyDrive/SKRIPSI/cassava-lora/data/train/cmd/train-cmd-2581.jpg,cmd,3
/content/drive/MyDrive/SKRIPSI/cassava-lora/data/train/cmd/train-cmd-559.jpg,cmd,3
/content/drive/MyDrive/SKRIPSI/cassava-lora/data/train/cmd/train-cmd-1718.jpg,cmd,3
/content/drive/MyDrive/SKRIPSI/cassava-lora/data/train/cgm/train-cgm-102.jpg,cgm,2
/content/drive/MyDrive/SKRIPSI/cassava-lora/data/train/cmd/train-cmd-2332.jpg,cmd,3
/content/drive/MyDrive/SKRIPSI/cassava-lora/data/train/cgm/train-cgm-588.jpg,cgm,2
/content/drive/MyDrive/SKRIPSI/cassava-lora/data/train/cmd/train-cmd-498.jpg,cmd,3
/content/drive/MyDrive/SKRIPSI/cassava-lora/data/train/cgm/train-cgm-754.jpg,cgm,2
/content/drive/MyDrive/SKRIPSI/cassava-lora/data/train/cbsd/train-cbsd-1121.jpg,cbsd,1
/content/drive/MyDrive/SKRIPSI/cassava-lora/data/train/cmd/train-cmd-1386.jpg,cmd,3
/content/drive/MyDrive/SKRIPSI/cassava-lora/data/train/cmd/train-cmd-1318.jpg,cmd,3
/content/drive/MyDrive/SKRIPSI/cassava-lora/data/train/cbb/train-cbb-258.jpg,cbb,0
/content/drive/MyDrive/SKRIPSI/cassava-lora/data/train/cmd/train-cmd-1690.jpg,cmd,3
/content/drive/MyDrive/SKRIPSI/cassava-lora/data/train/cbsd/train-cbsd-215.jpg,cbsd,1
/content/drive/MyDrive/SKRIPSI/cassava-lora/data/train/cmd/train-cmd-607.jpg,cmd,3
/content/drive/MyDrive/SKRIPSI/cassava-lora/data/train/cmd/train-cmd-484.jpg,cmd,3
/content/drive/MyDrive/SKRIPSI/cassava-lora/data/train/cbb/train-cbb-462.jpg,cbb,0
/content/drive/MyDrive/SKRIPSI/cassava-lora/data/train/cgm/train-cgm-344.jpg,cgm,2
/content/drive/MyDrive/SKRIPSI/cassava-lora/data/train/cmd/train-cmd-1794.jpg,cmd,3
/content/drive/MyDrive/SKRIPSI/cassava-lora/data/train/cmd/train-cmd-2470.jpg,cmd,3
/content/drive/MyDrive/SKRIPSI/cassava-lora/data/train/cbsd/train-cbsd-186.jpg,cbsd,1
/content/drive/MyDrive/SKRIPSI/cassava-lora/data/train/cmd/train-cmd-2366.jpg,cmd,3
/content/drive/MyDrive/SKRIPSI/cassava-lora/data/train/cmd/train-cmd-1160.jpg,cmd,3
/content/drive/MyDrive/SKRIPSI/cassava-lora/data/train/cmd/train-cmd-893.jpg,cmd,3
/content/drive/MyDrive/SKRIPSI/cassava-lora/data/train/cmd/train-cmd-582.jpg,cmd,3
/content/drive/MyDrive/SKRIPSI/cassava-lora/data/train/cmd/train-cmd-2393.jpg,cmd,3
/content/drive/MyDrive/SKRIPSI/cassava-lora/data/train/cbsd/train-cbsd-1287.jpg,cbsd,1
/content/drive/MyDrive/SKRIPSI/cassava-lora/data/train/cbb/train-cbb-405.jpg,cbb,0
/content/drive/MyDrive/SKRIPSI/cassava-lora/data/train/cgm/train-cgm-498.jpg,cgm,2
/content/drive/MyDrive/SKRIPSI/cassava-lora/data/train/cbsd/train-cbsd-354.jpg,cbsd,1
/content/drive/MyDrive/SKRIPSI/cassava-lora/data/train/cmd/train-cmd-1712.jpg,cmd,3
/content/drive/MyDrive/SKRIPSI/cassava-lora/data/train/cmd/train-cmd-1475.jpg,cmd,3
/content/drive/MyDrive/SKRIPSI/cassava-lora/data/train/cbsd/train-cbsd-1182.jpg,cbsd,1
/content/drive/MyDrive/SKRIPSI/cassava-lora/data/train/cmd/train-cmd-886.jpg,cmd,3
/content/drive/MyDrive/SKRIPSI/cassava-lora/data/train/cmd/train-cmd-2062.jpg,cmd,3
/content/drive/MyDrive/SKRIPSI/cassava-lora/data/train/cbsd/train-cbsd-1170.jpg,cbsd,1
/content/drive/MyDrive/SKRIPSI/cassava-lora/data/train/cmd/train-cmd-2371.jpg,cmd,3
/content/drive/MyDrive/SKRIPSI/cassava-lora/data/train/cbsd/train-cbsd-942.jpg,cbsd,1
/content/drive/MyDrive/SKRIPSI/cassava-lora/data/train/cmd/train-cmd-789.jpg,cmd,3
/content/drive/MyDrive/SKRIPSI/cassava-lora/data/train/cbsd/train-cbsd-1322.jpg,cbsd,1
/content/drive/MyDrive/SKRIPSI/cassava-lora/data/train/cmd/train-cmd-1030.jpg,cmd,3
/content/drive/MyDrive/SKRIPSI/cassava-lora/data/train/cmd/train-cmd-2090.jpg,cmd,3
/content/drive/MyDrive/SKRIPSI/cassava-lora/data/train/cmd/train-cmd-1831.jpg,cmd,3
/content/drive/MyDrive/SKRIPSI/cassava-lora/data/train/cbsd/train-cbsd-216.jpg,cbsd,1
/content/drive/MyDrive/SKRIPSI/cassava-lora/data/train/cmd/train-cmd-1646.jpg,cmd,3
/content/drive/MyDrive/SKRIPSI/cassava-lora/data/train/cmd/train-cmd-1882.jpg,cmd,3
/content/drive/MyDrive/SKRIPSI/cassava-lora/data/train/cmd/train-cmd-1405.jpg,cmd,3
/content/drive/MyDrive/SKRIPSI/cassava-lora/data/train/cgm/train-cgm-127.jpg,cgm,2
/content/drive/MyDrive/SKRIPSI/cassava-lora/data/train/cbsd/train-cbsd-991.jpg,cbsd,1
/content/drive/MyDrive/SKRIPSI/cassava-lora/data/train/cmd/train-cmd-2336.jpg,cmd,3
/content/drive/MyDrive/SKRIPSI/cassava-lora/data/train/cmd/train-cmd-499.jpg,cmd,3
/content/drive/MyDrive/SKRIPSI/cassava-lora/data/train/cmd/train-cmd-1487.jpg,cmd,3
/content/drive/MyDrive/SKRIPSI/cassava-lora/data/train/cmd/train-cmd-1093.jpg,cmd,3
/content/drive/MyDrive/SKRIPSI/cassava-lora/data/train/cmd/train-cmd-924.jpg,cmd,3
/content/drive/MyDrive/SKRIPSI/cassava-lora/data/train/cbsd/train-cbsd-1393.jpg,cbsd,1
/content/drive/MyDrive/SKRIPSI/cassava-lora/data/train/cmd/train-cmd-2472.jpg,cmd,3
/content/drive/MyDrive/SKRIPSI/cassava-lora/data/train/healthy/train-healthy-242.jpg,healthy,4
/content/drive/MyDrive/SKRIPSI/cassava-lora/data/train/cbsd/train-cbsd-871.jpg,cbsd,1
/content/drive/MyDrive/SKRIPSI/cassava-lora/data/train/cbsd/train-cbsd-142.jpg,cbsd,1
/content/drive/MyDrive/SKRIPSI/cassava-lora/data/train/cmd/train-cmd-119.jpg,cmd,3
/content/drive/MyDrive/SKRIPSI/cassava-lora/data/train/cgm/train-cgm-405.jpg,cgm,2
/content/drive/MyDrive/SKRIPSI/cassava-lora/data/train/cmd/train-cmd-2480.jpg,cmd,3
/content/drive/MyDrive/SKRIPSI/cassava-lora/data/train/cmd/train-cmd-557.jpg,cmd,3
/content/drive/MyDrive/SKRIPSI/cassava-lora/data/train/cbsd/train-cbsd-212.jpg,cbsd,1
/content/drive/MyDrive/SKRIPSI/cassava-lora/data/train/cgm/train-cgm-397.jpg,cgm,2
/content/drive/MyDrive/SKRIPSI/cassava-lora/data/train/cbb/train-cbb-175.jpg,cbb,0
/content/drive/MyDrive/SKRIPSI/cassava-lora/data/train/cmd/train-cmd-1949.jpg,cmd,3
/content/drive/MyDrive/SKRIPSI/cassava-lora/data/train/cmd/train-cmd-1840.jpg,cmd,3
/content/drive/MyDrive/SKRIPSI/cassava-lora/data/train/healthy/train-healthy-50.jpg,healthy,4
/content/drive/MyDrive/SKRIPSI/cassava-lora/data/train/healthy/train-healthy-19.jpg,healthy,4
/content/drive/MyDrive/SKRIPSI/cassava-lora/data/train/cmd/train-cmd-1449.jpg,cmd,3
/content/drive/MyDrive/SKRIPSI/cassava-lora/data/train/cmd/train-cmd-1210.jpg,cmd,3
/content/drive/MyDrive/SKRIPSI/cassava-lora/data/train/cbsd/train-cbsd-761.jpg,cbsd,1
/content/drive/MyDrive/SKRIPSI/cassava-lora/data/train/cmd/train-cmd-2217.jpg,cmd,3
/content/drive/MyDrive/SKRIPSI/cassava-lora/data/train/cmd/train-cmd-2078.jpg,cmd,3
/content/drive/MyDrive/SKRIPSI/cassava-lora/data/train/cbsd/train-cbsd-533.jpg,cbsd,1
/content/drive/MyDrive/SKRIPSI/cassava-lora/data/train/cbb/train-cbb-38.jpg,cbb,0
/content/drive/MyDrive/SKRIPSI/cassava-lora/data/train/cmd/train-cmd-2300.jpg,cmd,3
/content/drive/MyDrive/SKRIPSI/cassava-lora/data/train/cgm/train-cgm-130.jpg,cgm,2
/content/drive/MyDrive/SKRIPSI/cassava-lora/data/train/healthy/train-healthy-257.jpg,healthy,4
/content/drive/MyDrive/SKRIPSI/cassava-lora/data/train/cgm/train-cgm-549.jpg,cgm,2
/content/drive/MyDrive/SKRIPSI/cassava-lora/data/train/healthy/train-healthy-202.jpg,healthy,4
/content/drive/MyDrive/SKRIPSI/cassava-lora/data/train/cbb/train-cbb-247.jpg,cbb,0
/content/drive/MyDrive/SKRIPSI/cassava-lora/data/train/cmd/train-cmd-155.jpg,cmd,3
/content/drive/MyDrive/SKRIPSI/cassava-lora/data/train/cmd/train-cmd-113.jpg,cmd,3
/content/drive/MyDrive/SKRIPSI/cassava-lora/data/train/healthy/train-healthy-268.jpg,healthy,4
/content/drive/MyDrive/SKRIPSI/cassava-lora/data/train/cbsd/train-cbsd-1073.jpg,cbsd,1
/content/drive/MyDrive/SKRIPSI/cassava-lora/data/train/cbsd/train-cbsd-522.jpg,cbsd,1
/content/drive/MyDrive/SKRIPSI/cassava-lora/data/train/cmd/train-cmd-30.jpg,cmd,3
/content/drive/MyDrive/SKRIPSI/cassava-lora/data/train/cmd/train-cmd-1230.jpg,cmd,3
/content/drive/MyDrive/SKRIPSI/cassava-lora/data/train/cgm/train-cgm-6.jpg,cgm,2
/content/drive/MyDrive/SKRIPSI/cassava-lora/data/train/cbsd/train-cbsd-1113.jpg,cbsd,1
/content/drive/MyDrive/SKRIPSI/cassava-lora/data/train/cmd/train-cmd-4.jpg,cmd,3
/content/drive/MyDrive/SKRIPSI/cassava-lora/data/train/cmd/train-cmd-1051.jpg,cmd,3
/content/drive/MyDrive/SKRIPSI/cassava-lora/data/train/cbsd/train-cbsd-1025.jpg,cbsd,1
/content/drive/MyDrive/SKRIPSI/cassava-lora/data/train/cmd/train-cmd-522.jpg,cmd,3
/content/drive/MyDrive/SKRIPSI/cassava-lora/data/train/cmd/train-cmd-1130.jpg,cmd,3
/content/drive/MyDrive/SKRIPSI/cassava-lora/data/train/cbsd/train-cbsd-753.jpg,cbsd,1
/content/drive/MyDrive/SKRIPSI/cassava-lora/data/train/cmd/train-cmd-1771.jpg,cmd,3
/content/drive/MyDrive/SKRIPSI/cassava-lora/data/train/healthy/train-healthy-84.jpg,healthy,4
/content/drive/MyDrive/SKRIPSI/cassava-lora/data/train/cmd/train-cmd-952.jpg,cmd,3
/content/drive/MyDrive/SKRIPSI/cassava-lora/data/train/cmd/train-cmd-2248.jpg,cmd,3
/content/drive/MyDrive/SKRIPSI/cassava-lora/data/train/cbb/train-cbb-326.jpg,cbb,0
/content/drive/MyDrive/SKRIPSI/cassava-lora/data/train/cmd/train-cmd-1656.jpg,cmd,3
/content/drive/MyDrive/SKRIPSI/cassava-lora/data/train/cgm/train-cgm-273.jpg,cgm,2
/content/drive/MyDrive/SKRIPSI/cassava-lora/data/train/cmd/train-cmd-1224.jpg,cmd,3
/content/drive/MyDrive/SKRIPSI/cassava-lora/data/train/cmd/train-cmd-1.jpg,cmd,3
/content/drive/MyDrive/SKRIPSI/cassava-lora/data/train/cmd/train-cmd-1110.jpg,cmd,3
/content/drive/MyDrive/SKRIPSI/cassava-lora/data/train/cbb/train-cbb-86.jpg,cbb,0
/content/drive/MyDrive/SKRIPSI/cassava-lora/data/train/cbsd/train-cbsd-132.jpg,cbsd,1
/content/drive/MyDrive/SKRIPSI/cassava-lora/data/train/cmd/train-cmd-1524.jpg,cmd,3
/content/drive/MyDrive/SKRIPSI/cassava-lora/data/train/cmd/train-cmd-1757.jpg,cmd,3
/content/drive/MyDrive/SKRIPSI/cassava-lora/data/train/cmd/train-cmd-1291.jpg,cmd,3
/content/drive/MyDrive/SKRIPSI/cassava-lora/data/train/healthy/train-healthy-129.jpg,healthy,4
/content/drive/MyDrive/SKRIPSI/cassava-lora/data/train/cbb/train-cbb-40.jpg,cbb,0
/content/drive/MyDrive/SKRIPSI/cassava-lora/data/train/cmd/train-cmd-1463.jpg,cmd,3
/content/drive/MyDrive/SKRIPSI/cassava-lora/data/train/cmd/train-cmd-208.jpg,cmd,3
/content/drive/MyDrive/SKRIPSI/cassava-lora/data/train/cbb/train-cbb-121.jpg,cbb,0
/content/drive/MyDrive/SKRIPSI/cassava-lora/data/train/cbsd/train-cbsd-1165.jpg,cbsd,1
/content/drive/MyDrive/SKRIPSI/cassava-lora/data/train/cbsd/train-cbsd-512.jpg,cbsd,1
/content/drive/MyDrive/SKRIPSI/cassava-lora/data/train/cmd/train-cmd-1600.jpg,cmd,3
/content/drive/MyDrive/SKRIPSI/cassava-lora/data/train/healthy/train-healthy-66.jpg,healthy,4
/content/drive/MyDrive/SKRIPSI/cassava-lora/data/train/cbb/train-cbb-113.jpg,cbb,0
/content/drive/MyDrive/SKRIPSI/cassava-lora/data/train/cgm/train-cgm-644.jpg,cgm,2
/content/drive/MyDrive/SKRIPSI/cassava-lora/data/train/cmd/train-cmd-595.jpg,cmd,3
/content/drive/MyDrive/SKRIPSI/cassava-lora/data/train/cmd/train-cmd-1688.jpg,cmd,3
/content/drive/MyDrive/SKRIPSI/cassava-lora/data/train/healthy/train-healthy-265.jpg,healthy,4
/content/drive/MyDrive/SKRIPSI/cassava-lora/data/train/cbsd/train-cbsd-1276.jpg,cbsd,1
/content/drive/MyDrive/SKRIPSI/cassava-lora/data/train/cmd/train-cmd-587.jpg,cmd,3
/content/drive/MyDrive/SKRIPSI/cassava-lora/data/train/cgm/train-cgm-360.jpg,cgm,2
/content/drive/MyDrive/SKRIPSI/cassava-lora/data/train/cmd/train-cmd-1317.jpg,cmd,3
/content/drive/MyDrive/SKRIPSI/cassava-lora/data/train/cgm/train-cgm-746.jpg,cgm,2
/content/drive/MyDrive/SKRIPSI/cassava-lora/data/train/cmd/train-cmd-2407.jpg,cmd,3
/content/drive/MyDrive/SKRIPSI/cassava-lora/data/train/cmd/train-cmd-1734.jpg,cmd,3
/content/drive/MyDrive/SKRIPSI/cassava-lora/data/train/cmd/train-cmd-2377.jpg,cmd,3
/content/drive/MyDrive/SKRIPSI/cassava-lora/data/train/cbsd/train-cbsd-168.jpg,cbsd,1
/content/drive/MyDrive/SKRIPSI/cassava-lora/data/train/cbb/train-cbb-14.jpg,cbb,0
/content/drive/MyDrive/SKRIPSI/cassava-lora/data/train/cmd/train-cmd-463.jpg,cmd,3
/content/drive/MyDrive/SKRIPSI/cassava-lora/data/train/cbsd/train-cbsd-972.jpg,cbsd,1
/content/drive/MyDrive/SKRIPSI/cassava-lora/data/train/cmd/train-cmd-1627.jpg,cmd,3
/content/drive/MyDrive/SKRIPSI/cassava-lora/data/train/cbb/train-cbb-192.jpg,cbb,0
/content/drive/MyDrive/SKRIPSI/cassava-lora/data/train/cmd/train-cmd-1106.jpg,cmd,3
/content/drive/MyDrive/SKRIPSI/cassava-lora/data/train/cgm/train-cgm-331.jpg,cgm,2
/content/drive/MyDrive/SKRIPSI/cassava-lora/data/train/cmd/train-cmd-2359.jpg,cmd,3
/content/drive/MyDrive/SKRIPSI/cassava-lora/data/train/cbsd/train-cbsd-824.jpg,cbsd,1
/content/drive/MyDrive/SKRIPSI/cassava-lora/data/train/cbsd/train-cbsd-1259.jpg,cbsd,1
/content/drive/MyDrive/SKRIPSI/cassava-lora/data/train/cmd/train-cmd-2593.jpg,cmd,3
/content/drive/MyDrive/SKRIPSI/cassava-lora/data/train/cmd/train-cmd-2140.jpg,cmd,3
/content/drive/MyDrive/SKRIPSI/cassava-lora/data/train/cmd/train-cmd-2423.jpg,cmd,3
/content/drive/MyDrive/SKRIPSI/cassava-lora/data/train/cbb/train-cbb-351.jpg,cbb,0
/content/drive/MyDrive/SKRIPSI/cassava-lora/data/train/cbsd/train-cbsd-421.jpg,cbsd,1
/content/drive/MyDrive/SKRIPSI/cassava-lora/data/train/cgm/train-cgm-53.jpg,cgm,2
/content/drive/MyDrive/SKRIPSI/cassava-lora/data/train/cmd/train-cmd-1806.jpg,cmd,3
/content/drive/MyDrive/SKRIPSI/cassava-lora/data/train/cbb/train-cbb-148.jpg,cbb,0
/content/drive/MyDrive/SKRIPSI/cassava-lora/data/train/cmd/train-cmd-1713.jpg,cmd,3
/content/drive/MyDrive/SKRIPSI/cassava-lora/data/train/cmd/train-cmd-41.jpg,cmd,3
/content/drive/MyDrive/SKRIPSI/cassava-lora/data/train/cgm/train-cgm-454.jpg,cgm,2
/content/drive/MyDrive/SKRIPSI/cassava-lora/data/train/cgm/train-cgm-336.jpg,cgm,2
/content/drive/MyDrive/SKRIPSI/cassava-lora/data/train/cmd/train-cmd-2149.jpg,cmd,3
/content/drive/MyDrive/SKRIPSI/cassava-lora/data/train/cbsd/train-cbsd-348.jpg,cbsd,1
/content/drive/MyDrive/SKRIPSI/cassava-lora/data/train/cmd/train-cmd-475.jpg,cmd,3
/content/drive/MyDrive/SKRIPSI/cassava-lora/data/train/cmd/train-cmd-100.jpg,cmd,3
/content/drive/MyDrive/SKRIPSI/cassava-lora/data/train/cbsd/train-cbsd-221.jpg,cbsd,1
/content/drive/MyDrive/SKRIPSI/cassava-lora/data/train/cmd/train-cmd-1022.jpg,cmd,3
/content/drive/MyDrive/SKRIPSI/cassava-lora/data/train/cmd/train-cmd-756.jpg,cmd,3
/content/drive/MyDrive/SKRIPSI/cassava-lora/data/train/cbsd/train-cbsd-1441.jpg,cbsd,1
/content/drive/MyDrive/SKRIPSI/cassava-lora/data/train/cmd/train-cmd-1445.jpg,cmd,3
/content/drive/MyDrive/SKRIPSI/cassava-lora/data/train/cbsd/train-cbsd-937.jpg,cbsd,1
/content/drive/MyDrive/SKRIPSI/cassava-lora/data/train/cmd/train-cmd-1708.jpg,cmd,3
/content/drive/MyDrive/SKRIPSI/cassava-lora/data/train/healthy/train-healthy-7.jpg,healthy,4
/content/drive/MyDrive/SKRIPSI/cassava-lora/data/train/cbb/train-cbb-323.jpg,cbb,0
/content/drive/MyDrive/SKRIPSI/cassava-lora/data/train/cbsd/train-cbsd-1068.jpg,cbsd,1
/content/drive/MyDrive/SKRIPSI/cassava-lora/data/train/cmd/train-cmd-2175.jpg,cmd,3
/content/drive/MyDrive/SKRIPSI/cassava-lora/data/train/cmd/train-cmd-875.jpg,cmd,3
/content/drive/MyDrive/SKRIPSI/cassava-lora/data/train/cmd/train-cmd-308.jpg,cmd,3
/content/drive/MyDrive/SKRIPSI/cassava-lora/data/train/cgm/train-cgm-63.jpg,cgm,2
/content/drive/MyDrive/SKRIPSI/cassava-lora/data/train/cmd/train-cmd-2262.jpg,cmd,3
/content/drive/MyDrive/SKRIPSI/cassava-lora/data/train/cgm/train-cgm-634.jpg,cgm,2
/content/drive/MyDrive/SKRIPSI/cassava-lora/data/train/cbsd/train-cbsd-469.jpg,cbsd,1
/content/drive/MyDrive/SKRIPSI/cassava-lora/data/train/cmd/train-cmd-613.jpg,cmd,3
/content/drive/MyDrive/SKRIPSI/cassava-lora/data/train/cbsd/train-cbsd-1218.jpg,cbsd,1
/content/drive/MyDrive/SKRIPSI/cassava-lora/data/train/cmd/train-cmd-2433.jpg,cmd,3
/content/drive/MyDrive/SKRIPSI/cassava-lora/data/train/cmd/train-cmd-627.jpg,cmd,3
/content/drive/MyDrive/SKRIPSI/cassava-lora/data/train/cmd/train-cmd-1090.jpg,cmd,3
/content/drive/MyDrive/SKRIPSI/cassava-lora/data/train/cbsd/train-cbsd-124.jpg,cbsd,1
/content/drive/MyDrive/SKRIPSI/cassava-lora/data/train/cgm/train-cgm-711.jpg,cgm,2
/content/drive/MyDrive/SKRIPSI/cassava-lora/data/train/cmd/train-cmd-757.jpg,cmd,3
/content/drive/MyDrive/SKRIPSI/cassava-lora/data/train/cmd/train-cmd-776.jpg,cmd,3
/content/drive/MyDrive/SKRIPSI/cassava-lora/data/train/cgm/train-cgm-518.jpg,cgm,2
/content/drive/MyDrive/SKRIPSI/cassava-lora/data/train/cmd/train-cmd-599.jpg,cmd,3
/content/drive/MyDrive/SKRIPSI/cassava-lora/data/train/cbsd/train-cbsd-294.jpg,cbsd,1
/content/drive/MyDrive/SKRIPSI/cassava-lora/data/train/cbsd/train-cbsd-943.jpg,cbsd,1
/content/drive/MyDrive/SKRIPSI/cassava-lora/data/train/cmd/train-cmd-962.jpg,cmd,3
/content/drive/MyDrive/SKRIPSI/cassava-lora/data/train/cmd/train-cmd-1996.jpg,cmd,3
/content/drive/MyDrive/SKRIPSI/cassava-lora/data/train/cmd/train-cmd-2351.jpg,cmd,3
/content/drive/MyDrive/SKRIPSI/cassava-lora/data/train/cmd/train-cmd-1314.jpg,cmd,3
/content/drive/MyDrive/SKRIPSI/cassava-lora/data/train/cmd/train-cmd-1655.jpg,cmd,3
/content/drive/MyDrive/SKRIPSI/cassava-lora/data/train/cbsd/train-cbsd-1359.jpg,cbsd,1
/content/drive/MyDrive/SKRIPSI/cassava-lora/data/train/cbsd/train-cbsd-566.jpg,cbsd,1
/content/drive/MyDrive/SKRIPSI/cassava-lora/data/train/cbsd/train-cbsd-59.jpg,cbsd,1
/content/drive/MyDrive/SKRIPSI/cassava-lora/data/train/cmd/train-cmd-194.jpg,cmd,3
/content/drive/MyDrive/SKRIPSI/cassava-lora/data/train/cgm/train-cgm-395.jpg,cgm,2
/content/drive/MyDrive/SKRIPSI/cassava-lora/data/train/cmd/train-cmd-1018.jpg,cmd,3
/content/drive/MyDrive/SKRIPSI/cassava-lora/data/train/cgm/train-cgm-177.jpg,cgm,2
/content/drive/MyDrive/SKRIPSI/cassava-lora/data/train/healthy/train-healthy-183.jpg,healthy,4
/content/drive/MyDrive/SKRIPSI/cassava-lora/data/train/cmd/train-cmd-1619.jpg,cmd,3
/content/drive/MyDrive/SKRIPSI/cassava-lora/data/train/cmd/train-cmd-1541.jpg,cmd,3
/content/drive/MyDrive/SKRIPSI/cassava-lora/data/train/cbb/train-cbb-184.jpg,cbb,0
/content/drive/MyDrive/SKRIPSI/cassava-lora/data/train/cmd/train-cmd-717.jpg,cmd,3
/content/drive/MyDrive/SKRIPSI/cassava-lora/data/train/cbb/train-cbb-34.jpg,cbb,0
/content/drive/MyDrive/SKRIPSI/cassava-lora/data/train/cgm/train-cgm-85.jpg,cgm,2
/content/drive/MyDrive/SKRIPSI/cassava-lora/data/train/healthy/train-healthy-240.jpg,healthy,4
/content/drive/MyDrive/SKRIPSI/cassava-lora/data/train/cmd/train-cmd-2458.jpg,cmd,3
/content/drive/MyDrive/SKRIPSI/cassava-lora/data/train/cbb/train-cbb-93.jpg,cbb,0
/content/drive/MyDrive/SKRIPSI/cassava-lora/data/train/cbsd/train-cbsd-834.jpg,cbsd,1
/content/drive/MyDrive/SKRIPSI/cassava-lora/data/train/cmd/train-cmd-162.jpg,cmd,3
/content/drive/MyDrive/SKRIPSI/cassava-lora/data/train/healthy/train-healthy-173.jpg,healthy,4
/content/drive/MyDrive/SKRIPSI/cassava-lora/data/train/cbb/train-cbb-399.jpg,cbb,0
/content/drive/MyDrive/SKRIPSI/cassava-lora/data/train/cbsd/train-cbsd-704.jpg,cbsd,1
/content/drive/MyDrive/SKRIPSI/cassava-lora/data/train/cmd/train-cmd-1814.jpg,cmd,3
/content/drive/MyDrive/SKRIPSI/cassava-lora/data/train/cmd/train-cmd-2459.jpg,cmd,3
/content/drive/MyDrive/SKRIPSI/cassava-lora/data/train/cmd/train-cmd-1521.jpg,cmd,3
/content/drive/MyDrive/SKRIPSI/cassava-lora/data/train/cbb/train-cbb-251.jpg,cbb,0
/content/drive/MyDrive/SKRIPSI/cassava-lora/data/train/cmd/train-cmd-1973.jpg,cmd,3
/content/drive/MyDrive/SKRIPSI/cassava-lora/data/train/cmd/train-cmd-856.jpg,cmd,3
/content/drive/MyDrive/SKRIPSI/cassava-lora/data/train/cgm/train-cgm-317.jpg,cgm,2
/content/drive/MyDrive/SKRIPSI/cassava-lora/data/train/cmd/train-cmd-48.jpg,cmd,3
/content/drive/MyDrive/SKRIPSI/cassava-lora/data/train/cbsd/train-cbsd-600.jpg,cbsd,1
/content/drive/MyDrive/SKRIPSI/cassava-lora/data/train/cmd/train-cmd-2025.jpg,cmd,3
/content/drive/MyDrive/SKRIPSI/cassava-lora/data/train/cmd/train-cmd-2560.jpg,cmd,3
/content/drive/MyDrive/SKRIPSI/cassava-lora/data/train/cbsd/train-cbsd-771.jpg,cbsd,1
/content/drive/MyDrive/SKRIPSI/cassava-lora/data/train/cmd/train-cmd-1453.jpg,cmd,3
/content/drive/MyDrive/SKRIPSI/cassava-lora/data/train/cbsd/train-cbsd-1149.jpg,cbsd,1
/content/drive/MyDrive/SKRIPSI/cassava-lora/data/train/cbb/train-cbb-17.jpg,cbb,0
/content/drive/MyDrive/SKRIPSI/cassava-lora/data/train/cmd/train-cmd-161.jpg,cmd,3
/content/drive/MyDrive/SKRIPSI/cassava-lora/data/train/healthy/train-healthy-260.jpg,healthy,4
/content/drive/MyDrive/SKRIPSI/cassava-lora/data/train/cmd/train-cmd-945.jpg,cmd,3
/content/drive/MyDrive/SKRIPSI/cassava-lora/data/train/cgm/train-cgm-364.jpg,cgm,2
/content/drive/MyDrive/SKRIPSI/cassava-lora/data/train/cmd/train-cmd-1808.jpg,cmd,3
/content/drive/MyDrive/SKRIPSI/cassava-lora/data/train/cgm/train-cgm-767.jpg,cgm,2
/content/drive/MyDrive/SKRIPSI/cassava-lora/data/train/cbsd/train-cbsd-1008.jpg,cbsd,1
/content/drive/MyDrive/SKRIPSI/cassava-lora/data/train/cbsd/train-cbsd-948.jpg,cbsd,1
/content/drive/MyDrive/SKRIPSI/cassava-lora/data/train/healthy/train-healthy-234.jpg,healthy,4
/content/drive/MyDrive/SKRIPSI/cassava-lora/data/train/cgm/train-cgm-44.jpg,cgm,2
/content/drive/MyDrive/SKRIPSI/cassava-lora/data/train/cbsd/train-cbsd-1371.jpg,cbsd,1
/content/drive/MyDrive/SKRIPSI/cassava-lora/data/train/healthy/train-healthy-61.jpg,healthy,4
/content/drive/MyDrive/SKRIPSI/cassava-lora/data/train/cmd/train-cmd-2154.jpg,cmd,3
/content/drive/MyDrive/SKRIPSI/cassava-lora/data/train/cbsd/train-cbsd-1435.jpg,cbsd,1
/content/drive/MyDrive/SKRIPSI/cassava-lora/data/train/cgm/train-cgm-461.jpg,cgm,2
/content/drive/MyDrive/SKRIPSI/cassava-lora/data/train/cmd/train-cmd-912.jpg,cmd,3
/content/drive/MyDrive/SKRIPSI/cassava-lora/data/train/healthy/train-healthy-192.jpg,healthy,4
/content/drive/MyDrive/SKRIPSI/cassava-lora/data/train/cmd/train-cmd-1276.jpg,cmd,3
/content/drive/MyDrive/SKRIPSI/cassava-lora/data/train/cmd/train-cmd-2331.jpg,cmd,3
/content/drive/MyDrive/SKRIPSI/cassava-lora/data/train/cmd/train-cmd-621.jpg,cmd,3
/content/drive/MyDrive/SKRIPSI/cassava-lora/data/train/cmd/train-cmd-2290.jpg,cmd,3
/content/drive/MyDrive/SKRIPSI/cassava-lora/data/train/cmd/train-cmd-2109.jpg,cmd,3
/content/drive/MyDrive/SKRIPSI/cassava-lora/data/train/cmd/train-cmd-1738.jpg,cmd,3
/content/drive/MyDrive/SKRIPSI/cassava-lora/data/train/cbsd/train-cbsd-483.jpg,cbsd,1
/content/drive/MyDrive/SKRIPSI/cassava-lora/data/train/cbsd/train-cbsd-579.jpg,cbsd,1
/content/drive/MyDrive/SKRIPSI/cassava-lora/data/train/cbsd/train-cbsd-1427.jpg,cbsd,1
/content/drive/MyDrive/SKRIPSI/cassava-lora/data/train/cbsd/train-cbsd-1390.jpg,cbsd,1
/content/drive/MyDrive/SKRIPSI/cassava-lora/data/train/cbsd/train-cbsd-64.jpg,cbsd,1
/content/drive/MyDrive/SKRIPSI/cassava-lora/data/train/cbsd/train-cbsd-455.jpg,cbsd,1
/content/drive/MyDrive/SKRIPSI/cassava-lora/data/train/cmd/train-cmd-1907.jpg,cmd,3
/content/drive/MyDrive/SKRIPSI/cassava-lora/data/train/cbsd/train-cbsd-739.jpg,cbsd,1
/content/drive/MyDrive/SKRIPSI/cassava-lora/data/train/cmd/train-cmd-760.jpg,cmd,3
/content/drive/MyDrive/SKRIPSI/cassava-lora/data/train/cbsd/train-cbsd-69.jpg,cbsd,1
/content/drive/MyDrive/SKRIPSI/cassava-lora/data/train/cbsd/train-cbsd-451.jpg,cbsd,1
/content/drive/MyDrive/SKRIPSI/cassava-lora/data/train/cmd/train-cmd-1370.jpg,cmd,3
/content/drive/MyDrive/SKRIPSI/cassava-lora/data/train/cmd/train-cmd-1404.jpg,cmd,3
/content/drive/MyDrive/SKRIPSI/cassava-lora/data/train/cbb/train-cbb-333.jpg,cbb,0
/content/drive/MyDrive/SKRIPSI/cassava-lora/data/train/cmd/train-cmd-1079.jpg,cmd,3
/content/drive/MyDrive/SKRIPSI/cassava-lora/data/train/cbb/train-cbb-330.jpg,cbb,0
/content/drive/MyDrive/SKRIPSI/cassava-lora/data/train/cmd/train-cmd-1191.jpg,cmd,3
/content/drive/MyDrive/SKRIPSI/cassava-lora/data/train/cbsd/train-cbsd-1066.jpg,cbsd,1
/content/drive/MyDrive/SKRIPSI/cassava-lora/data/train/cmd/train-cmd-1598.jpg,cmd,3
/content/drive/MyDrive/SKRIPSI/cassava-lora/data/train/cmd/train-cmd-2554.jpg,cmd,3
/content/drive/MyDrive/SKRIPSI/cassava-lora/data/train/cmd/train-cmd-718.jpg,cmd,3
/content/drive/MyDrive/SKRIPSI/cassava-lora/data/train/cmd/train-cmd-1636.jpg,cmd,3
/content/drive/MyDrive/SKRIPSI/cassava-lora/data/train/cbsd/train-cbsd-831.jpg,cbsd,1
/content/drive/MyDrive/SKRIPSI/cassava-lora/data/train/cmd/train-cmd-1577.jpg,cmd,3
/content/drive/MyDrive/SKRIPSI/cassava-lora/data/train/cgm/train-cgm-278.jpg,cgm,2
/content/drive/MyDrive/SKRIPSI/cassava-lora/data/train/cmd/train-cmd-667.jpg,cmd,3
/content/drive/MyDrive/SKRIPSI/cassava-lora/data/train/cmd/train-cmd-509.jpg,cmd,3
/content/drive/MyDrive/SKRIPSI/cassava-lora/data/train/cgm/train-cgm-219.jpg,cgm,2
/content/drive/MyDrive/SKRIPSI/cassava-lora/data/train/cmd/train-cmd-2038.jpg,cmd,3
/content/drive/MyDrive/SKRIPSI/cassava-lora/data/train/cmd/train-cmd-2153.jpg,cmd,3
/content/drive/MyDrive/SKRIPSI/cassava-lora/data/train/cgm/train-cgm-649.jpg,cgm,2
/content/drive/MyDrive/SKRIPSI/cassava-lora/data/train/cgm/train-cgm-337.jpg,cgm,2
/content/drive/MyDrive/SKRIPSI/cassava-lora/data/train/cbsd/train-cbsd-923.jpg,cbsd,1
/content/drive/MyDrive/SKRIPSI/cassava-lora/data/train/cmd/train-cmd-2344.jpg,cmd,3
/content/drive/MyDrive/SKRIPSI/cassava-lora/data/train/cgm/train-cgm-139.jpg,cgm,2
/content/drive/MyDrive/SKRIPSI/cassava-lora/data/train/cbsd/train-cbsd-1429.jpg,cbsd,1
/content/drive/MyDrive/SKRIPSI/cassava-lora/data/train/cmd/train-cmd-2632.jpg,cmd,3
/content/drive/MyDrive/SKRIPSI/cassava-lora/data/train/cbb/train-cbb-50.jpg,cbb,0
/content/drive/MyDrive/SKRIPSI/cassava-lora/data/train/cmd/train-cmd-1082.jpg,cmd,3
/content/drive/MyDrive/SKRIPSI/cassava-lora/data/train/cgm/train-cgm-766.jpg,cgm,2
/content/drive/MyDrive/SKRIPSI/cassava-lora/data/train/cmd/train-cmd-1163.jpg,cmd,3
/content/drive/MyDrive/SKRIPSI/cassava-lora/data/train/cbsd/train-cbsd-1190.jpg,cbsd,1
/content/drive/MyDrive/SKRIPSI/cassava-lora/data/train/cbsd/train-cbsd-1273.jpg,cbsd,1
/content/drive/MyDrive/SKRIPSI/cassava-lora/data/train/cmd/train-cmd-1751.jpg,cmd,3
/content/drive/MyDrive/SKRIPSI/cassava-lora/data/train/cmd/train-cmd-1031.jpg,cmd,3
/content/drive/MyDrive/SKRIPSI/cassava-lora/data/train/cmd/train-cmd-102.jpg,cmd,3
/content/drive/MyDrive/SKRIPSI/cassava-lora/data/train/cbsd/train-cbsd-903.jpg,cbsd,1
/content/drive/MyDrive/SKRIPSI/cassava-lora/data/train/cmd/train-cmd-1311.jpg,cmd,3
/content/drive/MyDrive/SKRIPSI/cassava-lora/data/train/cgm/train-cgm-574.jpg,cgm,2
/content/drive/MyDrive/SKRIPSI/cassava-lora/data/train/cgm/train-cgm-577.jpg,cgm,2
/content/drive/MyDrive/SKRIPSI/cassava-lora/data/train/cmd/train-cmd-1585.jpg,cmd,3
/content/drive/MyDrive/SKRIPSI/cassava-lora/data/train/cmd/train-cmd-520.jpg,cmd,3
/content/drive/MyDrive/SKRIPSI/cassava-lora/data/train/cbsd/train-cbsd-518.jpg,cbsd,1
/content/drive/MyDrive/SKRIPSI/cassava-lora/data/train/cmd/train-cmd-2077.jpg,cmd,3
/content/drive/MyDrive/SKRIPSI/cassava-lora/data/train/cmd/train-cmd-1131.jpg,cmd,3
/content/drive/MyDrive/SKRIPSI/cassava-lora/data/train/cbsd/train-cbsd-336.jpg,cbsd,1
/content/drive/MyDrive/SKRIPSI/cassava-lora/data/train/cbsd/train-cbsd-1175.jpg,cbsd,1
/content/drive/MyDrive/SKRIPSI/cassava-lora/data/train/cbsd/train-cbsd-1296.jpg,cbsd,1
/content/drive/MyDrive/SKRIPSI/cassava-lora/data/train/cmd/train-cmd-1202.jpg,cmd,3
/content/drive/MyDrive/SKRIPSI/cassava-lora/data/train/cbsd/train-cbsd-807.jpg,cbsd,1
/content/drive/MyDrive/SKRIPSI/cassava-lora/data/train/cmd/train-cmd-871.jpg,cmd,3
/content/drive/MyDrive/SKRIPSI/cassava-lora/data/train/cmd/train-cmd-461.jpg,cmd,3
/content/drive/MyDrive/SKRIPSI/cassava-lora/data/train/cbsd/train-cbsd-1210.jpg,cbsd,1
/content/drive/MyDrive/SKRIPSI/cassava-lora/data/train/cmd/train-cmd-2206.jpg,cmd,3
/content/drive/MyDrive/SKRIPSI/cassava-lora/data/train/cmd/train-cmd-2193.jpg,cmd,3
/content/drive/MyDrive/SKRIPSI/cassava-lora/data/train/healthy/train-healthy-311.jpg,healthy,4
/content/drive/MyDrive/SKRIPSI/cassava-lora/data/train/cgm/train-cgm-94.jpg,cgm,2
/content/drive/MyDrive/SKRIPSI/cassava-lora/data/train/cmd/train-cmd-2127.jpg,cmd,3
/content/drive/MyDrive/SKRIPSI/cassava-lora/data/train/cbsd/train-cbsd-1115.jpg,cbsd,1
/content/drive/MyDrive/SKRIPSI/cassava-lora/data/train/cmd/train-cmd-9.jpg,cmd,3
/content/drive/MyDrive/SKRIPSI/cassava-lora/data/train/cbsd/train-cbsd-1437.jpg,cbsd,1
/content/drive/MyDrive/SKRIPSI/cassava-lora/data/train/cbsd/train-cbsd-1327.jpg,cbsd,1
/content/drive/MyDrive/SKRIPSI/cassava-lora/data/train/cmd/train-cmd-491.jpg,cmd,3
/content/drive/MyDrive/SKRIPSI/cassava-lora/data/train/cmd/train-cmd-1733.jpg,cmd,3
/content/drive/MyDrive/SKRIPSI/cassava-lora/data/train/cmd/train-cmd-2515.jpg,cmd,3
/content/drive/MyDrive/SKRIPSI/cassava-lora/data/train/cmd/train-cmd-136.jpg,cmd,3
/content/drive/MyDrive/SKRIPSI/cassava-lora/data/train/cbsd/train-cbsd-790.jpg,cbsd,1
/content/drive/MyDrive/SKRIPSI/cassava-lora/data/train/cbsd/train-cbsd-818.jpg,cbsd,1
/content/drive/MyDrive/SKRIPSI/cassava-lora/data/train/cmd/train-cmd-219.jpg,cmd,3
/content/drive/MyDrive/SKRIPSI/cassava-lora/data/train/cmd/train-cmd-470.jpg,cmd,3
/content/drive/MyDrive/SKRIPSI/cassava-lora/data/train/cbsd/train-cbsd-1172.jpg,cbsd,1
/content/drive/MyDrive/SKRIPSI/cassava-lora/data/train/cbsd/train-cbsd-133.jpg,cbsd,1
/content/drive/MyDrive/SKRIPSI/cassava-lora/data/train/cmd/train-cmd-988.jpg,cmd,3
/content/drive/MyDrive/SKRIPSI/cassava-lora/data/train/cgm/train-cgm-207.jpg,cgm,2
/content/drive/MyDrive/SKRIPSI/cassava-lora/data/train/cmd/train-cmd-2091.jpg,cmd,3
/content/drive/MyDrive/SKRIPSI/cassava-lora/data/train/cgm/train-cgm-188.jpg,cgm,2
/content/drive/MyDrive/SKRIPSI/cassava-lora/data/train/cbsd/train-cbsd-883.jpg,cbsd,1
/content/drive/MyDrive/SKRIPSI/cassava-lora/data/train/cbsd/train-cbsd-1111.jpg,cbsd,1
/content/drive/MyDrive/SKRIPSI/cassava-lora/data/train/cmd/train-cmd-870.jpg,cmd,3
/content/drive/MyDrive/SKRIPSI/cassava-lora/data/train/cbsd/train-cbsd-709.jpg,cbsd,1
/content/drive/MyDrive/SKRIPSI/cassava-lora/data/train/cmd/train-cmd-1440.jpg,cmd,3
/content/drive/MyDrive/SKRIPSI/cassava-lora/data/train/cmd/train-cmd-411.jpg,cmd,3
/content/drive/MyDrive/SKRIPSI/cassava-lora/data/train/cgm/train-cgm-622.jpg,cgm,2
/content/drive/MyDrive/SKRIPSI/cassava-lora/data/train/cbb/train-cbb-57.jpg,cbb,0
/content/drive/MyDrive/SKRIPSI/cassava-lora/data/train/cbsd/train-cbsd-402.jpg,cbsd,1
/content/drive/MyDrive/SKRIPSI/cassava-lora/data/train/cmd/train-cmd-782.jpg,cmd,3
/content/drive/MyDrive/SKRIPSI/cassava-lora/data/train/cmd/train-cmd-2454.jpg,cmd,3
/content/drive/MyDrive/SKRIPSI/cassava-lora/data/train/cbsd/train-cbsd-1144.jpg,cbsd,1
/content/drive/MyDrive/SKRIPSI/cassava-lora/data/train/cbb/train-cbb-103.jpg,cbb,0
/content/drive/MyDrive/SKRIPSI/cassava-lora/data/train/cmd/train-cmd-1385.jpg,cmd,3
/content/drive/MyDrive/SKRIPSI/cassava-lora/data/train/cbb/train-cbb-295.jpg,cbb,0
/content/drive/MyDrive/SKRIPSI/cassava-lora/data/train/cmd/train-cmd-1584.jpg,cmd,3
/content/drive/MyDrive/SKRIPSI/cassava-lora/data/train/cbsd/train-cbsd-1188.jpg,cbsd,1
/content/drive/MyDrive/SKRIPSI/cassava-lora/data/train/cgm/train-cgm-225.jpg,cgm,2
/content/drive/MyDrive/SKRIPSI/cassava-lora/data/train/cmd/train-cmd-452.jpg,cmd,3
/content/drive/MyDrive/SKRIPSI/cassava-lora/data/train/cbsd/train-cbsd-356.jpg,cbsd,1
/content/drive/MyDrive/SKRIPSI/cassava-lora/data/train/cbb/train-cbb-201.jpg,cbb,0
/content/drive/MyDrive/SKRIPSI/cassava-lora/data/train/cgm/train-cgm-339.jpg,cgm,2
/content/drive/MyDrive/SKRIPSI/cassava-lora/data/train/cmd/train-cmd-1351.jpg,cmd,3
/content/drive/MyDrive/SKRIPSI/cassava-lora/data/train/cmd/train-cmd-1299.jpg,cmd,3
/content/drive/MyDrive/SKRIPSI/cassava-lora/data/train/cbsd/train-cbsd-464.jpg,cbsd,1
/content/drive/MyDrive/SKRIPSI/cassava-lora/data/train/cbb/train-cbb-432.jpg,cbb,0
/content/drive/MyDrive/SKRIPSI/cassava-lora/data/train/cbb/train-cbb-443.jpg,cbb,0
/content/drive/MyDrive/SKRIPSI/cassava-lora/data/train/cmd/train-cmd-2542.jpg,cmd,3
/content/drive/MyDrive/SKRIPSI/cassava-lora/data/train/cmd/train-cmd-1955.jpg,cmd,3
/content/drive/MyDrive/SKRIPSI/cassava-lora/data/train/cgm/train-cgm-601.jpg,cgm,2
/content/drive/MyDrive/SKRIPSI/cassava-lora/data/train/cmd/train-cmd-144.jpg,cmd,3
/content/drive/MyDrive/SKRIPSI/cassava-lora/data/train/cgm/train-cgm-429.jpg,cgm,2
/content/drive/MyDrive/SKRIPSI/cassava-lora/data/train/cbsd/train-cbsd-693.jpg,cbsd,1
/content/drive/MyDrive/SKRIPSI/cassava-lora/data/train/cbb/train-cbb-298.jpg,cbb,0
/content/drive/MyDrive/SKRIPSI/cassava-lora/data/train/cmd/train-cmd-2555.jpg,cmd,3
/content/drive/MyDrive/SKRIPSI/cassava-lora/data/train/cmd/train-cmd-838.jpg,cmd,3
/content/drive/MyDrive/SKRIPSI/cassava-lora/data/train/cmd/train-cmd-1214.jpg,cmd,3
/content/drive/MyDrive/SKRIPSI/cassava-lora/data/train/cbb/train-cbb-263.jpg,cbb,0
/content/drive/MyDrive/SKRIPSI/cassava-lora/data/train/cmd/train-cmd-1607.jpg,cmd,3
/content/drive/MyDrive/SKRIPSI/cassava-lora/data/train/cgm/train-cgm-618.jpg,cgm,2
/content/drive/MyDrive/SKRIPSI/cassava-lora/data/train/cmd/train-cmd-422.jpg,cmd,3
/content/drive/MyDrive/SKRIPSI/cassava-lora/data/train/cgm/train-cgm-27.jpg,cgm,2
/content/drive/MyDrive/SKRIPSI/cassava-lora/data/train/cbsd/train-cbsd-1096.jpg,cbsd,1
/content/drive/MyDrive/SKRIPSI/cassava-lora/data/train/cbb/train-cbb-88.jpg,cbb,0
/content/drive/MyDrive/SKRIPSI/cassava-lora/data/train/cmd/train-cmd-1915.jpg,cmd,3
/content/drive/MyDrive/SKRIPSI/cassava-lora/data/train/cbsd/train-cbsd-1351.jpg,cbsd,1
/content/drive/MyDrive/SKRIPSI/cassava-lora/data/train/cmd/train-cmd-1825.jpg,cmd,3
/content/drive/MyDrive/SKRIPSI/cassava-lora/data/train/cmd/train-cmd-783.jpg,cmd,3
/content/drive/MyDrive/SKRIPSI/cassava-lora/data/train/healthy/train-healthy-80.jpg,healthy,4
/content/drive/MyDrive/SKRIPSI/cassava-lora/data/train/cmd/train-cmd-1201.jpg,cmd,3
/content/drive/MyDrive/SKRIPSI/cassava-lora/data/train/cbsd/train-cbsd-82.jpg,cbsd,1
/content/drive/MyDrive/SKRIPSI/cassava-lora/data/train/healthy/train-healthy-105.jpg,healthy,4
/content/drive/MyDrive/SKRIPSI/cassava-lora/data/train/cgm/train-cgm-148.jpg,cgm,2
/content/drive/MyDrive/SKRIPSI/cassava-lora/data/train/cmd/train-cmd-1146.jpg,cmd,3
/content/drive/MyDrive/SKRIPSI/cassava-lora/data/train/cbsd/train-cbsd-1040.jpg,cbsd,1
/content/drive/MyDrive/SKRIPSI/cassava-lora/data/train/cmd/train-cmd-1437.jpg,cmd,3
/content/drive/MyDrive/SKRIPSI/cassava-lora/data/train/cmd/train-cmd-1247.jpg,cmd,3
/content/drive/MyDrive/SKRIPSI/cassava-lora/data/train/cmd/train-cmd-1968.jpg,cmd,3
/content/drive/MyDrive/SKRIPSI/cassava-lora/data/train/cmd/train-cmd-1081.jpg,cmd,3
/content/drive/MyDrive/SKRIPSI/cassava-lora/data/train/cmd/train-cmd-118.jpg,cmd,3
/content/drive/MyDrive/SKRIPSI/cassava-lora/data/train/cbsd/train-cbsd-794.jpg,cbsd,1
/content/drive/MyDrive/SKRIPSI/cassava-lora/data/train/cmd/train-cmd-264.jpg,cmd,3
/content/drive/MyDrive/SKRIPSI/cassava-lora/data/train/cmd/train-cmd-711.jpg,cmd,3
/content/drive/MyDrive/SKRIPSI/cassava-lora/data/train/healthy/train-healthy-41.jpg,healthy,4
/content/drive/MyDrive/SKRIPSI/cassava-lora/data/train/cmd/train-cmd-1409.jpg,cmd,3
/content/drive/MyDrive/SKRIPSI/cassava-lora/data/train/cmd/train-cmd-1997.jpg,cmd,3
/content/drive/MyDrive/SKRIPSI/cassava-lora/data/train/cmd/train-cmd-1193.jpg,cmd,3
/content/drive/MyDrive/SKRIPSI/cassava-lora/data/train/cbsd/train-cbsd-46.jpg,cbsd,1
/content/drive/MyDrive/SKRIPSI/cassava-lora/data/train/cbsd/train-cbsd-960.jpg,cbsd,1
/content/drive/MyDrive/SKRIPSI/cassava-lora/data/train/cbsd/train-cbsd-825.jpg,cbsd,1
/content/drive/MyDrive/SKRIPSI/cassava-lora/data/train/cmd/train-cmd-298.jpg,cmd,3
/content/drive/MyDrive/SKRIPSI/cassava-lora/data/train/cmd/train-cmd-883.jpg,cmd,3
/content/drive/MyDrive/SKRIPSI/cassava-lora/data/train/cbsd/train-cbsd-525.jpg,cbsd,1
/content/drive/MyDrive/SKRIPSI/cassava-lora/data/train/cgm/train-cgm-392.jpg,cgm,2
/content/drive/MyDrive/SKRIPSI/cassava-lora/data/train/cmd/train-cmd-1966.jpg,cmd,3
/content/drive/MyDrive/SKRIPSI/cassava-lora/data/train/cbb/train-cbb-389.jpg,cbb,0
/content/drive/MyDrive/SKRIPSI/cassava-lora/data/train/cbsd/train-cbsd-1388.jpg,cbsd,1
/content/drive/MyDrive/SKRIPSI/cassava-lora/data/train/cmd/train-cmd-1568.jpg,cmd,3
/content/drive/MyDrive/SKRIPSI/cassava-lora/data/train/cmd/train-cmd-702.jpg,cmd,3
/content/drive/MyDrive/SKRIPSI/cassava-lora/data/train/cmd/train-cmd-1576.jpg,cmd,3
/content/drive/MyDrive/SKRIPSI/cassava-lora/data/train/cmd/train-cmd-841.jpg,cmd,3
/content/drive/MyDrive/SKRIPSI/cassava-lora/data/train/cmd/train-cmd-2338.jpg,cmd,3
/content/drive/MyDrive/SKRIPSI/cassava-lora/data/train/cmd/train-cmd-250.jpg,cmd,3
/content/drive/MyDrive/SKRIPSI/cassava-lora/data/train/cbsd/train-cbsd-316.jpg,cbsd,1
/content/drive/MyDrive/SKRIPSI/cassava-lora/data/train/cmd/train-cmd-1809.jpg,cmd,3
/content/drive/MyDrive/SKRIPSI/cassava-lora/data/train/cgm/train-cgm-137.jpg,cgm,2
/content/drive/MyDrive/SKRIPSI/cassava-lora/data/train/cmd/train-cmd-1740.jpg,cmd,3
/content/drive/MyDrive/SKRIPSI/cassava-lora/data/train/cmd/train-cmd-417.jpg,cmd,3
/content/drive/MyDrive/SKRIPSI/cassava-lora/data/train/cmd/train-cmd-92.jpg,cmd,3
/content/drive/MyDrive/SKRIPSI/cassava-lora/data/train/cgm/train-cgm-301.jpg,cgm,2
/content/drive/MyDrive/SKRIPSI/cassava-lora/data/train/cmd/train-cmd-2161.jpg,cmd,3
/content/drive/MyDrive/SKRIPSI/cassava-lora/data/train/cbb/train-cbb-94.jpg,cbb,0
/content/drive/MyDrive/SKRIPSI/cassava-lora/data/train/cbsd/train-cbsd-775.jpg,cbsd,1
/content/drive/MyDrive/SKRIPSI/cassava-lora/data/train/cmd/train-cmd-910.jpg,cmd,3
/content/drive/MyDrive/SKRIPSI/cassava-lora/data/train/healthy/train-healthy-68.jpg,healthy,4
/content/drive/MyDrive/SKRIPSI/cassava-lora/data/train/cbb/train-cbb-314.jpg,cbb,0
/content/drive/MyDrive/SKRIPSI/cassava-lora/data/train/cbsd/train-cbsd-731.jpg,cbsd,1
/content/drive/MyDrive/SKRIPSI/cassava-lora/data/train/cgm/train-cgm-573.jpg,cgm,2
/content/drive/MyDrive/SKRIPSI/cassava-lora/data/train/cmd/train-cmd-1185.jpg,cmd,3
/content/drive/MyDrive/SKRIPSI/cassava-lora/data/train/healthy/train-healthy-288.jpg,healthy,4
/content/drive/MyDrive/SKRIPSI/cassava-lora/data/train/cbsd/train-cbsd-369.jpg,cbsd,1
/content/drive/MyDrive/SKRIPSI/cassava-lora/data/train/cmd/train-cmd-1481.jpg,cmd,3
/content/drive/MyDrive/SKRIPSI/cassava-lora/data/train/cbb/train-cbb-395.jpg,cbb,0
/content/drive/MyDrive/SKRIPSI/cassava-lora/data/train/cmd/train-cmd-2288.jpg,cmd,3
/content/drive/MyDrive/SKRIPSI/cassava-lora/data/train/cbb/train-cbb-400.jpg,cbb,0
/content/drive/MyDrive/SKRIPSI/cassava-lora/data/train/cgm/train-cgm-521.jpg,cgm,2
/content/drive/MyDrive/SKRIPSI/cassava-lora/data/train/healthy/train-healthy-153.jpg,healthy,4
/content/drive/MyDrive/SKRIPSI/cassava-lora/data/train/cbsd/train-cbsd-1269.jpg,cbsd,1
/content/drive/MyDrive/SKRIPSI/cassava-lora/data/train/cbb/train-cbb-78.jpg,cbb,0
/content/drive/MyDrive/SKRIPSI/cassava-lora/data/train/cmd/train-cmd-1256.jpg,cmd,3
/content/drive/MyDrive/SKRIPSI/cassava-lora/data/train/cmd/train-cmd-1488.jpg,cmd,3
/content/drive/MyDrive/SKRIPSI/cassava-lora/data/train/healthy/train-healthy-34.jpg,healthy,4
/content/drive/MyDrive/SKRIPSI/cassava-lora/data/train/cmd/train-cmd-2421.jpg,cmd,3
/content/drive/MyDrive/SKRIPSI/cassava-lora/data/train/cmd/train-cmd-1422.jpg,cmd,3
/content/drive/MyDrive/SKRIPSI/cassava-lora/data/train/cbsd/train-cbsd-1138.jpg,cbsd,1
/content/drive/MyDrive/SKRIPSI/cassava-lora/data/train/cmd/train-cmd-943.jpg,cmd,3
/content/drive/MyDrive/SKRIPSI/cassava-lora/data/train/cmd/train-cmd-1850.jpg,cmd,3
/content/drive/MyDrive/SKRIPSI/cassava-lora/data/train/cmd/train-cmd-1716.jpg,cmd,3
/content/drive/MyDrive/SKRIPSI/cassava-lora/data/train/cgm/train-cgm-100.jpg,cgm,2
/content/drive/MyDrive/SKRIPSI/cassava-lora/data/train/cmd/train-cmd-246.jpg,cmd,3
/content/drive/MyDrive/SKRIPSI/cassava-lora/data/train/cmd/train-cmd-186.jpg,cmd,3
/content/drive/MyDrive/SKRIPSI/cassava-lora/data/train/cbsd/train-cbsd-380.jpg,cbsd,1
/content/drive/MyDrive/SKRIPSI/cassava-lora/data/train/cgm/train-cgm-448.jpg,cgm,2
/content/drive/MyDrive/SKRIPSI/cassava-lora/data/train/cbsd/train-cbsd-727.jpg,cbsd,1
/content/drive/MyDrive/SKRIPSI/cassava-lora/data/train/cbsd/train-cbsd-990.jpg,cbsd,1
/content/drive/MyDrive/SKRIPSI/cassava-lora/data/train/cmd/train-cmd-1972.jpg,cmd,3
/content/drive/MyDrive/SKRIPSI/cassava-lora/data/train/cbsd/train-cbsd-506.jpg,cbsd,1
/content/drive/MyDrive/SKRIPSI/cassava-lora/data/train/cbsd/train-cbsd-720.jpg,cbsd,1
/content/drive/MyDrive/SKRIPSI/cassava-lora/data/train/cgm/train-cgm-529.jpg,cgm,2
/content/drive/MyDrive/SKRIPSI/cassava-lora/data/train/cgm/train-cgm-320.jpg,cgm,2
/content/drive/MyDrive/SKRIPSI/cassava-lora/data/train/cmd/train-cmd-976.jpg,cmd,3
/content/drive/MyDrive/SKRIPSI/cassava-lora/data/train/cmd/train-cmd-2641.jpg,cmd,3
/content/drive/MyDrive/SKRIPSI/cassava-lora/data/train/cgm/train-cgm-386.jpg,cgm,2
/content/drive/MyDrive/SKRIPSI/cassava-lora/data/train/cbsd/train-cbsd-854.jpg,cbsd,1
/content/drive/MyDrive/SKRIPSI/cassava-lora/data/train/cmd/train-cmd-2453.jpg,cmd,3
/content/drive/MyDrive/SKRIPSI/cassava-lora/data/train/cmd/train-cmd-2502.jpg,cmd,3
/content/drive/MyDrive/SKRIPSI/cassava-lora/data/train/cmd/train-cmd-752.jpg,cmd,3
/content/drive/MyDrive/SKRIPSI/cassava-lora/data/train/cmd/train-cmd-1762.jpg,cmd,3
/content/drive/MyDrive/SKRIPSI/cassava-lora/data/train/cgm/train-cgm-333.jpg,cgm,2
/content/drive/MyDrive/SKRIPSI/cassava-lora/data/train/cmd/train-cmd-1784.jpg,cmd,3
/content/drive/MyDrive/SKRIPSI/cassava-lora/data/train/cmd/train-cmd-1928.jpg,cmd,3
/content/drive/MyDrive/SKRIPSI/cassava-lora/data/train/cmd/train-cmd-1274.jpg,cmd,3
/content/drive/MyDrive/SKRIPSI/cassava-lora/data/train/cmd/train-cmd-921.jpg,cmd,3
/content/drive/MyDrive/SKRIPSI/cassava-lora/data/train/cmd/train-cmd-2086.jpg,cmd,3
/content/drive/MyDrive/SKRIPSI/cassava-lora/data/train/cmd/train-cmd-1551.jpg,cmd,3
/content/drive/MyDrive/SKRIPSI/cassava-lora/data/train/healthy/train-healthy-36.jpg,healthy,4
/content/drive/MyDrive/SKRIPSI/cassava-lora/data/train/cmd/train-cmd-1583.jpg,cmd,3
/content/drive/MyDrive/SKRIPSI/cassava-lora/data/train/cbsd/train-cbsd-879.jpg,cbsd,1
/content/drive/MyDrive/SKRIPSI/cassava-lora/data/train/cmd/train-cmd-916.jpg,cmd,3
/content/drive/MyDrive/SKRIPSI/cassava-lora/data/train/cmd/train-cmd-210.jpg,cmd,3
/content/drive/MyDrive/SKRIPSI/cassava-lora/data/train/cmd/train-cmd-2295.jpg,cmd,3
/content/drive/MyDrive/SKRIPSI/cassava-lora/data/train/cmd/train-cmd-815.jpg,cmd,3
/content/drive/MyDrive/SKRIPSI/cassava-lora/data/train/cmd/train-cmd-824.jpg,cmd,3
/content/drive/MyDrive/SKRIPSI/cassava-lora/data/train/cmd/train-cmd-284.jpg,cmd,3
/content/drive/MyDrive/SKRIPSI/cassava-lora/data/train/cmd/train-cmd-2151.jpg,cmd,3
/content/drive/MyDrive/SKRIPSI/cassava-lora/data/train/cmd/train-cmd-1077.jpg,cmd,3
/content/drive/MyDrive/SKRIPSI/cassava-lora/data/train/cbsd/train-cbsd-770.jpg,cbsd,1
/content/drive/MyDrive/SKRIPSI/cassava-lora/data/train/cmd/train-cmd-1833.jpg,cmd,3
/content/drive/MyDrive/SKRIPSI/cassava-lora/data/train/cmd/train-cmd-811.jpg,cmd,3
/content/drive/MyDrive/SKRIPSI/cassava-lora/data/train/cbb/train-cbb-149.jpg,cbb,0
/content/drive/MyDrive/SKRIPSI/cassava-lora/data/train/cgm/train-cgm-544.jpg,cgm,2
/content/drive/MyDrive/SKRIPSI/cassava-lora/data/train/cbsd/train-cbsd-636.jpg,cbsd,1
/content/drive/MyDrive/SKRIPSI/cassava-lora/data/train/cbsd/train-cbsd-1267.jpg,cbsd,1
/content/drive/MyDrive/SKRIPSI/cassava-lora/data/train/cmd/train-cmd-1275.jpg,cmd,3
/content/drive/MyDrive/SKRIPSI/cassava-lora/data/train/cgm/train-cgm-620.jpg,cgm,2
/content/drive/MyDrive/SKRIPSI/cassava-lora/data/train/cbb/train-cbb-47.jpg,cbb,0
/content/drive/MyDrive/SKRIPSI/cassava-lora/data/train/cbsd/train-cbsd-251.jpg,cbsd,1
/content/drive/MyDrive/SKRIPSI/cassava-lora/data/train/cgm/train-cgm-58.jpg,cgm,2
/content/drive/MyDrive/SKRIPSI/cassava-lora/data/train/cgm/train-cgm-352.jpg,cgm,2
/content/drive/MyDrive/SKRIPSI/cassava-lora/data/train/cbsd/train-cbsd-339.jpg,cbsd,1
/content/drive/MyDrive/SKRIPSI/cassava-lora/data/train/cbsd/train-cbsd-86.jpg,cbsd,1
/content/drive/MyDrive/SKRIPSI/cassava-lora/data/train/cbsd/train-cbsd-129.jpg,cbsd,1
/content/drive/MyDrive/SKRIPSI/cassava-lora/data/train/cbsd/train-cbsd-49.jpg,cbsd,1
/content/drive/MyDrive/SKRIPSI/cassava-lora/data/train/cbsd/train-cbsd-547.jpg,cbsd,1
/content/drive/MyDrive/SKRIPSI/cassava-lora/data/train/cmd/train-cmd-1924.jpg,cmd,3
/content/drive/MyDrive/SKRIPSI/cassava-lora/data/train/healthy/train-healthy-144.jpg,healthy,4
/content/drive/MyDrive/SKRIPSI/cassava-lora/data/train/cbsd/train-cbsd-1434.jpg,cbsd,1
/content/drive/MyDrive/SKRIPSI/cassava-lora/data/train/cmd/train-cmd-2437.jpg,cmd,3
/content/drive/MyDrive/SKRIPSI/cassava-lora/data/train/cbsd/train-cbsd-851.jpg,cbsd,1
/content/drive/MyDrive/SKRIPSI/cassava-lora/data/train/cmd/train-cmd-1010.jpg,cmd,3
/content/drive/MyDrive/SKRIPSI/cassava-lora/data/train/cmd/train-cmd-1339.jpg,cmd,3
/content/drive/MyDrive/SKRIPSI/cassava-lora/data/train/healthy/train-healthy-170.jpg,healthy,4
/content/drive/MyDrive/SKRIPSI/cassava-lora/data/train/cbsd/train-cbsd-858.jpg,cbsd,1
/content/drive/MyDrive/SKRIPSI/cassava-lora/data/train/cmd/train-cmd-2004.jpg,cmd,3
/content/drive/MyDrive/SKRIPSI/cassava-lora/data/train/cbsd/train-cbsd-487.jpg,cbsd,1
/content/drive/MyDrive/SKRIPSI/cassava-lora/data/train/cmd/train-cmd-2384.jpg,cmd,3
/content/drive/MyDrive/SKRIPSI/cassava-lora/data/train/cmd/train-cmd-122.jpg,cmd,3
/content/drive/MyDrive/SKRIPSI/cassava-lora/data/train/cbsd/train-cbsd-1216.jpg,cbsd,1
/content/drive/MyDrive/SKRIPSI/cassava-lora/data/train/cmd/train-cmd-2022.jpg,cmd,3
/content/drive/MyDrive/SKRIPSI/cassava-lora/data/train/cmd/train-cmd-2277.jpg,cmd,3
/content/drive/MyDrive/SKRIPSI/cassava-lora/data/train/cmd/train-cmd-2528.jpg,cmd,3
/content/drive/MyDrive/SKRIPSI/cassava-lora/data/train/cmd/train-cmd-855.jpg,cmd,3
/content/drive/MyDrive/SKRIPSI/cassava-lora/data/train/cbb/train-cbb-224.jpg,cbb,0
/content/drive/MyDrive/SKRIPSI/cassava-lora/data/train/cmd/train-cmd-719.jpg,cmd,3
/content/drive/MyDrive/SKRIPSI/cassava-lora/data/train/cmd/train-cmd-191.jpg,cmd,3
/content/drive/MyDrive/SKRIPSI/cassava-lora/data/train/cbsd/train-cbsd-266.jpg,cbsd,1
/content/drive/MyDrive/SKRIPSI/cassava-lora/data/train/cmd/train-cmd-1569.jpg,cmd,3
/content/drive/MyDrive/SKRIPSI/cassava-lora/data/train/cmd/train-cmd-82.jpg,cmd,3
/content/drive/MyDrive/SKRIPSI/cassava-lora/data/train/cgm/train-cgm-492.jpg,cgm,2
/content/drive/MyDrive/SKRIPSI/cassava-lora/data/train/cbsd/train-cbsd-829.jpg,cbsd,1
/content/drive/MyDrive/SKRIPSI/cassava-lora/data/train/cgm/train-cgm-358.jpg,cgm,2
/content/drive/MyDrive/SKRIPSI/cassava-lora/data/train/cgm/train-cgm-289.jpg,cgm,2
/content/drive/MyDrive/SKRIPSI/cassava-lora/data/train/cbb/train-cbb-430.jpg,cbb,0
/content/drive/MyDrive/SKRIPSI/cassava-lora/data/train/cmd/train-cmd-2146.jpg,cmd,3
/content/drive/MyDrive/SKRIPSI/cassava-lora/data/train/healthy/train-healthy-250.jpg,healthy,4
/content/drive/MyDrive/SKRIPSI/cassava-lora/data/train/cmd/train-cmd-1685.jpg,cmd,3
/content/drive/MyDrive/SKRIPSI/cassava-lora/data/train/cmd/train-cmd-1625.jpg,cmd,3
/content/drive/MyDrive/SKRIPSI/cassava-lora/data/train/cbsd/train-cbsd-519.jpg,cbsd,1
/content/drive/MyDrive/SKRIPSI/cassava-lora/data/train/cmd/train-cmd-972.jpg,cmd,3
/content/drive/MyDrive/SKRIPSI/cassava-lora/data/train/cbb/train-cbb-157.jpg,cbb,0
/content/drive/MyDrive/SKRIPSI/cassava-lora/data/train/cmd/train-cmd-1278.jpg,cmd,3
/content/drive/MyDrive/SKRIPSI/cassava-lora/data/train/cbsd/train-cbsd-429.jpg,cbsd,1
/content/drive/MyDrive/SKRIPSI/cassava-lora/data/train/healthy/train-healthy-222.jpg,healthy,4
/content/drive/MyDrive/SKRIPSI/cassava-lora/data/train/cbsd/train-cbsd-1232.jpg,cbsd,1
/content/drive/MyDrive/SKRIPSI/cassava-lora/data/train/cmd/train-cmd-406.jpg,cmd,3
/content/drive/MyDrive/SKRIPSI/cassava-lora/data/train/cbsd/train-cbsd-1362.jpg,cbsd,1
/content/drive/MyDrive/SKRIPSI/cassava-lora/data/train/cmd/train-cmd-2441.jpg,cmd,3
/content/drive/MyDrive/SKRIPSI/cassava-lora/data/train/cbsd/train-cbsd-1070.jpg,cbsd,1
/content/drive/MyDrive/SKRIPSI/cassava-lora/data/train/cmd/train-cmd-1723.jpg,cmd,3
/content/drive/MyDrive/SKRIPSI/cassava-lora/data/train/cbsd/train-cbsd-70.jpg,cbsd,1
/content/drive/MyDrive/SKRIPSI/cassava-lora/data/train/cbsd/train-cbsd-1292.jpg,cbsd,1
/content/drive/MyDrive/SKRIPSI/cassava-lora/data/train/cbsd/train-cbsd-334.jpg,cbsd,1
/content/drive/MyDrive/SKRIPSI/cassava-lora/data/train/healthy/train-healthy-78.jpg,healthy,4
/content/drive/MyDrive/SKRIPSI/cassava-lora/data/train/cgm/train-cgm-525.jpg,cgm,2
/content/drive/MyDrive/SKRIPSI/cassava-lora/data/train/cbsd/train-cbsd-300.jpg,cbsd,1
/content/drive/MyDrive/SKRIPSI/cassava-lora/data/train/healthy/train-healthy-160.jpg,healthy,4
/content/drive/MyDrive/SKRIPSI/cassava-lora/data/train/cmd/train-cmd-1612.jpg,cmd,3
/content/drive/MyDrive/SKRIPSI/cassava-lora/data/train/cmd/train-cmd-969.jpg,cmd,3
/content/drive/MyDrive/SKRIPSI/cassava-lora/data/train/healthy/train-healthy-58.jpg,healthy,4
/content/drive/MyDrive/SKRIPSI/cassava-lora/data/train/cbb/train-cbb-158.jpg,cbb,0
/content/drive/MyDrive/SKRIPSI/cassava-lora/data/train/cmd/train-cmd-1183.jpg,cmd,3
/content/drive/MyDrive/SKRIPSI/cassava-lora/data/train/cmd/train-cmd-3.jpg,cmd,3
/content/drive/MyDrive/SKRIPSI/cassava-lora/data/train/cgm/train-cgm-121.jpg,cgm,2
/content/drive/MyDrive/SKRIPSI/cassava-lora/data/train/cmd/train-cmd-744.jpg,cmd,3
/content/drive/MyDrive/SKRIPSI/cassava-lora/data/train/cmd/train-cmd-459.jpg,cmd,3
/content/drive/MyDrive/SKRIPSI/cassava-lora/data/train/cbb/train-cbb-20.jpg,cbb,0
/content/drive/MyDrive/SKRIPSI/cassava-lora/data/train/cbsd/train-cbsd-306.jpg,cbsd,1
/content/drive/MyDrive/SKRIPSI/cassava-lora/data/train/cmd/train-cmd-730.jpg,cmd,3
/content/drive/MyDrive/SKRIPSI/cassava-lora/data/train/cbsd/train-cbsd-57.jpg,cbsd,1
/content/drive/MyDrive/SKRIPSI/cassava-lora/data/train/cmd/train-cmd-57.jpg,cmd,3
/content/drive/MyDrive/SKRIPSI/cassava-lora/data/train/cmd/train-cmd-2048.jpg,cmd,3
/content/drive/MyDrive/SKRIPSI/cassava-lora/data/train/cmd/train-cmd-450.jpg,cmd,3
/content/drive/MyDrive/SKRIPSI/cassava-lora/data/train/cmd/train-cmd-2120.jpg,cmd,3
/content/drive/MyDrive/SKRIPSI/cassava-lora/data/train/cmd/train-cmd-66.jpg,cmd,3
/content/drive/MyDrive/SKRIPSI/cassava-lora/data/train/cbsd/train-cbsd-548.jpg,cbsd,1
/content/drive/MyDrive/SKRIPSI/cassava-lora/data/train/cgm/train-cgm-359.jpg,cgm,2
/content/drive/MyDrive/SKRIPSI/cassava-lora/data/train/cmd/train-cmd-1460.jpg,cmd,3
/content/drive/MyDrive/SKRIPSI/cassava-lora/data/train/cbb/train-cbb-18.jpg,cbb,0
/content/drive/MyDrive/SKRIPSI/cassava-lora/data/train/cbb/train-cbb-379.jpg,cbb,0
/content/drive/MyDrive/SKRIPSI/cassava-lora/data/train/cbsd/train-cbsd-357.jpg,cbsd,1
/content/drive/MyDrive/SKRIPSI/cassava-lora/data/train/cmd/train-cmd-1182.jpg,cmd,3
/content/drive/MyDrive/SKRIPSI/cassava-lora/data/train/cbsd/train-cbsd-632.jpg,cbsd,1
/content/drive/MyDrive/SKRIPSI/cassava-lora/data/train/cbsd/train-cbsd-38.jpg,cbsd,1
/content/drive/MyDrive/SKRIPSI/cassava-lora/data/train/cbb/train-cbb-52.jpg,cbb,0
/content/drive/MyDrive/SKRIPSI/cassava-lora/data/train/cbb/train-cbb-212.jpg,cbb,0
/content/drive/MyDrive/SKRIPSI/cassava-lora/data/train/cmd/train-cmd-262.jpg,cmd,3
/content/drive/MyDrive/SKRIPSI/cassava-lora/data/train/cbsd/train-cbsd-136.jpg,cbsd,1
/content/drive/MyDrive/SKRIPSI/cassava-lora/data/train/cmd/train-cmd-1744.jpg,cmd,3
/content/drive/MyDrive/SKRIPSI/cassava-lora/data/train/cmd/train-cmd-2396.jpg,cmd,3
/content/drive/MyDrive/SKRIPSI/cassava-lora/data/train/cbsd/train-cbsd-782.jpg,cbsd,1
/content/drive/MyDrive/SKRIPSI/cassava-lora/data/train/cgm/train-cgm-670.jpg,cgm,2
/content/drive/MyDrive/SKRIPSI/cassava-lora/data/train/cmd/train-cmd-2189.jpg,cmd,3
/content/drive/MyDrive/SKRIPSI/cassava-lora/data/train/cbsd/train-cbsd-1185.jpg,cbsd,1
/content/drive/MyDrive/SKRIPSI/cassava-lora/data/train/cmd/train-cmd-2182.jpg,cmd,3
/content/drive/MyDrive/SKRIPSI/cassava-lora/data/train/cbsd/train-cbsd-191.jpg,cbsd,1
/content/drive/MyDrive/SKRIPSI/cassava-lora/data/train/cgm/train-cgm-308.jpg,cgm,2
/content/drive/MyDrive/SKRIPSI/cassava-lora/data/train/cmd/train-cmd-1853.jpg,cmd,3
/content/drive/MyDrive/SKRIPSI/cassava-lora/data/train/cbsd/train-cbsd-513.jpg,cbsd,1
/content/drive/MyDrive/SKRIPSI/cassava-lora/data/train/cbsd/train-cbsd-1421.jpg,cbsd,1
/content/drive/MyDrive/SKRIPSI/cassava-lora/data/train/cbsd/train-cbsd-679.jpg,cbsd,1
/content/drive/MyDrive/SKRIPSI/cassava-lora/data/train/cbsd/train-cbsd-1103.jpg,cbsd,1
/content/drive/MyDrive/SKRIPSI/cassava-lora/data/train/cgm/train-cgm-682.jpg,cgm,2
/content/drive/MyDrive/SKRIPSI/cassava-lora/data/train/cbsd/train-cbsd-707.jpg,cbsd,1
/content/drive/MyDrive/SKRIPSI/cassava-lora/data/train/cbb/train-cbb-118.jpg,cbb,0
/content/drive/MyDrive/SKRIPSI/cassava-lora/data/train/cmd/train-cmd-1195.jpg,cmd,3
/content/drive/MyDrive/SKRIPSI/cassava-lora/data/train/cmd/train-cmd-1265.jpg,cmd,3
/content/drive/MyDrive/SKRIPSI/cassava-lora/data/train/cbsd/train-cbsd-774.jpg,cbsd,1
/content/drive/MyDrive/SKRIPSI/cassava-lora/data/train/cmd/train-cmd-634.jpg,cmd,3
/content/drive/MyDrive/SKRIPSI/cassava-lora/data/train/cbb/train-cbb-159.jpg,cbb,0
/content/drive/MyDrive/SKRIPSI/cassava-lora/data/train/cmd/train-cmd-232.jpg,cmd,3
/content/drive/MyDrive/SKRIPSI/cassava-lora/data/train/cmd/train-cmd-539.jpg,cmd,3
/content/drive/MyDrive/SKRIPSI/cassava-lora/data/train/cbsd/train-cbsd-240.jpg,cbsd,1
/content/drive/MyDrive/SKRIPSI/cassava-lora/data/train/cmd/train-cmd-153.jpg,cmd,3
/content/drive/MyDrive/SKRIPSI/cassava-lora/data/train/cbsd/train-cbsd-758.jpg,cbsd,1
/content/drive/MyDrive/SKRIPSI/cassava-lora/data/train/cmd/train-cmd-2616.jpg,cmd,3
/content/drive/MyDrive/SKRIPSI/cassava-lora/data/train/cbsd/train-cbsd-1289.jpg,cbsd,1
/content/drive/MyDrive/SKRIPSI/cassava-lora/data/train/cgm/train-cgm-468.jpg,cgm,2
/content/drive/MyDrive/SKRIPSI/cassava-lora/data/train/cmd/train-cmd-1891.jpg,cmd,3
/content/drive/MyDrive/SKRIPSI/cassava-lora/data/train/cmd/train-cmd-1689.jpg,cmd,3
/content/drive/MyDrive/SKRIPSI/cassava-lora/data/train/cmd/train-cmd-1791.jpg,cmd,3
/content/drive/MyDrive/SKRIPSI/cassava-lora/data/train/cgm/train-cgm-385.jpg,cgm,2
/content/drive/MyDrive/SKRIPSI/cassava-lora/data/train/cmd/train-cmd-168.jpg,cmd,3
/content/drive/MyDrive/SKRIPSI/cassava-lora/data/train/cmd/train-cmd-1466.jpg,cmd,3
/content/drive/MyDrive/SKRIPSI/cassava-lora/data/train/cbsd/train-cbsd-866.jpg,cbsd,1
/content/drive/MyDrive/SKRIPSI/cassava-lora/data/train/cbsd/train-cbsd-456.jpg,cbsd,1
/content/drive/MyDrive/SKRIPSI/cassava-lora/data/train/cgm/train-cgm-67.jpg,cgm,2
/content/drive/MyDrive/SKRIPSI/cassava-lora/data/train/cmd/train-cmd-393.jpg,cmd,3
/content/drive/MyDrive/SKRIPSI/cassava-lora/data/train/cmd/train-cmd-400.jpg,cmd,3
/content/drive/MyDrive/SKRIPSI/cassava-lora/data/train/cbsd/train-cbsd-655.jpg,cbsd,1
/content/drive/MyDrive/SKRIPSI/cassava-lora/data/train/cmd/train-cmd-1284.jpg,cmd,3
/content/drive/MyDrive/SKRIPSI/cassava-lora/data/train/cbsd/train-cbsd-941.jpg,cbsd,1
/content/drive/MyDrive/SKRIPSI/cassava-lora/data/train/cbsd/train-cbsd-407.jpg,cbsd,1
/content/drive/MyDrive/SKRIPSI/cassava-lora/data/train/cmd/train-cmd-1890.jpg,cmd,3
/content/drive/MyDrive/SKRIPSI/cassava-lora/data/train/cmd/train-cmd-1672.jpg,cmd,3
/content/drive/MyDrive/SKRIPSI/cassava-lora/data/train/cgm/train-cgm-45.jpg,cgm,2
/content/drive/MyDrive/SKRIPSI/cassava-lora/data/train/cmd/train-cmd-2563.jpg,cmd,3
/content/drive/MyDrive/SKRIPSI/cassava-lora/data/train/cmd/train-cmd-2275.jpg,cmd,3
/content/drive/MyDrive/SKRIPSI/cassava-lora/data/train/cmd/train-cmd-418.jpg,cmd,3
/content/drive/MyDrive/SKRIPSI/cassava-lora/data/train/cmd/train-cmd-88.jpg,cmd,3
/content/drive/MyDrive/SKRIPSI/cassava-lora/data/train/cbb/train-cbb-196.jpg,cbb,0
/content/drive/MyDrive/SKRIPSI/cassava-lora/data/train/cgm/train-cgm-247.jpg,cgm,2
/content/drive/MyDrive/SKRIPSI/cassava-lora/data/train/cbb/train-cbb-167.jpg,cbb,0
/content/drive/MyDrive/SKRIPSI/cassava-lora/data/train/cmd/train-cmd-309.jpg,cmd,3
/content/drive/MyDrive/SKRIPSI/cassava-lora/data/train/healthy/train-healthy-131.jpg,healthy,4
/content/drive/MyDrive/SKRIPSI/cassava-lora/data/train/cmd/train-cmd-1624.jpg,cmd,3
/content/drive/MyDrive/SKRIPSI/cassava-lora/data/train/cbsd/train-cbsd-161.jpg,cbsd,1
/content/drive/MyDrive/SKRIPSI/cassava-lora/data/train/healthy/train-healthy-298.jpg,healthy,4
/content/drive/MyDrive/SKRIPSI/cassava-lora/data/train/cmd/train-cmd-2019.jpg,cmd,3
/content/drive/MyDrive/SKRIPSI/cassava-lora/data/train/cmd/train-cmd-231.jpg,cmd,3
/content/drive/MyDrive/SKRIPSI/cassava-lora/data/train/cbsd/train-cbsd-126.jpg,cbsd,1
/content/drive/MyDrive/SKRIPSI/cassava-lora/data/train/cmd/train-cmd-1435.jpg,cmd,3
/content/drive/MyDrive/SKRIPSI/cassava-lora/data/train/cmd/train-cmd-2008.jpg,cmd,3
/content/drive/MyDrive/SKRIPSI/cassava-lora/data/train/cmd/train-cmd-2249.jpg,cmd,3
/content/drive/MyDrive/SKRIPSI/cassava-lora/data/train/cmd/train-cmd-2624.jpg,cmd,3
/content/drive/MyDrive/SKRIPSI/cassava-lora/data/train/cgm/train-cgm-153.jpg,cgm,2
/content/drive/MyDrive/SKRIPSI/cassava-lora/data/train/cmd/train-cmd-477.jpg,cmd,3
/content/drive/MyDrive/SKRIPSI/cassava-lora/data/train/cbsd/train-cbsd-1056.jpg,cbsd,1
/content/drive/MyDrive/SKRIPSI/cassava-lora/data/train/cmd/train-cmd-98.jpg,cmd,3
/content/drive/MyDrive/SKRIPSI/cassava-lora/data/train/cgm/train-cgm-201.jpg,cgm,2
/content/drive/MyDrive/SKRIPSI/cassava-lora/data/train/cmd/train-cmd-2492.jpg,cmd,3
/content/drive/MyDrive/SKRIPSI/cassava-lora/data/train/cmd/train-cmd-287.jpg,cmd,3
/content/drive/MyDrive/SKRIPSI/cassava-lora/data/train/cbsd/train-cbsd-1272.jpg,cbsd,1
/content/drive/MyDrive/SKRIPSI/cassava-lora/data/train/cbsd/train-cbsd-392.jpg,cbsd,1
/content/drive/MyDrive/SKRIPSI/cassava-lora/data/train/cgm/train-cgm-564.jpg,cgm,2
/content/drive/MyDrive/SKRIPSI/cassava-lora/data/train/cmd/train-cmd-189.jpg,cmd,3
/content/drive/MyDrive/SKRIPSI/cassava-lora/data/train/cmd/train-cmd-1170.jpg,cmd,3
/content/drive/MyDrive/SKRIPSI/cassava-lora/data/train/cbb/train-cbb-82.jpg,cbb,0
/content/drive/MyDrive/SKRIPSI/cassava-lora/data/train/healthy/train-healthy-258.jpg,healthy,4
/content/drive/MyDrive/SKRIPSI/cassava-lora/data/train/cmd/train-cmd-1008.jpg,cmd,3
/content/drive/MyDrive/SKRIPSI/cassava-lora/data/train/cbsd/train-cbsd-1084.jpg,cbsd,1
/content/drive/MyDrive/SKRIPSI/cassava-lora/data/train/cgm/train-cgm-703.jpg,cgm,2
/content/drive/MyDrive/SKRIPSI/cassava-lora/data/train/cmd/train-cmd-2465.jpg,cmd,3
/content/drive/MyDrive/SKRIPSI/cassava-lora/data/train/cmd/train-cmd-2605.jpg,cmd,3
/content/drive/MyDrive/SKRIPSI/cassava-lora/data/train/cbsd/train-cbsd-1141.jpg,cbsd,1
/content/drive/MyDrive/SKRIPSI/cassava-lora/data/train/cmd/train-cmd-526.jpg,cmd,3
/content/drive/MyDrive/SKRIPSI/cassava-lora/data/train/cbsd/train-cbsd-11.jpg,cbsd,1
/content/drive/MyDrive/SKRIPSI/cassava-lora/data/train/cbsd/train-cbsd-962.jpg,cbsd,1
/content/drive/MyDrive/SKRIPSI/cassava-lora/data/train/cbsd/train-cbsd-759.jpg,cbsd,1
/content/drive/MyDrive/SKRIPSI/cassava-lora/data/train/cbsd/train-cbsd-992.jpg,cbsd,1
/content/drive/MyDrive/SKRIPSI/cassava-lora/data/train/cmd/train-cmd-466.jpg,cmd,3
/content/drive/MyDrive/SKRIPSI/cassava-lora/data/train/cmd/train-cmd-1728.jpg,cmd,3
/content/drive/MyDrive/SKRIPSI/cassava-lora/data/train/cmd/train-cmd-31.jpg,cmd,3
/content/drive/MyDrive/SKRIPSI/cassava-lora/data/train/cbsd/train-cbsd-670.jpg,cbsd,1
/content/drive/MyDrive/SKRIPSI/cassava-lora/data/train/cmd/train-cmd-1113.jpg,cmd,3
/content/drive/MyDrive/SKRIPSI/cassava-lora/data/train/cgm/train-cgm-274.jpg,cgm,2
/content/drive/MyDrive/SKRIPSI/cassava-lora/data/train/cgm/train-cgm-310.jpg,cgm,2
/content/drive/MyDrive/SKRIPSI/cassava-lora/data/train/cmd/train-cmd-496.jpg,cmd,3
/content/drive/MyDrive/SKRIPSI/cassava-lora/data/train/cbsd/train-cbsd-389.jpg,cbsd,1
/content/drive/MyDrive/SKRIPSI/cassava-lora/data/train/cbb/train-cbb-108.jpg,cbb,0
/content/drive/MyDrive/SKRIPSI/cassava-lora/data/train/cmd/train-cmd-837.jpg,cmd,3
/content/drive/MyDrive/SKRIPSI/cassava-lora/data/train/cmd/train-cmd-636.jpg,cmd,3
/content/drive/MyDrive/SKRIPSI/cassava-lora/data/train/cgm/train-cgm-417.jpg,cgm,2
/content/drive/MyDrive/SKRIPSI/cassava-lora/data/train/cgm/train-cgm-78.jpg,cgm,2
/content/drive/MyDrive/SKRIPSI/cassava-lora/data/train/healthy/train-healthy-82.jpg,healthy,4
/content/drive/MyDrive/SKRIPSI/cassava-lora/data/train/cmd/train-cmd-2308.jpg,cmd,3
/content/drive/MyDrive/SKRIPSI/cassava-lora/data/train/cmd/train-cmd-285.jpg,cmd,3
/content/drive/MyDrive/SKRIPSI/cassava-lora/data/train/cbsd/train-cbsd-1297.jpg,cbsd,1
/content/drive/MyDrive/SKRIPSI/cassava-lora/data/train/cbb/train-cbb-23.jpg,cbb,0
/content/drive/MyDrive/SKRIPSI/cassava-lora/data/train/cmd/train-cmd-1701.jpg,cmd,3
/content/drive/MyDrive/SKRIPSI/cassava-lora/data/train/cgm/train-cgm-692.jpg,cgm,2
/content/drive/MyDrive/SKRIPSI/cassava-lora/data/train/cgm/train-cgm-598.jpg,cgm,2
/content/drive/MyDrive/SKRIPSI/cassava-lora/data/train/cbsd/train-cbsd-178.jpg,cbsd,1
/content/drive/MyDrive/SKRIPSI/cassava-lora/data/train/cmd/train-cmd-1402.jpg,cmd,3
/content/drive/MyDrive/SKRIPSI/cassava-lora/data/train/cbb/train-cbb-281.jpg,cbb,0
/content/drive/MyDrive/SKRIPSI/cassava-lora/data/train/cgm/train-cgm-198.jpg,cgm,2
/content/drive/MyDrive/SKRIPSI/cassava-lora/data/train/cmd/train-cmd-2534.jpg,cmd,3
/content/drive/MyDrive/SKRIPSI/cassava-lora/data/train/cmd/train-cmd-505.jpg,cmd,3
/content/drive/MyDrive/SKRIPSI/cassava-lora/data/train/cbsd/train-cbsd-897.jpg,cbsd,1
/content/drive/MyDrive/SKRIPSI/cassava-lora/data/train/cmd/train-cmd-61.jpg,cmd,3
/content/drive/MyDrive/SKRIPSI/cassava-lora/data/train/cgm/train-cgm-447.jpg,cgm,2
/content/drive/MyDrive/SKRIPSI/cassava-lora/data/train/cbsd/train-cbsd-919.jpg,cbsd,1
/content/drive/MyDrive/SKRIPSI/cassava-lora/data/train/cmd/train-cmd-2137.jpg,cmd,3
/content/drive/MyDrive/SKRIPSI/cassava-lora/data/train/cgm/train-cgm-50.jpg,cgm,2
/content/drive/MyDrive/SKRIPSI/cassava-lora/data/train/cbsd/train-cbsd-99.jpg,cbsd,1
/content/drive/MyDrive/SKRIPSI/cassava-lora/data/train/cbsd/train-cbsd-745.jpg,cbsd,1
/content/drive/MyDrive/SKRIPSI/cassava-lora/data/train/cmd/train-cmd-1783.jpg,cmd,3
/content/drive/MyDrive/SKRIPSI/cassava-lora/data/train/cmd/train-cmd-331.jpg,cmd,3
/content/drive/MyDrive/SKRIPSI/cassava-lora/data/train/cmd/train-cmd-1221.jpg,cmd,3
/content/drive/MyDrive/SKRIPSI/cassava-lora/data/train/cmd/train-cmd-1167.jpg,cmd,3
/content/drive/MyDrive/SKRIPSI/cassava-lora/data/train/cmd/train-cmd-444.jpg,cmd,3
/content/drive/MyDrive/SKRIPSI/cassava-lora/data/train/cmd/train-cmd-1063.jpg,cmd,3
/content/drive/MyDrive/SKRIPSI/cassava-lora/data/train/cmd/train-cmd-424.jpg,cmd,3
/content/drive/MyDrive/SKRIPSI/cassava-lora/data/train/cmd/train-cmd-549.jpg,cmd,3
/content/drive/MyDrive/SKRIPSI/cassava-lora/data/train/cmd/train-cmd-2532.jpg,cmd,3
/content/drive/MyDrive/SKRIPSI/cassava-lora/data/train/cbsd/train-cbsd-1424.jpg,cbsd,1
/content/drive/MyDrive/SKRIPSI/cassava-lora/data/train/healthy/train-healthy-269.jpg,healthy,4
/content/drive/MyDrive/SKRIPSI/cassava-lora/data/train/cmd/train-cmd-591.jpg,cmd,3
/content/drive/MyDrive/SKRIPSI/cassava-lora/data/train/cbb/train-cbb-297.jpg,cbb,0
/content/drive/MyDrive/SKRIPSI/cassava-lora/data/train/healthy/train-healthy-167.jpg,healthy,4
/content/drive/MyDrive/SKRIPSI/cassava-lora/data/train/cbsd/train-cbsd-123.jpg,cbsd,1
/content/drive/MyDrive/SKRIPSI/cassava-lora/data/train/cbsd/train-cbsd-952.jpg,cbsd,1
/content/drive/MyDrive/SKRIPSI/cassava-lora/data/train/cmd/train-cmd-1064.jpg,cmd,3
/content/drive/MyDrive/SKRIPSI/cassava-lora/data/train/cmd/train-cmd-2329.jpg,cmd,3
/content/drive/MyDrive/SKRIPSI/cassava-lora/data/train/cbsd/train-cbsd-926.jpg,cbsd,1
/content/drive/MyDrive/SKRIPSI/cassava-lora/data/train/cmd/train-cmd-1858.jpg,cmd,3
/content/drive/MyDrive/SKRIPSI/cassava-lora/data/train/cmd/train-cmd-964.jpg,cmd,3
/content/drive/MyDrive/SKRIPSI/cassava-lora/data/train/cgm/train-cgm-92.jpg,cgm,2
/content/drive/MyDrive/SKRIPSI/cassava-lora/data/train/cbsd/train-cbsd-658.jpg,cbsd,1
/content/drive/MyDrive/SKRIPSI/cassava-lora/data/train/cmd/train-cmd-1231.jpg,cmd,3
/content/drive/MyDrive/SKRIPSI/cassava-lora/data/train/cmd/train-cmd-585.jpg,cmd,3
/content/drive/MyDrive/SKRIPSI/cassava-lora/data/train/cbsd/train-cbsd-101.jpg,cbsd,1
/content/drive/MyDrive/SKRIPSI/cassava-lora/data/train/cmd/train-cmd-1244.jpg,cmd,3
/content/drive/MyDrive/SKRIPSI/cassava-lora/data/train/cmd/train-cmd-333.jpg,cmd,3
/content/drive/MyDrive/SKRIPSI/cassava-lora/data/train/cmd/train-cmd-1606.jpg,cmd,3
/content/drive/MyDrive/SKRIPSI/cassava-lora/data/train/cbsd/train-cbsd-35.jpg,cbsd,1
/content/drive/MyDrive/SKRIPSI/cassava-lora/data/train/cgm/train-cgm-490.jpg,cgm,2
/content/drive/MyDrive/SKRIPSI/cassava-lora/data/train/cbsd/train-cbsd-712.jpg,cbsd,1
/content/drive/MyDrive/SKRIPSI/cassava-lora/data/train/cbsd/train-cbsd-1048.jpg,cbsd,1
/content/drive/MyDrive/SKRIPSI/cassava-lora/data/train/cbsd/train-cbsd-285.jpg,cbsd,1
/content/drive/MyDrive/SKRIPSI/cassava-lora/data/train/cmd/train-cmd-1000.jpg,cmd,3
/content/drive/MyDrive/SKRIPSI/cassava-lora/data/train/cmd/train-cmd-26.jpg,cmd,3
/content/drive/MyDrive/SKRIPSI/cassava-lora/data/train/cbsd/train-cbsd-945.jpg,cbsd,1
/content/drive/MyDrive/SKRIPSI/cassava-lora/data/train/cbsd/train-cbsd-1283.jpg,cbsd,1
/content/drive/MyDrive/SKRIPSI/cassava-lora/data/train/cbb/train-cbb-288.jpg,cbb,0
/content/drive/MyDrive/SKRIPSI/cassava-lora/data/train/cbsd/train-cbsd-1334.jpg,cbsd,1
/content/drive/MyDrive/SKRIPSI/cassava-lora/data/train/cmd/train-cmd-2614.jpg,cmd,3
/content/drive/MyDrive/SKRIPSI/cassava-lora/data/train/cbb/train-cbb-168.jpg,cbb,0
/content/drive/MyDrive/SKRIPSI/cassava-lora/data/train/cmd/train-cmd-712.jpg,cmd,3
/content/drive/MyDrive/SKRIPSI/cassava-lora/data/train/healthy/train-healthy-278.jpg,healthy,4
/content/drive/MyDrive/SKRIPSI/cassava-lora/data/train/cmd/train-cmd-1075.jpg,cmd,3
/content/drive/MyDrive/SKRIPSI/cassava-lora/data/train/cbb/train-cbb-164.jpg,cbb,0
/content/drive/MyDrive/SKRIPSI/cassava-lora/data/train/cbb/train-cbb-46.jpg,cbb,0
/content/drive/MyDrive/SKRIPSI/cassava-lora/data/train/cgm/train-cgm-611.jpg,cgm,2
/content/drive/MyDrive/SKRIPSI/cassava-lora/data/train/cbsd/train-cbsd-853.jpg,cbsd,1
/content/drive/MyDrive/SKRIPSI/cassava-lora/data/train/cbsd/train-cbsd-1224.jpg,cbsd,1
/content/drive/MyDrive/SKRIPSI/cassava-lora/data/train/healthy/train-healthy-115.jpg,healthy,4
/content/drive/MyDrive/SKRIPSI/cassava-lora/data/train/cmd/train-cmd-1392.jpg,cmd,3
/content/drive/MyDrive/SKRIPSI/cassava-lora/data/train/cbb/train-cbb-186.jpg,cbb,0
/content/drive/MyDrive/SKRIPSI/cassava-lora/data/train/cmd/train-cmd-1823.jpg,cmd,3
/content/drive/MyDrive/SKRIPSI/cassava-lora/data/train/cgm/train-cgm-441.jpg,cgm,2
/content/drive/MyDrive/SKRIPSI/cassava-lora/data/train/cmd/train-cmd-2647.jpg,cmd,3
/content/drive/MyDrive/SKRIPSI/cassava-lora/data/train/cgm/train-cgm-239.jpg,cgm,2
/content/drive/MyDrive/SKRIPSI/cassava-lora/data/train/cgm/train-cgm-49.jpg,cgm,2
/content/drive/MyDrive/SKRIPSI/cassava-lora/data/train/cmd/train-cmd-932.jpg,cmd,3
/content/drive/MyDrive/SKRIPSI/cassava-lora/data/train/cmd/train-cmd-2069.jpg,cmd,3
/content/drive/MyDrive/SKRIPSI/cassava-lora/data/train/cmd/train-cmd-2267.jpg,cmd,3
/content/drive/MyDrive/SKRIPSI/cassava-lora/data/train/cmd/train-cmd-2365.jpg,cmd,3
/content/drive/MyDrive/SKRIPSI/cassava-lora/data/train/cmd/train-cmd-920.jpg,cmd,3
/content/drive/MyDrive/SKRIPSI/cassava-lora/data/train/cmd/train-cmd-1272.jpg,cmd,3
/content/drive/MyDrive/SKRIPSI/cassava-lora/data/train/cgm/train-cgm-512.jpg,cgm,2
/content/drive/MyDrive/SKRIPSI/cassava-lora/data/train/cmd/train-cmd-131.jpg,cmd,3
/content/drive/MyDrive/SKRIPSI/cassava-lora/data/train/cbb/train-cbb-233.jpg,cbb,0
/content/drive/MyDrive/SKRIPSI/cassava-lora/data/train/cbb/train-cbb-387.jpg,cbb,0
/content/drive/MyDrive/SKRIPSI/cassava-lora/data/train/cgm/train-cgm-768.jpg,cgm,2
/content/drive/MyDrive/SKRIPSI/cassava-lora/data/train/cgm/train-cgm-722.jpg,cgm,2
/content/drive/MyDrive/SKRIPSI/cassava-lora/data/train/cgm/train-cgm-144.jpg,cgm,2
/content/drive/MyDrive/SKRIPSI/cassava-lora/data/train/cbsd/train-cbsd-223.jpg,cbsd,1
/content/drive/MyDrive/SKRIPSI/cassava-lora/data/train/cmd/train-cmd-617.jpg,cmd,3
/content/drive/MyDrive/SKRIPSI/cassava-lora/data/train/cbb/train-cbb-241.jpg,cbb,0
/content/drive/MyDrive/SKRIPSI/cassava-lora/data/train/cmd/train-cmd-198.jpg,cmd,3
/content/drive/MyDrive/SKRIPSI/cassava-lora/data/train/cgm/train-cgm-180.jpg,cgm,2
/content/drive/MyDrive/SKRIPSI/cassava-lora/data/train/cgm/train-cgm-183.jpg,cgm,2
/content/drive/MyDrive/SKRIPSI/cassava-lora/data/train/cbsd/train-cbsd-471.jpg,cbsd,1
/content/drive/MyDrive/SKRIPSI/cassava-lora/data/train/cbsd/train-cbsd-687.jpg,cbsd,1
/content/drive/MyDrive/SKRIPSI/cassava-lora/data/train/cgm/train-cgm-495.jpg,cgm,2
/content/drive/MyDrive/SKRIPSI/cassava-lora/data/train/cbsd/train-cbsd-714.jpg,cbsd,1
/content/drive/MyDrive/SKRIPSI/cassava-lora/data/train/cmd/train-cmd-556.jpg,cmd,3
/content/drive/MyDrive/SKRIPSI/cassava-lora/data/train/cbsd/train-cbsd-208.jpg,cbsd,1
/content/drive/MyDrive/SKRIPSI/cassava-lora/data/train/healthy/train-healthy-272.jpg,healthy,4
/content/drive/MyDrive/SKRIPSI/cassava-lora/data/train/cmd/train-cmd-2071.jpg,cmd,3
/content/drive/MyDrive/SKRIPSI/cassava-lora/data/train/cmd/train-cmd-1632.jpg,cmd,3
/content/drive/MyDrive/SKRIPSI/cassava-lora/data/train/cbsd/train-cbsd-1139.jpg,cbsd,1
/content/drive/MyDrive/SKRIPSI/cassava-lora/data/train/cbb/train-cbb-198.jpg,cbb,0
/content/drive/MyDrive/SKRIPSI/cassava-lora/data/train/cbsd/train-cbsd-503.jpg,cbsd,1
/content/drive/MyDrive/SKRIPSI/cassava-lora/data/train/cmd/train-cmd-1006.jpg,cmd,3
/content/drive/MyDrive/SKRIPSI/cassava-lora/data/train/cgm/train-cgm-402.jpg,cgm,2
/content/drive/MyDrive/SKRIPSI/cassava-lora/data/train/cgm/train-cgm-245.jpg,cgm,2
/content/drive/MyDrive/SKRIPSI/cassava-lora/data/train/healthy/train-healthy-165.jpg,healthy,4
/content/drive/MyDrive/SKRIPSI/cassava-lora/data/train/cbsd/train-cbsd-1277.jpg,cbsd,1
/content/drive/MyDrive/SKRIPSI/cassava-lora/data/train/healthy/train-healthy-241.jpg,healthy,4
/content/drive/MyDrive/SKRIPSI/cassava-lora/data/train/cmd/train-cmd-1941.jpg,cmd,3
/content/drive/MyDrive/SKRIPSI/cassava-lora/data/train/cgm/train-cgm-733.jpg,cgm,2
/content/drive/MyDrive/SKRIPSI/cassava-lora/data/train/cgm/train-cgm-77.jpg,cgm,2
/content/drive/MyDrive/SKRIPSI/cassava-lora/data/train/cmd/train-cmd-612.jpg,cmd,3
/content/drive/MyDrive/SKRIPSI/cassava-lora/data/train/cmd/train-cmd-1942.jpg,cmd,3
/content/drive/MyDrive/SKRIPSI/cassava-lora/data/train/cgm/train-cgm-472.jpg,cgm,2
/content/drive/MyDrive/SKRIPSI/cassava-lora/data/train/cbsd/train-cbsd-31.jpg,cbsd,1
/content/drive/MyDrive/SKRIPSI/cassava-lora/data/train/cgm/train-cgm-90.jpg,cgm,2
/content/drive/MyDrive/SKRIPSI/cassava-lora/data/train/cgm/train-cgm-287.jpg,cgm,2
/content/drive/MyDrive/SKRIPSI/cassava-lora/data/train/cgm/train-cgm-285.jpg,cgm,2
/content/drive/MyDrive/SKRIPSI/cassava-lora/data/train/cmd/train-cmd-1216.jpg,cmd,3
/content/drive/MyDrive/SKRIPSI/cassava-lora/data/train/cmd/train-cmd-142.jpg,cmd,3
/content/drive/MyDrive/SKRIPSI/cassava-lora/data/train/cbsd/train-cbsd-543.jpg,cbsd,1
/content/drive/MyDrive/SKRIPSI/cassava-lora/data/train/cmd/train-cmd-1707.jpg,cmd,3
/content/drive/MyDrive/SKRIPSI/cassava-lora/data/train/cmd/train-cmd-1112.jpg,cmd,3
/content/drive/MyDrive/SKRIPSI/cassava-lora/data/train/cmd/train-cmd-1977.jpg,cmd,3
/content/drive/MyDrive/SKRIPSI/cassava-lora/data/train/cmd/train-cmd-1773.jpg,cmd,3
/content/drive/MyDrive/SKRIPSI/cassava-lora/data/train/cmd/train-cmd-1517.jpg,cmd,3
/content/drive/MyDrive/SKRIPSI/cassava-lora/data/train/cmd/train-cmd-763.jpg,cmd,3
/content/drive/MyDrive/SKRIPSI/cassava-lora/data/train/cbsd/train-cbsd-379.jpg,cbsd,1
/content/drive/MyDrive/SKRIPSI/cassava-lora/data/train/healthy/train-healthy-282.jpg,healthy,4
/content/drive/MyDrive/SKRIPSI/cassava-lora/data/train/cbb/train-cbb-441.jpg,cbb,0
/content/drive/MyDrive/SKRIPSI/cassava-lora/data/train/cbsd/train-cbsd-557.jpg,cbsd,1
/content/drive/MyDrive/SKRIPSI/cassava-lora/data/train/healthy/train-healthy-195.jpg,healthy,4
/content/drive/MyDrive/SKRIPSI/cassava-lora/data/train/cmd/train-cmd-1211.jpg,cmd,3
/content/drive/MyDrive/SKRIPSI/cassava-lora/data/train/cmd/train-cmd-2201.jpg,cmd,3
/content/drive/MyDrive/SKRIPSI/cassava-lora/data/train/cbsd/train-cbsd-1381.jpg,cbsd,1
/content/drive/MyDrive/SKRIPSI/cassava-lora/data/train/healthy/train-healthy-138.jpg,healthy,4
/content/drive/MyDrive/SKRIPSI/cassava-lora/data/train/cmd/train-cmd-1854.jpg,cmd,3
/content/drive/MyDrive/SKRIPSI/cassava-lora/data/train/cbsd/train-cbsd-1376.jpg,cbsd,1
/content/drive/MyDrive/SKRIPSI/cassava-lora/data/train/cmd/train-cmd-1706.jpg,cmd,3
/content/drive/MyDrive/SKRIPSI/cassava-lora/data/train/cbsd/train-cbsd-502.jpg,cbsd,1
/content/drive/MyDrive/SKRIPSI/cassava-lora/data/train/cbb/train-cbb-227.jpg,cbb,0
/content/drive/MyDrive/SKRIPSI/cassava-lora/data/train/cmd/train-cmd-1358.jpg,cmd,3
/content/drive/MyDrive/SKRIPSI/cassava-lora/data/train/cmd/train-cmd-1096.jpg,cmd,3
/content/drive/MyDrive/SKRIPSI/cassava-lora/data/train/cmd/train-cmd-642.jpg,cmd,3
/content/drive/MyDrive/SKRIPSI/cassava-lora/data/train/cmd/train-cmd-2139.jpg,cmd,3
/content/drive/MyDrive/SKRIPSI/cassava-lora/data/train/cgm/train-cgm-693.jpg,cgm,2
/content/drive/MyDrive/SKRIPSI/cassava-lora/data/train/cbb/train-cbb-414.jpg,cbb,0
/content/drive/MyDrive/SKRIPSI/cassava-lora/data/train/cmd/train-cmd-2213.jpg,cmd,3
/content/drive/MyDrive/SKRIPSI/cassava-lora/data/train/cgm/train-cgm-568.jpg,cgm,2
/content/drive/MyDrive/SKRIPSI/cassava-lora/data/train/cmd/train-cmd-2530.jpg,cmd,3
/content/drive/MyDrive/SKRIPSI/cassava-lora/data/train/cmd/train-cmd-2203.jpg,cmd,3
/content/drive/MyDrive/SKRIPSI/cassava-lora/data/train/healthy/train-healthy-245.jpg,healthy,4
/content/drive/MyDrive/SKRIPSI/cassava-lora/data/train/cmd/train-cmd-922.jpg,cmd,3
/content/drive/MyDrive/SKRIPSI/cassava-lora/data/train/cmd/train-cmd-1729.jpg,cmd,3
/content/drive/MyDrive/SKRIPSI/cassava-lora/data/train/cbsd/train-cbsd-120.jpg,cbsd,1
/content/drive/MyDrive/SKRIPSI/cassava-lora/data/train/cbsd/train-cbsd-1014.jpg,cbsd,1
/content/drive/MyDrive/SKRIPSI/cassava-lora/data/train/cbb/train-cbb-348.jpg,cbb,0
/content/drive/MyDrive/SKRIPSI/cassava-lora/data/train/cmd/train-cmd-1072.jpg,cmd,3
/content/drive/MyDrive/SKRIPSI/cassava-lora/data/train/cmd/train-cmd-1542.jpg,cmd,3
/content/drive/MyDrive/SKRIPSI/cassava-lora/data/train/cbsd/train-cbsd-1004.jpg,cbsd,1
/content/drive/MyDrive/SKRIPSI/cassava-lora/data/train/cmd/train-cmd-787.jpg,cmd,3
/content/drive/MyDrive/SKRIPSI/cassava-lora/data/train/cmd/train-cmd-2303.jpg,cmd,3
/content/drive/MyDrive/SKRIPSI/cassava-lora/data/train/cbsd/train-cbsd-1249.jpg,cbsd,1
/content/drive/MyDrive/SKRIPSI/cassava-lora/data/train/cmd/train-cmd-1748.jpg,cmd,3
/content/drive/MyDrive/SKRIPSI/cassava-lora/data/train/cbsd/train-cbsd-1086.jpg,cbsd,1
/content/drive/MyDrive/SKRIPSI/cassava-lora/data/train/cmd/train-cmd-1638.jpg,cmd,3
/content/drive/MyDrive/SKRIPSI/cassava-lora/data/train/cmd/train-cmd-936.jpg,cmd,3
/content/drive/MyDrive/SKRIPSI/cassava-lora/data/train/cgm/train-cgm-55.jpg,cgm,2
/content/drive/MyDrive/SKRIPSI/cassava-lora/data/train/cmd/train-cmd-832.jpg,cmd,3
/content/drive/MyDrive/SKRIPSI/cassava-lora/data/train/cmd/train-cmd-2400.jpg,cmd,3
/content/drive/MyDrive/SKRIPSI/cassava-lora/data/train/cmd/train-cmd-537.jpg,cmd,3
/content/drive/MyDrive/SKRIPSI/cassava-lora/data/train/cgm/train-cgm-575.jpg,cgm,2
/content/drive/MyDrive/SKRIPSI/cassava-lora/data/train/cgm/train-cgm-134.jpg,cgm,2
/content/drive/MyDrive/SKRIPSI/cassava-lora/data/train/cgm/train-cgm-741.jpg,cgm,2
/content/drive/MyDrive/SKRIPSI/cassava-lora/data/train/cmd/train-cmd-1073.jpg,cmd,3
/content/drive/MyDrive/SKRIPSI/cassava-lora/data/train/cbsd/train-cbsd-201.jpg,cbsd,1
/content/drive/MyDrive/SKRIPSI/cassava-lora/data/train/cgm/train-cgm-554.jpg,cgm,2
/content/drive/MyDrive/SKRIPSI/cassava-lora/data/train/cmd/train-cmd-1507.jpg,cmd,3
/content/drive/MyDrive/SKRIPSI/cassava-lora/data/train/cgm/train-cgm-169.jpg,cgm,2
/content/drive/MyDrive/SKRIPSI/cassava-lora/data/train/cgm/train-cgm-535.jpg,cgm,2
/content/drive/MyDrive/SKRIPSI/cassava-lora/data/train/cmd/train-cmd-2316.jpg,cmd,3
/content/drive/MyDrive/SKRIPSI/cassava-lora/data/train/cmd/train-cmd-11.jpg,cmd,3
/content/drive/MyDrive/SKRIPSI/cassava-lora/data/train/cbb/train-cbb-182.jpg,cbb,0
/content/drive/MyDrive/SKRIPSI/cassava-lora/data/train/healthy/train-healthy-54.jpg,healthy,4
/content/drive/MyDrive/SKRIPSI/cassava-lora/data/train/cbsd/train-cbsd-675.jpg,cbsd,1
/content/drive/MyDrive/SKRIPSI/cassava-lora/data/train/cmd/train-cmd-1824.jpg,cmd,3
/content/drive/MyDrive/SKRIPSI/cassava-lora/data/train/cmd/train-cmd-1866.jpg,cmd,3
/content/drive/MyDrive/SKRIPSI/cassava-lora/data/train/cgm/train-cgm-477.jpg,cgm,2
/content/drive/MyDrive/SKRIPSI/cassava-lora/data/train/cbsd/train-cbsd-1344.jpg,cbsd,1
/content/drive/MyDrive/SKRIPSI/cassava-lora/data/train/cbsd/train-cbsd-292.jpg,cbsd,1
/content/drive/MyDrive/SKRIPSI/cassava-lora/data/train/cbb/train-cbb-87.jpg,cbb,0
/content/drive/MyDrive/SKRIPSI/cassava-lora/data/train/cmd/train-cmd-2514.jpg,cmd,3
/content/drive/MyDrive/SKRIPSI/cassava-lora/data/train/cbsd/train-cbsd-647.jpg,cbsd,1
/content/drive/MyDrive/SKRIPSI/cassava-lora/data/train/cbb/train-cbb-72.jpg,cbb,0
/content/drive/MyDrive/SKRIPSI/cassava-lora/data/train/cbb/train-cbb-61.jpg,cbb,0
/content/drive/MyDrive/SKRIPSI/cassava-lora/data/train/cmd/train-cmd-1709.jpg,cmd,3
/content/drive/MyDrive/SKRIPSI/cassava-lora/data/train/cmd/train-cmd-1875.jpg,cmd,3
/content/drive/MyDrive/SKRIPSI/cassava-lora/data/train/cgm/train-cgm-110.jpg,cgm,2
/content/drive/MyDrive/SKRIPSI/cassava-lora/data/train/cmd/train-cmd-2388.jpg,cmd,3
/content/drive/MyDrive/SKRIPSI/cassava-lora/data/train/cbsd/train-cbsd-839.jpg,cbsd,1
/content/drive/MyDrive/SKRIPSI/cassava-lora/data/train/healthy/train-healthy-198.jpg,healthy,4
/content/drive/MyDrive/SKRIPSI/cassava-lora/data/train/cmd/train-cmd-2230.jpg,cmd,3
/content/drive/MyDrive/SKRIPSI/cassava-lora/data/train/cgm/train-cgm-185.jpg,cgm,2
/content/drive/MyDrive/SKRIPSI/cassava-lora/data/train/cbsd/train-cbsd-135.jpg,cbsd,1
/content/drive/MyDrive/SKRIPSI/cassava-lora/data/train/cmd/train-cmd-374.jpg,cmd,3
/content/drive/MyDrive/SKRIPSI/cassava-lora/data/train/cmd/train-cmd-1036.jpg,cmd,3
/content/drive/MyDrive/SKRIPSI/cassava-lora/data/train/cbsd/train-cbsd-84.jpg,cbsd,1
/content/drive/MyDrive/SKRIPSI/cassava-lora/data/train/cmd/train-cmd-2156.jpg,cmd,3
/content/drive/MyDrive/SKRIPSI/cassava-lora/data/train/cmd/train-cmd-664.jpg,cmd,3
/content/drive/MyDrive/SKRIPSI/cassava-lora/data/train/cgm/train-cgm-578.jpg,cgm,2
/content/drive/MyDrive/SKRIPSI/cassava-lora/data/train/cmd/train-cmd-2466.jpg,cmd,3
/content/drive/MyDrive/SKRIPSI/cassava-lora/data/train/cmd/train-cmd-553.jpg,cmd,3
/content/drive/MyDrive/SKRIPSI/cassava-lora/data/train/cmd/train-cmd-2588.jpg,cmd,3
/content/drive/MyDrive/SKRIPSI/cassava-lora/data/train/cmd/train-cmd-2037.jpg,cmd,3
/content/drive/MyDrive/SKRIPSI/cassava-lora/data/train/cmd/train-cmd-2.jpg,cmd,3
/content/drive/MyDrive/SKRIPSI/cassava-lora/data/train/healthy/train-healthy-55.jpg,healthy,4
/content/drive/MyDrive/SKRIPSI/cassava-lora/data/train/cgm/train-cgm-562.jpg,cgm,2
/content/drive/MyDrive/SKRIPSI/cassava-lora/data/train/cgm/train-cgm-626.jpg,cgm,2
/content/drive/MyDrive/SKRIPSI/cassava-lora/data/train/cgm/train-cgm-184.jpg,cgm,2
/content/drive/MyDrive/SKRIPSI/cassava-lora/data/train/cgm/train-cgm-99.jpg,cgm,2
/content/drive/MyDrive/SKRIPSI/cassava-lora/data/train/cbb/train-cbb-30.jpg,cbb,0
/content/drive/MyDrive/SKRIPSI/cassava-lora/data/train/cmd/train-cmd-1982.jpg,cmd,3
/content/drive/MyDrive/SKRIPSI/cassava-lora/data/train/cmd/train-cmd-1229.jpg,cmd,3
/content/drive/MyDrive/SKRIPSI/cassava-lora/data/train/cbsd/train-cbsd-963.jpg,cbsd,1
/content/drive/MyDrive/SKRIPSI/cassava-lora/data/train/cmd/train-cmd-1127.jpg,cmd,3
/content/drive/MyDrive/SKRIPSI/cassava-lora/data/train/cbsd/train-cbsd-738.jpg,cbsd,1
/content/drive/MyDrive/SKRIPSI/cassava-lora/data/train/cbsd/train-cbsd-1263.jpg,cbsd,1
/content/drive/MyDrive/SKRIPSI/cassava-lora/data/train/cbsd/train-cbsd-1197.jpg,cbsd,1
/content/drive/MyDrive/SKRIPSI/cassava-lora/data/train/cbsd/train-cbsd-1036.jpg,cbsd,1
/content/drive/MyDrive/SKRIPSI/cassava-lora/data/train/cbsd/train-cbsd-322.jpg,cbsd,1
/content/drive/MyDrive/SKRIPSI/cassava-lora/data/train/cmd/train-cmd-1911.jpg,cmd,3
/content/drive/MyDrive/SKRIPSI/cassava-lora/data/train/cbb/train-cbb-356.jpg,cbb,0
/content/drive/MyDrive/SKRIPSI/cassava-lora/data/train/cgm/train-cgm-382.jpg,cgm,2
/content/drive/MyDrive/SKRIPSI/cassava-lora/data/train/cgm/train-cgm-474.jpg,cgm,2
/content/drive/MyDrive/SKRIPSI/cassava-lora/data/train/cbb/train-cbb-32.jpg,cbb,0
/content/drive/MyDrive/SKRIPSI/cassava-lora/data/train/cmd/train-cmd-1613.jpg,cmd,3
/content/drive/MyDrive/SKRIPSI/cassava-lora/data/train/cgm/train-cgm-660.jpg,cgm,2
/content/drive/MyDrive/SKRIPSI/cassava-lora/data/train/cbsd/train-cbsd-1363.jpg,cbsd,1
/content/drive/MyDrive/SKRIPSI/cassava-lora/data/train/cgm/train-cgm-231.jpg,cgm,2
/content/drive/MyDrive/SKRIPSI/cassava-lora/data/train/cmd/train-cmd-401.jpg,cmd,3
/content/drive/MyDrive/SKRIPSI/cassava-lora/data/train/cmd/train-cmd-1421.jpg,cmd,3
/content/drive/MyDrive/SKRIPSI/cassava-lora/data/train/cbsd/train-cbsd-539.jpg,cbsd,1
/content/drive/MyDrive/SKRIPSI/cassava-lora/data/train/cgm/train-cgm-434.jpg,cgm,2
/content/drive/MyDrive/SKRIPSI/cassava-lora/data/train/cmd/train-cmd-937.jpg,cmd,3
/content/drive/MyDrive/SKRIPSI/cassava-lora/data/train/cmd/train-cmd-190.jpg,cmd,3
/content/drive/MyDrive/SKRIPSI/cassava-lora/data/train/healthy/train-healthy-275.jpg,healthy,4
/content/drive/MyDrive/SKRIPSI/cassava-lora/data/train/cmd/train-cmd-551.jpg,cmd,3
/content/drive/MyDrive/SKRIPSI/cassava-lora/data/train/cmd/train-cmd-2125.jpg,cmd,3
/content/drive/MyDrive/SKRIPSI/cassava-lora/data/train/cmd/train-cmd-440.jpg,cmd,3
/content/drive/MyDrive/SKRIPSI/cassava-lora/data/train/cmd/train-cmd-707.jpg,cmd,3
/content/drive/MyDrive/SKRIPSI/cassava-lora/data/train/cmd/train-cmd-1519.jpg,cmd,3
/content/drive/MyDrive/SKRIPSI/cassava-lora/data/train/cbb/train-cbb-91.jpg,cbb,0
/content/drive/MyDrive/SKRIPSI/cassava-lora/data/train/cmd/train-cmd-196.jpg,cmd,3
/content/drive/MyDrive/SKRIPSI/cassava-lora/data/train/cmd/train-cmd-853.jpg,cmd,3
/content/drive/MyDrive/SKRIPSI/cassava-lora/data/train/cmd/train-cmd-764.jpg,cmd,3
/content/drive/MyDrive/SKRIPSI/cassava-lora/data/train/cbsd/train-cbsd-507.jpg,cbsd,1
/content/drive/MyDrive/SKRIPSI/cassava-lora/data/train/cmd/train-cmd-7.jpg,cmd,3
/content/drive/MyDrive/SKRIPSI/cassava-lora/data/train/cmd/train-cmd-983.jpg,cmd,3
/content/drive/MyDrive/SKRIPSI/cassava-lora/data/train/cgm/train-cgm-486.jpg,cgm,2
/content/drive/MyDrive/SKRIPSI/cassava-lora/data/train/cbsd/train-cbsd-939.jpg,cbsd,1
/content/drive/MyDrive/SKRIPSI/cassava-lora/data/train/cbsd/train-cbsd-624.jpg,cbsd,1
/content/drive/MyDrive/SKRIPSI/cassava-lora/data/train/cbsd/train-cbsd-959.jpg,cbsd,1
/content/drive/MyDrive/SKRIPSI/cassava-lora/data/train/cmd/train-cmd-1428.jpg,cmd,3
/content/drive/MyDrive/SKRIPSI/cassava-lora/data/train/cbsd/train-cbsd-1262.jpg,cbsd,1
/content/drive/MyDrive/SKRIPSI/cassava-lora/data/train/cmd/train-cmd-573.jpg,cmd,3
/content/drive/MyDrive/SKRIPSI/cassava-lora/data/train/cmd/train-cmd-2223.jpg,cmd,3
/content/drive/MyDrive/SKRIPSI/cassava-lora/data/train/cbsd/train-cbsd-616.jpg,cbsd,1
/content/drive/MyDrive/SKRIPSI/cassava-lora/data/train/cbsd/train-cbsd-246.jpg,cbsd,1
/content/drive/MyDrive/SKRIPSI/cassava-lora/data/train/cbsd/train-cbsd-286.jpg,cbsd,1
/content/drive/MyDrive/SKRIPSI/cassava-lora/data/train/cmd/train-cmd-2282.jpg,cmd,3
/content/drive/MyDrive/SKRIPSI/cassava-lora/data/train/cmd/train-cmd-1730.jpg,cmd,3
/content/drive/MyDrive/SKRIPSI/cassava-lora/data/train/cmd/train-cmd-2505.jpg,cmd,3
/content/drive/MyDrive/SKRIPSI/cassava-lora/data/train/cmd/train-cmd-2380.jpg,cmd,3
/content/drive/MyDrive/SKRIPSI/cassava-lora/data/train/cmd/train-cmd-1990.jpg,cmd,3
/content/drive/MyDrive/SKRIPSI/cassava-lora/data/train/cbb/train-cbb-417.jpg,cbb,0
/content/drive/MyDrive/SKRIPSI/cassava-lora/data/train/cgm/train-cgm-160.jpg,cgm,2
/content/drive/MyDrive/SKRIPSI/cassava-lora/data/train/cmd/train-cmd-1125.jpg,cmd,3
/content/drive/MyDrive/SKRIPSI/cassava-lora/data/train/cmd/train-cmd-2356.jpg,cmd,3
/content/drive/MyDrive/SKRIPSI/cassava-lora/data/train/cbb/train-cbb-308.jpg,cbb,0
/content/drive/MyDrive/SKRIPSI/cassava-lora/data/train/cmd/train-cmd-352.jpg,cmd,3
/content/drive/MyDrive/SKRIPSI/cassava-lora/data/train/cmd/train-cmd-986.jpg,cmd,3
/content/drive/MyDrive/SKRIPSI/cassava-lora/data/train/cmd/train-cmd-229.jpg,cmd,3
/content/drive/MyDrive/SKRIPSI/cassava-lora/data/train/cgm/train-cgm-437.jpg,cgm,2
/content/drive/MyDrive/SKRIPSI/cassava-lora/data/train/cmd/train-cmd-1720.jpg,cmd,3
/content/drive/MyDrive/SKRIPSI/cassava-lora/data/train/cmd/train-cmd-1398.jpg,cmd,3
/content/drive/MyDrive/SKRIPSI/cassava-lora/data/train/cbsd/train-cbsd-493.jpg,cbsd,1
/content/drive/MyDrive/SKRIPSI/cassava-lora/data/train/cbsd/train-cbsd-218.jpg,cbsd,1
/content/drive/MyDrive/SKRIPSI/cassava-lora/data/train/cmd/train-cmd-195.jpg,cmd,3
/content/drive/MyDrive/SKRIPSI/cassava-lora/data/train/cbsd/train-cbsd-603.jpg,cbsd,1
/content/drive/MyDrive/SKRIPSI/cassava-lora/data/train/cmd/train-cmd-809.jpg,cmd,3
/content/drive/MyDrive/SKRIPSI/cassava-lora/data/train/cbsd/train-cbsd-1098.jpg,cbsd,1
/content/drive/MyDrive/SKRIPSI/cassava-lora/data/train/cgm/train-cgm-159.jpg,cgm,2
/content/drive/MyDrive/SKRIPSI/cassava-lora/data/train/cmd/train-cmd-1538.jpg,cmd,3
/content/drive/MyDrive/SKRIPSI/cassava-lora/data/train/cbsd/train-cbsd-1143.jpg,cbsd,1
/content/drive/MyDrive/SKRIPSI/cassava-lora/data/train/cmd/train-cmd-337.jpg,cmd,3
/content/drive/MyDrive/SKRIPSI/cassava-lora/data/train/cgm/train-cgm-200.jpg,cgm,2
/content/drive/MyDrive/SKRIPSI/cassava-lora/data/train/cmd/train-cmd-1184.jpg,cmd,3
/content/drive/MyDrive/SKRIPSI/cassava-lora/data/train/cbsd/train-cbsd-237.jpg,cbsd,1
/content/drive/MyDrive/SKRIPSI/cassava-lora/data/train/cmd/train-cmd-1144.jpg,cmd,3
/content/drive/MyDrive/SKRIPSI/cassava-lora/data/train/cbsd/train-cbsd-984.jpg,cbsd,1
/content/drive/MyDrive/SKRIPSI/cassava-lora/data/train/cmd/train-cmd-705.jpg,cmd,3
/content/drive/MyDrive/SKRIPSI/cassava-lora/data/train/cbsd/train-cbsd-335.jpg,cbsd,1
/content/drive/MyDrive/SKRIPSI/cassava-lora/data/train/cgm/train-cgm-661.jpg,cgm,2
/content/drive/MyDrive/SKRIPSI/cassava-lora/data/train/cmd/train-cmd-1383.jpg,cmd,3
/content/drive/MyDrive/SKRIPSI/cassava-lora/data/train/cbsd/train-cbsd-154.jpg,cbsd,1
/content/drive/MyDrive/SKRIPSI/cassava-lora/data/train/cbsd/train-cbsd-895.jpg,cbsd,1
/content/drive/MyDrive/SKRIPSI/cassava-lora/data/train/cgm/train-cgm-54.jpg,cgm,2
/content/drive/MyDrive/SKRIPSI/cassava-lora/data/train/cbsd/train-cbsd-423.jpg,cbsd,1
/content/drive/MyDrive/SKRIPSI/cassava-lora/data/train/cmd/train-cmd-1629.jpg,cmd,3
/content/drive/MyDrive/SKRIPSI/cassava-lora/data/train/cmd/train-cmd-427.jpg,cmd,3
/content/drive/MyDrive/SKRIPSI/cassava-lora/data/train/cbsd/train-cbsd-6.jpg,cbsd,1
/content/drive/MyDrive/SKRIPSI/cassava-lora/data/train/cbsd/train-cbsd-713.jpg,cbsd,1
/content/drive/MyDrive/SKRIPSI/cassava-lora/data/train/cmd/train-cmd-1800.jpg,cmd,3
/content/drive/MyDrive/SKRIPSI/cassava-lora/data/train/healthy/train-healthy-121.jpg,healthy,4
/content/drive/MyDrive/SKRIPSI/cassava-lora/data/train/cbsd/train-cbsd-1379.jpg,cbsd,1
/content/drive/MyDrive/SKRIPSI/cassava-lora/data/train/cmd/train-cmd-655.jpg,cmd,3
/content/drive/MyDrive/SKRIPSI/cassava-lora/data/train/cmd/train-cmd-1508.jpg,cmd,3
/content/drive/MyDrive/SKRIPSI/cassava-lora/data/train/cgm/train-cgm-123.jpg,cgm,2
/content/drive/MyDrive/SKRIPSI/cassava-lora/data/train/cbsd/train-cbsd-1178.jpg,cbsd,1
/content/drive/MyDrive/SKRIPSI/cassava-lora/data/train/cmd/train-cmd-1662.jpg,cmd,3
/content/drive/MyDrive/SKRIPSI/cassava-lora/data/train/cbsd/train-cbsd-1134.jpg,cbsd,1
/content/drive/MyDrive/SKRIPSI/cassava-lora/data/train/cbsd/train-cbsd-474.jpg,cbsd,1
/content/drive/MyDrive/SKRIPSI/cassava-lora/data/train/cbsd/train-cbsd-876.jpg,cbsd,1
/content/drive/MyDrive/SKRIPSI/cassava-lora/data/train/cgm/train-cgm-737.jpg,cgm,2
/content/drive/MyDrive/SKRIPSI/cassava-lora/data/train/healthy/train-healthy-110.jpg,healthy,4
/content/drive/MyDrive/SKRIPSI/cassava-lora/data/train/cmd/train-cmd-2269.jpg,cmd,3
/content/drive/MyDrive/SKRIPSI/cassava-lora/data/train/cbsd/train-cbsd-1142.jpg,cbsd,1
/content/drive/MyDrive/SKRIPSI/cassava-lora/data/train/cmd/train-cmd-462.jpg,cmd,3
/content/drive/MyDrive/SKRIPSI/cassava-lora/data/train/cmd/train-cmd-1620.jpg,cmd,3
/content/drive/MyDrive/SKRIPSI/cassava-lora/data/train/healthy/train-healthy-218.jpg,healthy,4
/content/drive/MyDrive/SKRIPSI/cassava-lora/data/train/cgm/train-cgm-113.jpg,cgm,2
/content/drive/MyDrive/SKRIPSI/cassava-lora/data/train/cmd/train-cmd-2443.jpg,cmd,3
/content/drive/MyDrive/SKRIPSI/cassava-lora/data/train/cbb/train-cbb-463.jpg,cbb,0
/content/drive/MyDrive/SKRIPSI/cassava-lora/data/train/cbsd/train-cbsd-816.jpg,cbsd,1
/content/drive/MyDrive/SKRIPSI/cassava-lora/data/train/cmd/train-cmd-2094.jpg,cmd,3
/content/drive/MyDrive/SKRIPSI/cassava-lora/data/train/cbsd/train-cbsd-362.jpg,cbsd,1
/content/drive/MyDrive/SKRIPSI/cassava-lora/data/train/healthy/train-healthy-6.jpg,healthy,4
/content/drive/MyDrive/SKRIPSI/cassava-lora/data/train/cmd/train-cmd-512.jpg,cmd,3
/content/drive/MyDrive/SKRIPSI/cassava-lora/data/train/cbb/train-cbb-120.jpg,cbb,0
/content/drive/MyDrive/SKRIPSI/cassava-lora/data/train/cgm/train-cgm-221.jpg,cgm,2
/content/drive/MyDrive/SKRIPSI/cassava-lora/data/train/cbsd/train-cbsd-270.jpg,cbsd,1
/content/drive/MyDrive/SKRIPSI/cassava-lora/data/train/cbsd/train-cbsd-1108.jpg,cbsd,1
/content/drive/MyDrive/SKRIPSI/cassava-lora/data/train/cmd/train-cmd-1985.jpg,cmd,3
/content/drive/MyDrive/SKRIPSI/cassava-lora/data/train/cmd/train-cmd-680.jpg,cmd,3
/content/drive/MyDrive/SKRIPSI/cassava-lora/data/train/cbsd/train-cbsd-869.jpg,cbsd,1
/content/drive/MyDrive/SKRIPSI/cassava-lora/data/train/cmd/train-cmd-724.jpg,cmd,3
/content/drive/MyDrive/SKRIPSI/cassava-lora/data/train/cmd/train-cmd-1878.jpg,cmd,3
/content/drive/MyDrive/SKRIPSI/cassava-lora/data/train/cmd/train-cmd-2579.jpg,cmd,3
/content/drive/MyDrive/SKRIPSI/cassava-lora/data/train/healthy/train-healthy-309.jpg,healthy,4
/content/drive/MyDrive/SKRIPSI/cassava-lora/data/train/cmd/train-cmd-465.jpg,cmd,3
/content/drive/MyDrive/SKRIPSI/cassava-lora/data/train/cbsd/train-cbsd-24.jpg,cbsd,1
/content/drive/MyDrive/SKRIPSI/cassava-lora/data/train/cbsd/train-cbsd-349.jpg,cbsd,1
/content/drive/MyDrive/SKRIPSI/cassava-lora/data/train/cmd/train-cmd-1644.jpg,cmd,3
/content/drive/MyDrive/SKRIPSI/cassava-lora/data/train/cbb/train-cbb-211.jpg,cbb,0
/content/drive/MyDrive/SKRIPSI/cassava-lora/data/train/cbsd/train-cbsd-905.jpg,cbsd,1
/content/drive/MyDrive/SKRIPSI/cassava-lora/data/train/cmd/train-cmd-1842.jpg,cmd,3
/content/drive/MyDrive/SKRIPSI/cassava-lora/data/train/cmd/train-cmd-2204.jpg,cmd,3
/content/drive/MyDrive/SKRIPSI/cassava-lora/data/train/cmd/train-cmd-895.jpg,cmd,3
/content/drive/MyDrive/SKRIPSI/cassava-lora/data/train/cmd/train-cmd-327.jpg,cmd,3
/content/drive/MyDrive/SKRIPSI/cassava-lora/data/train/cmd/train-cmd-2076.jpg,cmd,3
/content/drive/MyDrive/SKRIPSI/cassava-lora/data/train/healthy/train-healthy-208.jpg,healthy,4
/content/drive/MyDrive/SKRIPSI/cassava-lora/data/train/cbsd/train-cbsd-113.jpg,cbsd,1
/content/drive/MyDrive/SKRIPSI/cassava-lora/data/train/cmd/train-cmd-1667.jpg,cmd,3
/content/drive/MyDrive/SKRIPSI/cassava-lora/data/train/cbb/train-cbb-206.jpg,cbb,0
/content/drive/MyDrive/SKRIPSI/cassava-lora/data/train/cmd/train-cmd-739.jpg,cmd,3
/content/drive/MyDrive/SKRIPSI/cassava-lora/data/train/cgm/train-cgm-101.jpg,cgm,2
/content/drive/MyDrive/SKRIPSI/cassava-lora/data/train/cgm/train-cgm-446.jpg,cgm,2
/content/drive/MyDrive/SKRIPSI/cassava-lora/data/train/cgm/train-cgm-249.jpg,cgm,2
/content/drive/MyDrive/SKRIPSI/cassava-lora/data/train/cmd/train-cmd-2043.jpg,cmd,3
/content/drive/MyDrive/SKRIPSI/cassava-lora/data/train/cgm/train-cgm-381.jpg,cgm,2
/content/drive/MyDrive/SKRIPSI/cassava-lora/data/train/cmd/train-cmd-923.jpg,cmd,3
/content/drive/MyDrive/SKRIPSI/cassava-lora/data/train/cmd/train-cmd-1107.jpg,cmd,3
/content/drive/MyDrive/SKRIPSI/cassava-lora/data/train/cbsd/train-cbsd-1357.jpg,cbsd,1
/content/drive/MyDrive/SKRIPSI/cassava-lora/data/train/cmd/train-cmd-2651.jpg,cmd,3
/content/drive/MyDrive/SKRIPSI/cassava-lora/data/train/cmd/train-cmd-819.jpg,cmd,3
/content/drive/MyDrive/SKRIPSI/cassava-lora/data/train/cbsd/train-cbsd-418.jpg,cbsd,1
/content/drive/MyDrive/SKRIPSI/cassava-lora/data/train/cmd/train-cmd-1381.jpg,cmd,3
/content/drive/MyDrive/SKRIPSI/cassava-lora/data/train/cmd/train-cmd-566.jpg,cmd,3
/content/drive/MyDrive/SKRIPSI/cassava-lora/data/train/cbsd/train-cbsd-293.jpg,cbsd,1
/content/drive/MyDrive/SKRIPSI/cassava-lora/data/train/cgm/train-cgm-46.jpg,cgm,2
/content/drive/MyDrive/SKRIPSI/cassava-lora/data/train/cmd/train-cmd-828.jpg,cmd,3
/content/drive/MyDrive/SKRIPSI/cassava-lora/data/train/cbsd/train-cbsd-1305.jpg,cbsd,1
/content/drive/MyDrive/SKRIPSI/cassava-lora/data/train/healthy/train-healthy-304.jpg,healthy,4
/content/drive/MyDrive/SKRIPSI/cassava-lora/data/train/cmd/train-cmd-128.jpg,cmd,3
/content/drive/MyDrive/SKRIPSI/cassava-lora/data/train/cgm/train-cgm-431.jpg,cgm,2
/content/drive/MyDrive/SKRIPSI/cassava-lora/data/train/cmd/train-cmd-1208.jpg,cmd,3
/content/drive/MyDrive/SKRIPSI/cassava-lora/data/train/cbsd/train-cbsd-669.jpg,cbsd,1
/content/drive/MyDrive/SKRIPSI/cassava-lora/data/train/cmd/train-cmd-300.jpg,cmd,3
/content/drive/MyDrive/SKRIPSI/cassava-lora/data/train/cmd/train-cmd-1089.jpg,cmd,3
/content/drive/MyDrive/SKRIPSI/cassava-lora/data/train/cmd/train-cmd-1919.jpg,cmd,3
/content/drive/MyDrive/SKRIPSI/cassava-lora/data/train/cbsd/train-cbsd-614.jpg,cbsd,1
/content/drive/MyDrive/SKRIPSI/cassava-lora/data/train/cbsd/train-cbsd-1260.jpg,cbsd,1
/content/drive/MyDrive/SKRIPSI/cassava-lora/data/train/cbsd/train-cbsd-395.jpg,cbsd,1
/content/drive/MyDrive/SKRIPSI/cassava-lora/data/train/cmd/train-cmd-661.jpg,cmd,3
/content/drive/MyDrive/SKRIPSI/cassava-lora/data/train/cgm/train-cgm-689.jpg,cgm,2
/content/drive/MyDrive/SKRIPSI/cassava-lora/data/train/cmd/train-cmd-1344.jpg,cmd,3
/content/drive/MyDrive/SKRIPSI/cassava-lora/data/train/cgm/train-cgm-420.jpg,cgm,2
/content/drive/MyDrive/SKRIPSI/cassava-lora/data/train/cmd/train-cmd-1647.jpg,cmd,3
/content/drive/MyDrive/SKRIPSI/cassava-lora/data/train/cmd/train-cmd-2215.jpg,cmd,3
/content/drive/MyDrive/SKRIPSI/cassava-lora/data/train/cmd/train-cmd-2219.jpg,cmd,3
/content/drive/MyDrive/SKRIPSI/cassava-lora/data/train/cgm/train-cgm-181.jpg,cgm,2
/content/drive/MyDrive/SKRIPSI/cassava-lora/data/train/cgm/train-cgm-654.jpg,cgm,2
/content/drive/MyDrive/SKRIPSI/cassava-lora/data/train/cbsd/train-cbsd-596.jpg,cbsd,1
/content/drive/MyDrive/SKRIPSI/cassava-lora/data/train/cmd/train-cmd-2568.jpg,cmd,3
/content/drive/MyDrive/SKRIPSI/cassava-lora/data/train/healthy/train-healthy-63.jpg,healthy,4
/content/drive/MyDrive/SKRIPSI/cassava-lora/data/train/cbsd/train-cbsd-1180.jpg,cbsd,1
/content/drive/MyDrive/SKRIPSI/cassava-lora/data/train/cbb/train-cbb-179.jpg,cbb,0
/content/drive/MyDrive/SKRIPSI/cassava-lora/data/train/cbsd/train-cbsd-983.jpg,cbsd,1
/content/drive/MyDrive/SKRIPSI/cassava-lora/data/train/cbsd/train-cbsd-964.jpg,cbsd,1
/content/drive/MyDrive/SKRIPSI/cassava-lora/data/train/cmd/train-cmd-233.jpg,cmd,3
/content/drive/MyDrive/SKRIPSI/cassava-lora/data/train/cgm/train-cgm-533.jpg,cgm,2
/content/drive/MyDrive/SKRIPSI/cassava-lora/data/train/cmd/train-cmd-1333.jpg,cmd,3
/content/drive/MyDrive/SKRIPSI/cassava-lora/data/train/cmd/train-cmd-1259.jpg,cmd,3
/content/drive/MyDrive/SKRIPSI/cassava-lora/data/train/cmd/train-cmd-808.jpg,cmd,3
/content/drive/MyDrive/SKRIPSI/cassava-lora/data/train/cbsd/train-cbsd-809.jpg,cbsd,1
/content/drive/MyDrive/SKRIPSI/cassava-lora/data/train/cbsd/train-cbsd-1403.jpg,cbsd,1
/content/drive/MyDrive/SKRIPSI/cassava-lora/data/train/cmd/train-cmd-1294.jpg,cmd,3
/content/drive/MyDrive/SKRIPSI/cassava-lora/data/train/cbsd/train-cbsd-610.jpg,cbsd,1
/content/drive/MyDrive/SKRIPSI/cassava-lora/data/train/cbb/train-cbb-53.jpg,cbb,0
/content/drive/MyDrive/SKRIPSI/cassava-lora/data/train/cgm/train-cgm-427.jpg,cgm,2
/content/drive/MyDrive/SKRIPSI/cassava-lora/data/train/cmd/train-cmd-2567.jpg,cmd,3
/content/drive/MyDrive/SKRIPSI/cassava-lora/data/train/cmd/train-cmd-336.jpg,cmd,3
/content/drive/MyDrive/SKRIPSI/cassava-lora/data/train/cgm/train-cgm-449.jpg,cgm,2
/content/drive/MyDrive/SKRIPSI/cassava-lora/data/train/cbsd/train-cbsd-1223.jpg,cbsd,1
/content/drive/MyDrive/SKRIPSI/cassava-lora/data/train/cmd/train-cmd-1484.jpg,cmd,3
/content/drive/MyDrive/SKRIPSI/cassava-lora/data/train/cbb/train-cbb-55.jpg,cbb,0
/content/drive/MyDrive/SKRIPSI/cassava-lora/data/train/cmd/train-cmd-114.jpg,cmd,3
/content/drive/MyDrive/SKRIPSI/cassava-lora/data/train/cmd/train-cmd-2322.jpg,cmd,3
/content/drive/MyDrive/SKRIPSI/cassava-lora/data/train/cmd/train-cmd-426.jpg,cmd,3
/content/drive/MyDrive/SKRIPSI/cassava-lora/data/train/cbb/train-cbb-271.jpg,cbb,0
/content/drive/MyDrive/SKRIPSI/cassava-lora/data/train/cbsd/train-cbsd-329.jpg,cbsd,1
/content/drive/MyDrive/SKRIPSI/cassava-lora/data/train/cmd/train-cmd-770.jpg,cmd,3
/content/drive/MyDrive/SKRIPSI/cassava-lora/data/train/cbsd/train-cbsd-106.jpg,cbsd,1
/content/drive/MyDrive/SKRIPSI/cassava-lora/data/train/cmd/train-cmd-792.jpg,cmd,3
/content/drive/MyDrive/SKRIPSI/cassava-lora/data/train/cmd/train-cmd-507.jpg,cmd,3
/content/drive/MyDrive/SKRIPSI/cassava-lora/data/train/cmd/train-cmd-1293.jpg,cmd,3
/content/drive/MyDrive/SKRIPSI/cassava-lora/data/train/cbsd/train-cbsd-977.jpg,cbsd,1
/content/drive/MyDrive/SKRIPSI/cassava-lora/data/train/cmd/train-cmd-570.jpg,cmd,3
/content/drive/MyDrive/SKRIPSI/cassava-lora/data/train/cmd/train-cmd-2474.jpg,cmd,3
/content/drive/MyDrive/SKRIPSI/cassava-lora/data/train/cgm/train-cgm-643.jpg,cgm,2
/content/drive/MyDrive/SKRIPSI/cassava-lora/data/train/cmd/train-cmd-278.jpg,cmd,3
/content/drive/MyDrive/SKRIPSI/cassava-lora/data/train/cbb/train-cbb-354.jpg,cbb,0
/content/drive/MyDrive/SKRIPSI/cassava-lora/data/train/cmd/train-cmd-2285.jpg,cmd,3
/content/drive/MyDrive/SKRIPSI/cassava-lora/data/train/cgm/train-cgm-300.jpg,cgm,2
/content/drive/MyDrive/SKRIPSI/cassava-lora/data/train/cmd/train-cmd-1529.jpg,cmd,3
/content/drive/MyDrive/SKRIPSI/cassava-lora/data/train/cmd/train-cmd-18.jpg,cmd,3
/content/drive/MyDrive/SKRIPSI/cassava-lora/data/train/cgm/train-cgm-170.jpg,cgm,2
/content/drive/MyDrive/SKRIPSI/cassava-lora/data/train/cmd/train-cmd-1818.jpg,cmd,3
/content/drive/MyDrive/SKRIPSI/cassava-lora/data/train/cmd/train-cmd-851.jpg,cmd,3
/content/drive/MyDrive/SKRIPSI/cassava-lora/data/train/cmd/train-cmd-1192.jpg,cmd,3
/content/drive/MyDrive/SKRIPSI/cassava-lora/data/train/cbsd/train-cbsd-222.jpg,cbsd,1
/content/drive/MyDrive/SKRIPSI/cassava-lora/data/train/cmd/train-cmd-120.jpg,cmd,3
/content/drive/MyDrive/SKRIPSI/cassava-lora/data/train/cbsd/train-cbsd-1045.jpg,cbsd,1
/content/drive/MyDrive/SKRIPSI/cassava-lora/data/train/cgm/train-cgm-409.jpg,cgm,2
/content/drive/MyDrive/SKRIPSI/cassava-lora/data/train/healthy/train-healthy-69.jpg,healthy,4
/content/drive/MyDrive/SKRIPSI/cassava-lora/data/train/cbsd/train-cbsd-762.jpg,cbsd,1
/content/drive/MyDrive/SKRIPSI/cassava-lora/data/train/cmd/train-cmd-771.jpg,cmd,3
/content/drive/MyDrive/SKRIPSI/cassava-lora/data/train/cmd/train-cmd-2342.jpg,cmd,3
/content/drive/MyDrive/SKRIPSI/cassava-lora/data/train/cbsd/train-cbsd-1076.jpg,cbsd,1
/content/drive/MyDrive/SKRIPSI/cassava-lora/data/train/cmd/train-cmd-2063.jpg,cmd,3
/content/drive/MyDrive/SKRIPSI/cassava-lora/data/train/cgm/train-cgm-93.jpg,cgm,2
/content/drive/MyDrive/SKRIPSI/cassava-lora/data/train/cbsd/train-cbsd-970.jpg,cbsd,1
/content/drive/MyDrive/SKRIPSI/cassava-lora/data/train/cbsd/train-cbsd-877.jpg,cbsd,1
/content/drive/MyDrive/SKRIPSI/cassava-lora/data/train/cmd/train-cmd-710.jpg,cmd,3
/content/drive/MyDrive/SKRIPSI/cassava-lora/data/train/cmd/train-cmd-2198.jpg,cmd,3
/content/drive/MyDrive/SKRIPSI/cassava-lora/data/train/healthy/train-healthy-76.jpg,healthy,4
/content/drive/MyDrive/SKRIPSI/cassava-lora/data/train/cmd/train-cmd-944.jpg,cmd,3
/content/drive/MyDrive/SKRIPSI/cassava-lora/data/train/cmd/train-cmd-1671.jpg,cmd,3
/content/drive/MyDrive/SKRIPSI/cassava-lora/data/train/cmd/train-cmd-2477.jpg,cmd,3
/content/drive/MyDrive/SKRIPSI/cassava-lora/data/train/cbsd/train-cbsd-1151.jpg,cbsd,1
/content/drive/MyDrive/SKRIPSI/cassava-lora/data/train/cbsd/train-cbsd-88.jpg,cbsd,1
/content/drive/MyDrive/SKRIPSI/cassava-lora/data/train/cgm/train-cgm-312.jpg,cgm,2
/content/drive/MyDrive/SKRIPSI/cassava-lora/data/train/cmd/train-cmd-2608.jpg,cmd,3
/content/drive/MyDrive/SKRIPSI/cassava-lora/data/train/cbb/train-cbb-132.jpg,cbb,0
/content/drive/MyDrive/SKRIPSI/cassava-lora/data/train/cmd/train-cmd-391.jpg,cmd,3
/content/drive/MyDrive/SKRIPSI/cassava-lora/data/train/cmd/train-cmd-1749.jpg,cmd,3
/content/drive/MyDrive/SKRIPSI/cassava-lora/data/train/cmd/train-cmd-2483.jpg,cmd,3
/content/drive/MyDrive/SKRIPSI/cassava-lora/data/train/cgm/train-cgm-146.jpg,cgm,2
/content/drive/MyDrive/SKRIPSI/cassava-lora/data/train/cmd/train-cmd-915.jpg,cmd,3
/content/drive/MyDrive/SKRIPSI/cassava-lora/data/train/cmd/train-cmd-81.jpg,cmd,3
/content/drive/MyDrive/SKRIPSI/cassava-lora/data/train/cbsd/train-cbsd-452.jpg,cbsd,1
/content/drive/MyDrive/SKRIPSI/cassava-lora/data/train/cmd/train-cmd-379.jpg,cmd,3
/content/drive/MyDrive/SKRIPSI/cassava-lora/data/train/cbsd/train-cbsd-982.jpg,cbsd,1
/content/drive/MyDrive/SKRIPSI/cassava-lora/data/train/cbsd/train-cbsd-267.jpg,cbsd,1
/content/drive/MyDrive/SKRIPSI/cassava-lora/data/train/cmd/train-cmd-2075.jpg,cmd,3
/content/drive/MyDrive/SKRIPSI/cassava-lora/data/train/cbsd/train-cbsd-890.jpg,cbsd,1
/content/drive/MyDrive/SKRIPSI/cassava-lora/data/train/cbb/train-cbb-451.jpg,cbb,0
/content/drive/MyDrive/SKRIPSI/cassava-lora/data/train/cbsd/train-cbsd-47.jpg,cbsd,1
/content/drive/MyDrive/SKRIPSI/cassava-lora/data/train/cgm/train-cgm-35.jpg,cgm,2
/content/drive/MyDrive/SKRIPSI/cassava-lora/data/train/cgm/train-cgm-172.jpg,cgm,2
/content/drive/MyDrive/SKRIPSI/cassava-lora/data/train/cgm/train-cgm-560.jpg,cgm,2
/content/drive/MyDrive/SKRIPSI/cassava-lora/data/train/cbsd/train-cbsd-41.jpg,cbsd,1
/content/drive/MyDrive/SKRIPSI/cassava-lora/data/train/cbb/train-cbb-410.jpg,cbb,0
/content/drive/MyDrive/SKRIPSI/cassava-lora/data/train/cmd/train-cmd-307.jpg,cmd,3
/content/drive/MyDrive/SKRIPSI/cassava-lora/data/train/cbsd/train-cbsd-401.jpg,cbsd,1
/content/drive/MyDrive/SKRIPSI/cassava-lora/data/train/cbsd/train-cbsd-1061.jpg,cbsd,1
/content/drive/MyDrive/SKRIPSI/cassava-lora/data/train/cbsd/train-cbsd-680.jpg,cbsd,1
/content/drive/MyDrive/SKRIPSI/cassava-lora/data/train/cmd/train-cmd-293.jpg,cmd,3
/content/drive/MyDrive/SKRIPSI/cassava-lora/data/train/cbsd/train-cbsd-553.jpg,cbsd,1
/content/drive/MyDrive/SKRIPSI/cassava-lora/data/train/cmd/train-cmd-216.jpg,cmd,3
/content/drive/MyDrive/SKRIPSI/cassava-lora/data/train/cbb/train-cbb-161.jpg,cbb,0
/content/drive/MyDrive/SKRIPSI/cassava-lora/data/train/cmd/train-cmd-2496.jpg,cmd,3
/content/drive/MyDrive/SKRIPSI/cassava-lora/data/train/healthy/train-healthy-193.jpg,healthy,4
/content/drive/MyDrive/SKRIPSI/cassava-lora/data/train/cbsd/train-cbsd-1177.jpg,cbsd,1
/content/drive/MyDrive/SKRIPSI/cassava-lora/data/train/cbsd/train-cbsd-1112.jpg,cbsd,1
/content/drive/MyDrive/SKRIPSI/cassava-lora/data/train/cbsd/train-cbsd-460.jpg,cbsd,1
/content/drive/MyDrive/SKRIPSI/cassava-lora/data/train/cgm/train-cgm-658.jpg,cgm,2
/content/drive/MyDrive/SKRIPSI/cassava-lora/data/train/cmd/train-cmd-1821.jpg,cmd,3
/content/drive/MyDrive/SKRIPSI/cassava-lora/data/train/cmd/train-cmd-602.jpg,cmd,3
/content/drive/MyDrive/SKRIPSI/cassava-lora/data/train/cgm/train-cgm-715.jpg,cgm,2
/content/drive/MyDrive/SKRIPSI/cassava-lora/data/train/cgm/train-cgm-197.jpg,cgm,2
/content/drive/MyDrive/SKRIPSI/cassava-lora/data/train/cbsd/train-cbsd-1230.jpg,cbsd,1
/content/drive/MyDrive/SKRIPSI/cassava-lora/data/train/cbsd/train-cbsd-4.jpg,cbsd,1
/content/drive/MyDrive/SKRIPSI/cassava-lora/data/train/cmd/train-cmd-2066.jpg,cmd,3
/content/drive/MyDrive/SKRIPSI/cassava-lora/data/train/healthy/train-healthy-295.jpg,healthy,4
/content/drive/MyDrive/SKRIPSI/cassava-lora/data/train/cmd/train-cmd-1670.jpg,cmd,3
/content/drive/MyDrive/SKRIPSI/cassava-lora/data/train/cmd/train-cmd-548.jpg,cmd,3
/content/drive/MyDrive/SKRIPSI/cassava-lora/data/train/cgm/train-cgm-636.jpg,cgm,2
/content/drive/MyDrive/SKRIPSI/cassava-lora/data/train/cmd/train-cmd-112.jpg,cmd,3
/content/drive/MyDrive/SKRIPSI/cassava-lora/data/train/cmd/train-cmd-513.jpg,cmd,3
/content/drive/MyDrive/SKRIPSI/cassava-lora/data/train/cgm/train-cgm-625.jpg,cgm,2
/content/drive/MyDrive/SKRIPSI/cassava-lora/data/train/cmd/train-cmd-1116.jpg,cmd,3
/content/drive/MyDrive/SKRIPSI/cassava-lora/data/train/cgm/train-cgm-163.jpg,cgm,2
/content/drive/MyDrive/SKRIPSI/cassava-lora/data/train/cmd/train-cmd-1050.jpg,cmd,3
/content/drive/MyDrive/SKRIPSI/cassava-lora/data/train/cmd/train-cmd-2115.jpg,cmd,3
/content/drive/MyDrive/SKRIPSI/cassava-lora/data/train/cgm/train-cgm-613.jpg,cgm,2
/content/drive/MyDrive/SKRIPSI/cassava-lora/data/train/healthy/train-healthy-93.jpg,healthy,4
/content/drive/MyDrive/SKRIPSI/cassava-lora/data/train/cmd/train-cmd-1126.jpg,cmd,3
/content/drive/MyDrive/SKRIPSI/cassava-lora/data/train/cbsd/train-cbsd-949.jpg,cbsd,1
/content/drive/MyDrive/SKRIPSI/cassava-lora/data/train/cmd/train-cmd-438.jpg,cmd,3
/content/drive/MyDrive/SKRIPSI/cassava-lora/data/train/cmd/train-cmd-1427.jpg,cmd,3
/content/drive/MyDrive/SKRIPSI/cassava-lora/data/train/cmd/train-cmd-27.jpg,cmd,3
/content/drive/MyDrive/SKRIPSI/cassava-lora/data/train/cbsd/train-cbsd-317.jpg,cbsd,1
/content/drive/MyDrive/SKRIPSI/cassava-lora/data/train/cbb/train-cbb-67.jpg,cbb,0
/content/drive/MyDrive/SKRIPSI/cassava-lora/data/train/cmd/train-cmd-1983.jpg,cmd,3
/content/drive/MyDrive/SKRIPSI/cassava-lora/data/train/cbsd/train-cbsd-105.jpg,cbsd,1
/content/drive/MyDrive/SKRIPSI/cassava-lora/data/train/cmd/train-cmd-1114.jpg,cmd,3
/content/drive/MyDrive/SKRIPSI/cassava-lora/data/train/cbb/train-cbb-452.jpg,cbb,0
/content/drive/MyDrive/SKRIPSI/cassava-lora/data/train/cmd/train-cmd-1252.jpg,cmd,3
/content/drive/MyDrive/SKRIPSI/cassava-lora/data/train/cmd/train-cmd-996.jpg,cmd,3
/content/drive/MyDrive/SKRIPSI/cassava-lora/data/train/healthy/train-healthy-232.jpg,healthy,4
/content/drive/MyDrive/SKRIPSI/cassava-lora/data/train/cgm/train-cgm-149.jpg,cgm,2
/content/drive/MyDrive/SKRIPSI/cassava-lora/data/train/cmd/train-cmd-590.jpg,cmd,3
/content/drive/MyDrive/SKRIPSI/cassava-lora/data/train/cmd/train-cmd-1895.jpg,cmd,3
/content/drive/MyDrive/SKRIPSI/cassava-lora/data/train/cmd/train-cmd-20.jpg,cmd,3
/content/drive/MyDrive/SKRIPSI/cassava-lora/data/train/cgm/train-cgm-561.jpg,cgm,2
/content/drive/MyDrive/SKRIPSI/cassava-lora/data/train/cbsd/train-cbsd-278.jpg,cbsd,1
/content/drive/MyDrive/SKRIPSI/cassava-lora/data/train/cbsd/train-cbsd-524.jpg,cbsd,1
/content/drive/MyDrive/SKRIPSI/cassava-lora/data/train/cbb/train-cbb-199.jpg,cbb,0
/content/drive/MyDrive/SKRIPSI/cassava-lora/data/train/cmd/train-cmd-1241.jpg,cmd,3
/content/drive/MyDrive/SKRIPSI/cassava-lora/data/train/cgm/train-cgm-769.jpg,cgm,2
/content/drive/MyDrive/SKRIPSI/cassava-lora/data/train/cgm/train-cgm-348.jpg,cgm,2
/content/drive/MyDrive/SKRIPSI/cassava-lora/data/train/cgm/train-cgm-516.jpg,cgm,2
/content/drive/MyDrive/SKRIPSI/cassava-lora/data/train/cmd/train-cmd-909.jpg,cmd,3
/content/drive/MyDrive/SKRIPSI/cassava-lora/data/train/cmd/train-cmd-918.jpg,cmd,3
/content/drive/MyDrive/SKRIPSI/cassava-lora/data/train/healthy/train-healthy-217.jpg,healthy,4
/content/drive/MyDrive/SKRIPSI/cassava-lora/data/train/cgm/train-cgm-14.jpg,cgm,2
/content/drive/MyDrive/SKRIPSI/cassava-lora/data/train/cbsd/train-cbsd-1166.jpg,cbsd,1
/content/drive/MyDrive/SKRIPSI/cassava-lora/data/train/cbsd/train-cbsd-73.jpg,cbsd,1
/content/drive/MyDrive/SKRIPSI/cassava-lora/data/train/cbsd/train-cbsd-145.jpg,cbsd,1
/content/drive/MyDrive/SKRIPSI/cassava-lora/data/train/cmd/train-cmd-395.jpg,cmd,3
/content/drive/MyDrive/SKRIPSI/cassava-lora/data/train/cbsd/train-cbsd-523.jpg,cbsd,1
/content/drive/MyDrive/SKRIPSI/cassava-lora/data/train/cmd/train-cmd-1788.jpg,cmd,3
/content/drive/MyDrive/SKRIPSI/cassava-lora/data/train/cbb/train-cbb-436.jpg,cbb,0
/content/drive/MyDrive/SKRIPSI/cassava-lora/data/train/cmd/train-cmd-146.jpg,cmd,3
/content/drive/MyDrive/SKRIPSI/cassava-lora/data/train/cgm/train-cgm-328.jpg,cgm,2
/content/drive/MyDrive/SKRIPSI/cassava-lora/data/train/cmd/train-cmd-1483.jpg,cmd,3
/content/drive/MyDrive/SKRIPSI/cassava-lora/data/train/cmd/train-cmd-659.jpg,cmd,3
/content/drive/MyDrive/SKRIPSI/cassava-lora/data/train/cmd/train-cmd-2049.jpg,cmd,3
/content/drive/MyDrive/SKRIPSI/cassava-lora/data/train/cmd/train-cmd-1658.jpg,cmd,3
/content/drive/MyDrive/SKRIPSI/cassava-lora/data/train/healthy/train-healthy-158.jpg,healthy,4
/content/drive/MyDrive/SKRIPSI/cassava-lora/data/train/cgm/train-cgm-71.jpg,cgm,2
/content/drive/MyDrive/SKRIPSI/cassava-lora/data/train/cmd/train-cmd-1271.jpg,cmd,3
/content/drive/MyDrive/SKRIPSI/cassava-lora/data/train/cbsd/train-cbsd-1150.jpg,cbsd,1
/content/drive/MyDrive/SKRIPSI/cassava-lora/data/train/cmd/train-cmd-575.jpg,cmd,3
/content/drive/MyDrive/SKRIPSI/cassava-lora/data/train/cmd/train-cmd-413.jpg,cmd,3
/content/drive/MyDrive/SKRIPSI/cassava-lora/data/train/cmd/train-cmd-1830.jpg,cmd,3
/content/drive/MyDrive/SKRIPSI/cassava-lora/data/train/cbsd/train-cbsd-882.jpg,cbsd,1
/content/drive/MyDrive/SKRIPSI/cassava-lora/data/train/cmd/train-cmd-1932.jpg,cmd,3
/content/drive/MyDrive/SKRIPSI/cassava-lora/data/train/cmd/train-cmd-1534.jpg,cmd,3
/content/drive/MyDrive/SKRIPSI/cassava-lora/data/train/cmd/train-cmd-2550.jpg,cmd,3
/content/drive/MyDrive/SKRIPSI/cassava-lora/data/train/cbsd/train-cbsd-695.jpg,cbsd,1
/content/drive/MyDrive/SKRIPSI/cassava-lora/data/train/cgm/train-cgm-216.jpg,cgm,2
/content/drive/MyDrive/SKRIPSI/cassava-lora/data/train/cmd/train-cmd-1914.jpg,cmd,3
/content/drive/MyDrive/SKRIPSI/cassava-lora/data/train/cmd/train-cmd-36.jpg,cmd,3
/content/drive/MyDrive/SKRIPSI/cassava-lora/data/train/cbsd/train-cbsd-22.jpg,cbsd,1
/content/drive/MyDrive/SKRIPSI/cassava-lora/data/train/cbsd/train-cbsd-1171.jpg,cbsd,1
/content/drive/MyDrive/SKRIPSI/cassava-lora/data/train/cbsd/train-cbsd-468.jpg,cbsd,1
/content/drive/MyDrive/SKRIPSI/cassava-lora/data/train/cmd/train-cmd-282.jpg,cmd,3
/content/drive/MyDrive/SKRIPSI/cassava-lora/data/train/cmd/train-cmd-891.jpg,cmd,3
/content/drive/MyDrive/SKRIPSI/cassava-lora/data/train/healthy/train-healthy-280.jpg,healthy,4
/content/drive/MyDrive/SKRIPSI/cassava-lora/data/train/cmd/train-cmd-1281.jpg,cmd,3
/content/drive/MyDrive/SKRIPSI/cassava-lora/data/train/cmd/train-cmd-1528.jpg,cmd,3
/content/drive/MyDrive/SKRIPSI/cassava-lora/data/train/cmd/train-cmd-110.jpg,cmd,3
/content/drive/MyDrive/SKRIPSI/cassava-lora/data/train/cgm/train-cgm-76.jpg,cgm,2
/content/drive/MyDrive/SKRIPSI/cassava-lora/data/train/cbsd/train-cbsd-1307.jpg,cbsd,1
/content/drive/MyDrive/SKRIPSI/cassava-lora/data/train/cbb/train-cbb-73.jpg,cbb,0
/content/drive/MyDrive/SKRIPSI/cassava-lora/data/train/cbsd/train-cbsd-436.jpg,cbsd,1
/content/drive/MyDrive/SKRIPSI/cassava-lora/data/train/cmd/train-cmd-297.jpg,cmd,3
/content/drive/MyDrive/SKRIPSI/cassava-lora/data/train/cmd/train-cmd-1059.jpg,cmd,3
/content/drive/MyDrive/SKRIPSI/cassava-lora/data/train/cmd/train-cmd-1631.jpg,cmd,3
/content/drive/MyDrive/SKRIPSI/cassava-lora/data/train/cmd/train-cmd-1176.jpg,cmd,3
/content/drive/MyDrive/SKRIPSI/cassava-lora/data/train/cmd/train-cmd-1378.jpg,cmd,3
/content/drive/MyDrive/SKRIPSI/cassava-lora/data/train/cmd/train-cmd-2273.jpg,cmd,3
/content/drive/MyDrive/SKRIPSI/cassava-lora/data/train/cbsd/train-cbsd-967.jpg,cbsd,1
/content/drive/MyDrive/SKRIPSI/cassava-lora/data/train/cmd/train-cmd-1595.jpg,cmd,3
/content/drive/MyDrive/SKRIPSI/cassava-lora/data/train/cbsd/train-cbsd-904.jpg,cbsd,1
/content/drive/MyDrive/SKRIPSI/cassava-lora/data/train/cmd/train-cmd-2272.jpg,cmd,3
/content/drive/MyDrive/SKRIPSI/cassava-lora/data/train/cmd/train-cmd-2143.jpg,cmd,3
/content/drive/MyDrive/SKRIPSI/cassava-lora/data/train/cbsd/train-cbsd-1409.jpg,cbsd,1
/content/drive/MyDrive/SKRIPSI/cassava-lora/data/train/cbb/train-cbb-69.jpg,cbb,0
/content/drive/MyDrive/SKRIPSI/cassava-lora/data/train/cmd/train-cmd-1044.jpg,cmd,3
/content/drive/MyDrive/SKRIPSI/cassava-lora/data/train/cbsd/train-cbsd-137.jpg,cbsd,1
/content/drive/MyDrive/SKRIPSI/cassava-lora/data/train/cbsd/train-cbsd-766.jpg,cbsd,1
/content/drive/MyDrive/SKRIPSI/cassava-lora/data/train/cmd/train-cmd-126.jpg,cmd,3
/content/drive/MyDrive/SKRIPSI/cassava-lora/data/train/cmd/train-cmd-104.jpg,cmd,3
/content/drive/MyDrive/SKRIPSI/cassava-lora/data/train/cmd/train-cmd-2229.jpg,cmd,3
/content/drive/MyDrive/SKRIPSI/cassava-lora/data/train/cbsd/train-cbsd-1336.jpg,cbsd,1
/content/drive/MyDrive/SKRIPSI/cassava-lora/data/train/cmd/train-cmd-1213.jpg,cmd,3
/content/drive/MyDrive/SKRIPSI/cassava-lora/data/train/cmd/train-cmd-75.jpg,cmd,3
/content/drive/MyDrive/SKRIPSI/cassava-lora/data/train/cgm/train-cgm-772.jpg,cgm,2
/content/drive/MyDrive/SKRIPSI/cassava-lora/data/train/cmd/train-cmd-21.jpg,cmd,3
/content/drive/MyDrive/SKRIPSI/cassava-lora/data/train/cmd/train-cmd-1486.jpg,cmd,3
/content/drive/MyDrive/SKRIPSI/cassava-lora/data/train/cbb/train-cbb-422.jpg,cbb,0
/content/drive/MyDrive/SKRIPSI/cassava-lora/data/train/cbsd/train-cbsd-426.jpg,cbsd,1
/content/drive/MyDrive/SKRIPSI/cassava-lora/data/train/cmd/train-cmd-1450.jpg,cmd,3
/content/drive/MyDrive/SKRIPSI/cassava-lora/data/train/healthy/train-healthy-152.jpg,healthy,4
/content/drive/MyDrive/SKRIPSI/cassava-lora/data/train/cbsd/train-cbsd-968.jpg,cbsd,1
/content/drive/MyDrive/SKRIPSI/cassava-lora/data/train/cbsd/train-cbsd-313.jpg,cbsd,1
/content/drive/MyDrive/SKRIPSI/cassava-lora/data/train/cmd/train-cmd-2422.jpg,cmd,3
/content/drive/MyDrive/SKRIPSI/cassava-lora/data/train/cbsd/train-cbsd-248.jpg,cbsd,1
/content/drive/MyDrive/SKRIPSI/cassava-lora/data/train/cmd/train-cmd-1380.jpg,cmd,3
/content/drive/MyDrive/SKRIPSI/cassava-lora/data/train/cmd/train-cmd-1223.jpg,cmd,3
/content/drive/MyDrive/SKRIPSI/cassava-lora/data/train/cmd/train-cmd-1756.jpg,cmd,3
/content/drive/MyDrive/SKRIPSI/cassava-lora/data/train/cmd/train-cmd-2266.jpg,cmd,3
/content/drive/MyDrive/SKRIPSI/cassava-lora/data/train/cbb/train-cbb-36.jpg,cbb,0
/content/drive/MyDrive/SKRIPSI/cassava-lora/data/train/cmd/train-cmd-2523.jpg,cmd,3
/content/drive/MyDrive/SKRIPSI/cassava-lora/data/train/cmd/train-cmd-657.jpg,cmd,3
/content/drive/MyDrive/SKRIPSI/cassava-lora/data/train/cmd/train-cmd-359.jpg,cmd,3
/content/drive/MyDrive/SKRIPSI/cassava-lora/data/train/cgm/train-cgm-657.jpg,cgm,2
/content/drive/MyDrive/SKRIPSI/cassava-lora/data/train/cgm/train-cgm-496.jpg,cgm,2
/content/drive/MyDrive/SKRIPSI/cassava-lora/data/train/cmd/train-cmd-2654.jpg,cmd,3
/content/drive/MyDrive/SKRIPSI/cassava-lora/data/train/cmd/train-cmd-904.jpg,cmd,3
/content/drive/MyDrive/SKRIPSI/cassava-lora/data/train/healthy/train-healthy-48.jpg,healthy,4
/content/drive/MyDrive/SKRIPSI/cassava-lora/data/train/cgm/train-cgm-641.jpg,cgm,2
/content/drive/MyDrive/SKRIPSI/cassava-lora/data/train/cgm/train-cgm-291.jpg,cgm,2
/content/drive/MyDrive/SKRIPSI/cassava-lora/data/train/cbb/train-cbb-318.jpg,cbb,0
/content/drive/MyDrive/SKRIPSI/cassava-lora/data/train/cbsd/train-cbsd-823.jpg,cbsd,1
/content/drive/MyDrive/SKRIPSI/cassava-lora/data/train/cbsd/train-cbsd-1270.jpg,cbsd,1
/content/drive/MyDrive/SKRIPSI/cassava-lora/data/train/healthy/train-healthy-149.jpg,healthy,4
/content/drive/MyDrive/SKRIPSI/cassava-lora/data/train/cmd/train-cmd-933.jpg,cmd,3
/content/drive/MyDrive/SKRIPSI/cassava-lora/data/train/cmd/train-cmd-2165.jpg,cmd,3
/content/drive/MyDrive/SKRIPSI/cassava-lora/data/train/cgm/train-cgm-631.jpg,cgm,2
/content/drive/MyDrive/SKRIPSI/cassava-lora/data/train/cbsd/train-cbsd-1196.jpg,cbsd,1
/content/drive/MyDrive/SKRIPSI/cassava-lora/data/train/cmd/train-cmd-1376.jpg,cmd,3
/content/drive/MyDrive/SKRIPSI/cassava-lora/data/train/cmd/train-cmd-1870.jpg,cmd,3
/content/drive/MyDrive/SKRIPSI/cassava-lora/data/train/cgm/train-cgm-663.jpg,cgm,2
/content/drive/MyDrive/SKRIPSI/cassava-lora/data/train/cbb/train-cbb-357.jpg,cbb,0
/content/drive/MyDrive/SKRIPSI/cassava-lora/data/train/cmd/train-cmd-1312.jpg,cmd,3
/content/drive/MyDrive/SKRIPSI/cassava-lora/data/train/cmd/train-cmd-1939.jpg,cmd,3
/content/drive/MyDrive/SKRIPSI/cassava-lora/data/train/cmd/train-cmd-688.jpg,cmd,3
/content/drive/MyDrive/SKRIPSI/cassava-lora/data/train/cbb/train-cbb-397.jpg,cbb,0
/content/drive/MyDrive/SKRIPSI/cassava-lora/data/train/cbsd/train-cbsd-427.jpg,cbsd,1
/content/drive/MyDrive/SKRIPSI/cassava-lora/data/train/cbsd/train-cbsd-747.jpg,cbsd,1
/content/drive/MyDrive/SKRIPSI/cassava-lora/data/train/cmd/train-cmd-1496.jpg,cmd,3
/content/drive/MyDrive/SKRIPSI/cassava-lora/data/train/cbsd/train-cbsd-598.jpg,cbsd,1
/content/drive/MyDrive/SKRIPSI/cassava-lora/data/train/cbsd/train-cbsd-232.jpg,cbsd,1
/content/drive/MyDrive/SKRIPSI/cassava-lora/data/train/cmd/train-cmd-807.jpg,cmd,3
/content/drive/MyDrive/SKRIPSI/cassava-lora/data/train/cbb/train-cbb-12.jpg,cbb,0
/content/drive/MyDrive/SKRIPSI/cassava-lora/data/train/cbsd/train-cbsd-139.jpg,cbsd,1
/content/drive/MyDrive/SKRIPSI/cassava-lora/data/train/cmd/train-cmd-187.jpg,cmd,3
/content/drive/MyDrive/SKRIPSI/cassava-lora/data/train/cmd/train-cmd-1025.jpg,cmd,3
/content/drive/MyDrive/SKRIPSI/cassava-lora/data/train/cmd/train-cmd-483.jpg,cmd,3
/content/drive/MyDrive/SKRIPSI/cassava-lora/data/train/cmd/train-cmd-1439.jpg,cmd,3
/content/drive/MyDrive/SKRIPSI/cassava-lora/data/train/cmd/train-cmd-1491.jpg,cmd,3
/content/drive/MyDrive/SKRIPSI/cassava-lora/data/train/cbb/train-cbb-235.jpg,cbb,0
/content/drive/MyDrive/SKRIPSI/cassava-lora/data/train/cbb/train-cbb-229.jpg,cbb,0
/content/drive/MyDrive/SKRIPSI/cassava-lora/data/train/cbsd/train-cbsd-1261.jpg,cbsd,1
/content/drive/MyDrive/SKRIPSI/cassava-lora/data/train/cgm/train-cgm-218.jpg,cgm,2
/content/drive/MyDrive/SKRIPSI/cassava-lora/data/train/cbsd/train-cbsd-259.jpg,cbsd,1
/content/drive/MyDrive/SKRIPSI/cassava-lora/data/train/cmd/train-cmd-1014.jpg,cmd,3
/content/drive/MyDrive/SKRIPSI/cassava-lora/data/train/cmd/train-cmd-701.jpg,cmd,3
/content/drive/MyDrive/SKRIPSI/cassava-lora/data/train/cmd/train-cmd-1240.jpg,cmd,3
/content/drive/MyDrive/SKRIPSI/cassava-lora/data/train/cmd/train-cmd-1916.jpg,cmd,3
/content/drive/MyDrive/SKRIPSI/cassava-lora/data/train/cgm/train-cgm-513.jpg,cgm,2
/content/drive/MyDrive/SKRIPSI/cassava-lora/data/train/cgm/train-cgm-398.jpg,cgm,2
/content/drive/MyDrive/SKRIPSI/cassava-lora/data/train/cgm/train-cgm-91.jpg,cgm,2
/content/drive/MyDrive/SKRIPSI/cassava-lora/data/train/healthy/train-healthy-25.jpg,healthy,4
/content/drive/MyDrive/SKRIPSI/cassava-lora/data/train/cbsd/train-cbsd-281.jpg,cbsd,1
/content/drive/MyDrive/SKRIPSI/cassava-lora/data/train/cmd/train-cmd-839.jpg,cmd,3
/content/drive/MyDrive/SKRIPSI/cassava-lora/data/train/cbsd/train-cbsd-370.jpg,cbsd,1
/content/drive/MyDrive/SKRIPSI/cassava-lora/data/train/cbsd/train-cbsd-1122.jpg,cbsd,1
/content/drive/MyDrive/SKRIPSI/cassava-lora/data/train/cmd/train-cmd-1954.jpg,cmd,3
/content/drive/MyDrive/SKRIPSI/cassava-lora/data/train/cmd/train-cmd-1922.jpg,cmd,3
/content/drive/MyDrive/SKRIPSI/cassava-lora/data/train/cbsd/train-cbsd-495.jpg,cbsd,1
/content/drive/MyDrive/SKRIPSI/cassava-lora/data/train/cmd/train-cmd-1243.jpg,cmd,3
/content/drive/MyDrive/SKRIPSI/cassava-lora/data/train/cbsd/train-cbsd-1094.jpg,cbsd,1
/content/drive/MyDrive/SKRIPSI/cassava-lora/data/train/cmd/train-cmd-2494.jpg,cmd,3
/content/drive/MyDrive/SKRIPSI/cassava-lora/data/train/cbsd/train-cbsd-480.jpg,cbsd,1
/content/drive/MyDrive/SKRIPSI/cassava-lora/data/train/cgm/train-cgm-47.jpg,cgm,2
/content/drive/MyDrive/SKRIPSI/cassava-lora/data/train/cbsd/train-cbsd-89.jpg,cbsd,1
/content/drive/MyDrive/SKRIPSI/cassava-lora/data/train/cmd/train-cmd-1387.jpg,cmd,3
/content/drive/MyDrive/SKRIPSI/cassava-lora/data/train/cmd/train-cmd-606.jpg,cmd,3
/content/drive/MyDrive/SKRIPSI/cassava-lora/data/train/cmd/train-cmd-1086.jpg,cmd,3
/content/drive/MyDrive/SKRIPSI/cassava-lora/data/train/cmd/train-cmd-993.jpg,cmd,3
/content/drive/MyDrive/SKRIPSI/cassava-lora/data/train/cmd/train-cmd-1165.jpg,cmd,3
/content/drive/MyDrive/SKRIPSI/cassava-lora/data/train/cmd/train-cmd-1693.jpg,cmd,3
/content/drive/MyDrive/SKRIPSI/cassava-lora/data/train/cmd/train-cmd-433.jpg,cmd,3
/content/drive/MyDrive/SKRIPSI/cassava-lora/data/train/cgm/train-cgm-497.jpg,cgm,2
/content/drive/MyDrive/SKRIPSI/cassava-lora/data/train/cmd/train-cmd-1546.jpg,cmd,3
/content/drive/MyDrive/SKRIPSI/cassava-lora/data/train/cmd/train-cmd-846.jpg,cmd,3
/content/drive/MyDrive/SKRIPSI/cassava-lora/data/train/cmd/train-cmd-2306.jpg,cmd,3
/content/drive/MyDrive/SKRIPSI/cassava-lora/data/train/cgm/train-cgm-462.jpg,cgm,2
/content/drive/MyDrive/SKRIPSI/cassava-lora/data/train/cmd/train-cmd-40.jpg,cmd,3
/content/drive/MyDrive/SKRIPSI/cassava-lora/data/train/cbsd/train-cbsd-1341.jpg,cbsd,1
/content/drive/MyDrive/SKRIPSI/cassava-lora/data/train/cbsd/train-cbsd-516.jpg,cbsd,1
/content/drive/MyDrive/SKRIPSI/cassava-lora/data/train/cbsd/train-cbsd-156.jpg,cbsd,1
/content/drive/MyDrive/SKRIPSI/cassava-lora/data/train/cbsd/train-cbsd-302.jpg,cbsd,1
/content/drive/MyDrive/SKRIPSI/cassava-lora/data/train/cbb/train-cbb-444.jpg,cbb,0
/content/drive/MyDrive/SKRIPSI/cassava-lora/data/train/cbsd/train-cbsd-1380.jpg,cbsd,1
/content/drive/MyDrive/SKRIPSI/cassava-lora/data/train/cmd/train-cmd-778.jpg,cmd,3
/content/drive/MyDrive/SKRIPSI/cassava-lora/data/train/cgm/train-cgm-279.jpg,cgm,2
/content/drive/MyDrive/SKRIPSI/cassava-lora/data/train/cmd/train-cmd-107.jpg,cmd,3
/content/drive/MyDrive/SKRIPSI/cassava-lora/data/train/cmd/train-cmd-908.jpg,cmd,3
/content/drive/MyDrive/SKRIPSI/cassava-lora/data/train/cmd/train-cmd-1209.jpg,cmd,3
/content/drive/MyDrive/SKRIPSI/cassava-lora/data/train/cmd/train-cmd-2574.jpg,cmd,3
/content/drive/MyDrive/SKRIPSI/cassava-lora/data/train/cgm/train-cgm-335.jpg,cgm,2
/content/drive/MyDrive/SKRIPSI/cassava-lora/data/train/cgm/train-cgm-282.jpg,cgm,2
/content/drive/MyDrive/SKRIPSI/cassava-lora/data/train/cmd/train-cmd-1226.jpg,cmd,3
/content/drive/MyDrive/SKRIPSI/cassava-lora/data/train/cbb/train-cbb-307.jpg,cbb,0
/content/drive/MyDrive/SKRIPSI/cassava-lora/data/train/cmd/train-cmd-2362.jpg,cmd,3
/content/drive/MyDrive/SKRIPSI/cassava-lora/data/train/cmd/train-cmd-274.jpg,cmd,3
/content/drive/MyDrive/SKRIPSI/cassava-lora/data/train/cgm/train-cgm-587.jpg,cgm,2
/content/drive/MyDrive/SKRIPSI/cassava-lora/data/train/cbsd/train-cbsd-1428.jpg,cbsd,1
/content/drive/MyDrive/SKRIPSI/cassava-lora/data/train/cmd/train-cmd-1561.jpg,cmd,3
/content/drive/MyDrive/SKRIPSI/cassava-lora/data/train/cmd/train-cmd-504.jpg,cmd,3
/content/drive/MyDrive/SKRIPSI/cassava-lora/data/train/cgm/train-cgm-694.jpg,cgm,2
/content/drive/MyDrive/SKRIPSI/cassava-lora/data/train/cgm/train-cgm-424.jpg,cgm,2
/content/drive/MyDrive/SKRIPSI/cassava-lora/data/train/cmd/train-cmd-564.jpg,cmd,3
/content/drive/MyDrive/SKRIPSI/cassava-lora/data/train/cmd/train-cmd-2370.jpg,cmd,3
/content/drive/MyDrive/SKRIPSI/cassava-lora/data/train/cmd/train-cmd-728.jpg,cmd,3
/content/drive/MyDrive/SKRIPSI/cassava-lora/data/train/cmd/train-cmd-96.jpg,cmd,3
/content/drive/MyDrive/SKRIPSI/cassava-lora/data/train/cmd/train-cmd-862.jpg,cmd,3
/content/drive/MyDrive/SKRIPSI/cassava-lora/data/train/cmd/train-cmd-810.jpg,cmd,3
/content/drive/MyDrive/SKRIPSI/cassava-lora/data/train/cbsd/train-cbsd-1440.jpg,cbsd,1
/content/drive/MyDrive/SKRIPSI/cassava-lora/data/train/cmd/train-cmd-980.jpg,cmd,3
/content/drive/MyDrive/SKRIPSI/cassava-lora/data/train/cbsd/train-cbsd-1340.jpg,cbsd,1
/content/drive/MyDrive/SKRIPSI/cassava-lora/data/train/cgm/train-cgm-479.jpg,cgm,2
/content/drive/MyDrive/SKRIPSI/cassava-lora/data/train/cgm/train-cgm-272.jpg,cgm,2
/content/drive/MyDrive/SKRIPSI/cassava-lora/data/train/cmd/train-cmd-2196.jpg,cmd,3
/content/drive/MyDrive/SKRIPSI/cassava-lora/data/train/cbb/train-cbb-123.jpg,cbb,0
/content/drive/MyDrive/SKRIPSI/cassava-lora/data/train/cbsd/train-cbsd-933.jpg,cbsd,1
/content/drive/MyDrive/SKRIPSI/cassava-lora/data/train/cmd/train-cmd-1007.jpg,cmd,3
/content/drive/MyDrive/SKRIPSI/cassava-lora/data/train/cmd/train-cmd-1364.jpg,cmd,3
/content/drive/MyDrive/SKRIPSI/cassava-lora/data/train/healthy/train-healthy-292.jpg,healthy,4
/content/drive/MyDrive/SKRIPSI/cassava-lora/data/train/cmd/train-cmd-1575.jpg,cmd,3
/content/drive/MyDrive/SKRIPSI/cassava-lora/data/train/cbsd/train-cbsd-1109.jpg,cbsd,1
/content/drive/MyDrive/SKRIPSI/cassava-lora/data/train/cbsd/train-cbsd-920.jpg,cbsd,1
/content/drive/MyDrive/SKRIPSI/cassava-lora/data/train/cmd/train-cmd-1976.jpg,cmd,3
/content/drive/MyDrive/SKRIPSI/cassava-lora/data/train/cbsd/train-cbsd-555.jpg,cbsd,1
/content/drive/MyDrive/SKRIPSI/cassava-lora/data/train/cmd/train-cmd-749.jpg,cmd,3
/content/drive/MyDrive/SKRIPSI/cassava-lora/data/train/cbb/train-cbb-75.jpg,cbb,0
/content/drive/MyDrive/SKRIPSI/cassava-lora/data/train/cgm/train-cgm-655.jpg,cgm,2
/content/drive/MyDrive/SKRIPSI/cassava-lora/data/train/cbsd/train-cbsd-25.jpg,cbsd,1
/content/drive/MyDrive/SKRIPSI/cassava-lora/data/train/cmd/train-cmd-2012.jpg,cmd,3
/content/drive/MyDrive/SKRIPSI/cassava-lora/data/train/cgm/train-cgm-459.jpg,cgm,2
/content/drive/MyDrive/SKRIPSI/cassava-lora/data/train/healthy/train-healthy-8.jpg,healthy,4
/content/drive/MyDrive/SKRIPSI/cassava-lora/data/train/cbb/train-cbb-221.jpg,cbb,0
/content/drive/MyDrive/SKRIPSI/cassava-lora/data/train/cbsd/train-cbsd-42.jpg,cbsd,1
/content/drive/MyDrive/SKRIPSI/cassava-lora/data/train/cbsd/train-cbsd-1153.jpg,cbsd,1
/content/drive/MyDrive/SKRIPSI/cassava-lora/data/train/cmd/train-cmd-669.jpg,cmd,3
/content/drive/MyDrive/SKRIPSI/cassava-lora/data/train/cbsd/train-cbsd-33.jpg,cbsd,1
/content/drive/MyDrive/SKRIPSI/cassava-lora/data/train/cbb/train-cbb-185.jpg,cbb,0
/content/drive/MyDrive/SKRIPSI/cassava-lora/data/train/cmd/train-cmd-863.jpg,cmd,3
/content/drive/MyDrive/SKRIPSI/cassava-lora/data/train/healthy/train-healthy-279.jpg,healthy,4
/content/drive/MyDrive/SKRIPSI/cassava-lora/data/train/cmd/train-cmd-1397.jpg,cmd,3
/content/drive/MyDrive/SKRIPSI/cassava-lora/data/train/cmd/train-cmd-1353.jpg,cmd,3
/content/drive/MyDrive/SKRIPSI/cassava-lora/data/train/cmd/train-cmd-1152.jpg,cmd,3
/content/drive/MyDrive/SKRIPSI/cassava-lora/data/train/cmd/train-cmd-1581.jpg,cmd,3
/content/drive/MyDrive/SKRIPSI/cassava-lora/data/train/cbsd/train-cbsd-174.jpg,cbsd,1
/content/drive/MyDrive/SKRIPSI/cassava-lora/data/train/cbsd/train-cbsd-694.jpg,cbsd,1
/content/drive/MyDrive/SKRIPSI/cassava-lora/data/train/cmd/train-cmd-1745.jpg,cmd,3
/content/drive/MyDrive/SKRIPSI/cassava-lora/data/train/cmd/train-cmd-169.jpg,cmd,3
/content/drive/MyDrive/SKRIPSI/cassava-lora/data/train/cgm/train-cgm-327.jpg,cgm,2
/content/drive/MyDrive/SKRIPSI/cassava-lora/data/train/cbsd/train-cbsd-860.jpg,cbsd,1
/content/drive/MyDrive/SKRIPSI/cassava-lora/data/train/cmd/train-cmd-926.jpg,cmd,3
/content/drive/MyDrive/SKRIPSI/cassava-lora/data/train/cbsd/train-cbsd-844.jpg,cbsd,1
/content/drive/MyDrive/SKRIPSI/cassava-lora/data/train/cmd/train-cmd-156.jpg,cmd,3
/content/drive/MyDrive/SKRIPSI/cassava-lora/data/train/cgm/train-cgm-215.jpg,cgm,2
/content/drive/MyDrive/SKRIPSI/cassava-lora/data/train/cmd/train-cmd-2072.jpg,cmd,3
/content/drive/MyDrive/SKRIPSI/cassava-lora/data/train/cbb/train-cbb-174.jpg,cbb,0
/content/drive/MyDrive/SKRIPSI/cassava-lora/data/train/cmd/train-cmd-623.jpg,cmd,3
/content/drive/MyDrive/SKRIPSI/cassava-lora/data/train/cgm/train-cgm-596.jpg,cgm,2
/content/drive/MyDrive/SKRIPSI/cassava-lora/data/train/cmd/train-cmd-2642.jpg,cmd,3
/content/drive/MyDrive/SKRIPSI/cassava-lora/data/train/cmd/train-cmd-1739.jpg,cmd,3
/content/drive/MyDrive/SKRIPSI/cassava-lora/data/train/cgm/train-cgm-541.jpg,cgm,2
/content/drive/MyDrive/SKRIPSI/cassava-lora/data/train/cgm/train-cgm-152.jpg,cgm,2
/content/drive/MyDrive/SKRIPSI/cassava-lora/data/train/cbb/train-cbb-437.jpg,cbb,0
/content/drive/MyDrive/SKRIPSI/cassava-lora/data/train/cbb/train-cbb-97.jpg,cbb,0
/content/drive/MyDrive/SKRIPSI/cassava-lora/data/train/cmd/train-cmd-2355.jpg,cmd,3
/content/drive/MyDrive/SKRIPSI/cassava-lora/data/train/cmd/train-cmd-1927.jpg,cmd,3
/content/drive/MyDrive/SKRIPSI/cassava-lora/data/train/cbsd/train-cbsd-966.jpg,cbsd,1
/content/drive/MyDrive/SKRIPSI/cassava-lora/data/train/cbsd/train-cbsd-1285.jpg,cbsd,1
/content/drive/MyDrive/SKRIPSI/cassava-lora/data/train/cbb/train-cbb-424.jpg,cbb,0
/content/drive/MyDrive/SKRIPSI/cassava-lora/data/train/cmd/train-cmd-53.jpg,cmd,3
/content/drive/MyDrive/SKRIPSI/cassava-lora/data/train/cbsd/train-cbsd-900.jpg,cbsd,1
/content/drive/MyDrive/SKRIPSI/cassava-lora/data/train/cbsd/train-cbsd-1349.jpg,cbsd,1
/content/drive/MyDrive/SKRIPSI/cassava-lora/data/train/cmd/train-cmd-1565.jpg,cmd,3
/content/drive/MyDrive/SKRIPSI/cassava-lora/data/train/cmd/train-cmd-1550.jpg,cmd,3
/content/drive/MyDrive/SKRIPSI/cassava-lora/data/train/cmd/train-cmd-2055.jpg,cmd,3
/content/drive/MyDrive/SKRIPSI/cassava-lora/data/train/healthy/train-healthy-303.jpg,healthy,4
/content/drive/MyDrive/SKRIPSI/cassava-lora/data/train/cbsd/train-cbsd-368.jpg,cbsd,1
/content/drive/MyDrive/SKRIPSI/cassava-lora/data/train/cmd/train-cmd-1871.jpg,cmd,3
/content/drive/MyDrive/SKRIPSI/cassava-lora/data/train/cmd/train-cmd-368.jpg,cmd,3
/content/drive/MyDrive/SKRIPSI/cassava-lora/data/train/cbsd/train-cbsd-1024.jpg,cbsd,1
/content/drive/MyDrive/SKRIPSI/cassava-lora/data/train/cbsd/train-cbsd-626.jpg,cbsd,1
/content/drive/MyDrive/SKRIPSI/cassava-lora/data/train/cmd/train-cmd-320.jpg,cmd,3
/content/drive/MyDrive/SKRIPSI/cassava-lora/data/train/cmd/train-cmd-721.jpg,cmd,3
/content/drive/MyDrive/SKRIPSI/cassava-lora/data/train/cbsd/train-cbsd-1265.jpg,cbsd,1
/content/drive/MyDrive/SKRIPSI/cassava-lora/data/train/cmd/train-cmd-2080.jpg,cmd,3
/content/drive/MyDrive/SKRIPSI/cassava-lora/data/train/cbsd/train-cbsd-1291.jpg,cbsd,1
/content/drive/MyDrive/SKRIPSI/cassava-lora/data/train/cbsd/train-cbsd-179.jpg,cbsd,1
/content/drive/MyDrive/SKRIPSI/cassava-lora/data/train/cgm/train-cgm-718.jpg,cgm,2
/content/drive/MyDrive/SKRIPSI/cassava-lora/data/train/cbb/train-cbb-253.jpg,cbb,0
/content/drive/MyDrive/SKRIPSI/cassava-lora/data/train/cbb/train-cbb-90.jpg,cbb,0
/content/drive/MyDrive/SKRIPSI/cassava-lora/data/train/cbsd/train-cbsd-1255.jpg,cbsd,1
/content/drive/MyDrive/SKRIPSI/cassava-lora/data/train/cgm/train-cgm-388.jpg,cgm,2
/content/drive/MyDrive/SKRIPSI/cassava-lora/data/train/cbsd/train-cbsd-311.jpg,cbsd,1
/content/drive/MyDrive/SKRIPSI/cassava-lora/data/train/cmd/train-cmd-1074.jpg,cmd,3
/content/drive/MyDrive/SKRIPSI/cassava-lora/data/train/cmd/train-cmd-715.jpg,cmd,3
/content/drive/MyDrive/SKRIPSI/cassava-lora/data/train/cbsd/train-cbsd-1158.jpg,cbsd,1
/content/drive/MyDrive/SKRIPSI/cassava-lora/data/train/cmd/train-cmd-1365.jpg,cmd,3
/content/drive/MyDrive/SKRIPSI/cassava-lora/data/train/cbb/train-cbb-442.jpg,cbb,0
/content/drive/MyDrive/SKRIPSI/cassava-lora/data/train/cmd/train-cmd-56.jpg,cmd,3
/content/drive/MyDrive/SKRIPSI/cassava-lora/data/train/cmd/train-cmd-1587.jpg,cmd,3
/content/drive/MyDrive/SKRIPSI/cassava-lora/data/train/cgm/train-cgm-390.jpg,cgm,2
/content/drive/MyDrive/SKRIPSI/cassava-lora/data/train/cgm/train-cgm-701.jpg,cgm,2
/content/drive/MyDrive/SKRIPSI/cassava-lora/data/train/cbsd/train-cbsd-23.jpg,cbsd,1
/content/drive/MyDrive/SKRIPSI/cassava-lora/data/train/cbb/train-cbb-343.jpg,cbb,0
/content/drive/MyDrive/SKRIPSI/cassava-lora/data/train/cgm/train-cgm-86.jpg,cgm,2
/content/drive/MyDrive/SKRIPSI/cassava-lora/data/train/cbsd/train-cbsd-1174.jpg,cbsd,1
/content/drive/MyDrive/SKRIPSI/cassava-lora/data/train/cbb/train-cbb-24.jpg,cbb,0
/content/drive/MyDrive/SKRIPSI/cassava-lora/data/train/cmd/train-cmd-116.jpg,cmd,3
/content/drive/MyDrive/SKRIPSI/cassava-lora/data/train/cgm/train-cgm-579.jpg,cgm,2
/content/drive/MyDrive/SKRIPSI/cassava-lora/data/train/cbsd/train-cbsd-141.jpg,cbsd,1
/content/drive/MyDrive/SKRIPSI/cassava-lora/data/train/cmd/train-cmd-2485.jpg,cmd,3
/content/drive/MyDrive/SKRIPSI/cassava-lora/data/train/healthy/train-healthy-31.jpg,healthy,4
/content/drive/MyDrive/SKRIPSI/cassava-lora/data/train/cmd/train-cmd-2591.jpg,cmd,3
/content/drive/MyDrive/SKRIPSI/cassava-lora/data/train/cbsd/train-cbsd-225.jpg,cbsd,1
/content/drive/MyDrive/SKRIPSI/cassava-lora/data/train/cmd/train-cmd-143.jpg,cmd,3
/content/drive/MyDrive/SKRIPSI/cassava-lora/data/train/healthy/train-healthy-49.jpg,healthy,4
/content/drive/MyDrive/SKRIPSI/cassava-lora/data/train/cmd/train-cmd-1282.jpg,cmd,3
/content/drive/MyDrive/SKRIPSI/cassava-lora/data/train/cmd/train-cmd-831.jpg,cmd,3
/content/drive/MyDrive/SKRIPSI/cassava-lora/data/train/cbsd/train-cbsd-1110.jpg,cbsd,1
/content/drive/MyDrive/SKRIPSI/cassava-lora/data/train/cmd/train-cmd-84.jpg,cmd,3
/content/drive/MyDrive/SKRIPSI/cassava-lora/data/train/cbsd/train-cbsd-1200.jpg,cbsd,1
/content/drive/MyDrive/SKRIPSI/cassava-lora/data/train/cmd/train-cmd-1912.jpg,cmd,3
/content/drive/MyDrive/SKRIPSI/cassava-lora/data/train/cmd/train-cmd-2405.jpg,cmd,3
/content/drive/MyDrive/SKRIPSI/cassava-lora/data/train/cmd/train-cmd-1332.jpg,cmd,3
/content/drive/MyDrive/SKRIPSI/cassava-lora/data/train/cmd/train-cmd-2053.jpg,cmd,3
/content/drive/MyDrive/SKRIPSI/cassava-lora/data/train/cmd/train-cmd-2383.jpg,cmd,3
/content/drive/MyDrive/SKRIPSI/cassava-lora/data/train/cmd/train-cmd-1929.jpg,cmd,3
/content/drive/MyDrive/SKRIPSI/cassava-lora/data/train/healthy/train-healthy-100.jpg,healthy,4
/content/drive/MyDrive/SKRIPSI/cassava-lora/data/train/cbsd/train-cbsd-399.jpg,cbsd,1
/content/drive/MyDrive/SKRIPSI/cassava-lora/data/train/cmd/train-cmd-2620.jpg,cmd,3
/content/drive/MyDrive/SKRIPSI/cassava-lora/data/train/cgm/train-cgm-469.jpg,cgm,2
/content/drive/MyDrive/SKRIPSI/cassava-lora/data/train/cmd/train-cmd-1119.jpg,cmd,3
/content/drive/MyDrive/SKRIPSI/cassava-lora/data/train/healthy/train-healthy-229.jpg,healthy,4
/content/drive/MyDrive/SKRIPSI/cassava-lora/data/train/cgm/train-cgm-267.jpg,cgm,2
/content/drive/MyDrive/SKRIPSI/cassava-lora/data/train/cbsd/train-cbsd-1194.jpg,cbsd,1
/content/drive/MyDrive/SKRIPSI/cassava-lora/data/train/cmd/train-cmd-967.jpg,cmd,3
/content/drive/MyDrive/SKRIPSI/cassava-lora/data/train/cbsd/train-cbsd-685.jpg,cbsd,1
/content/drive/MyDrive/SKRIPSI/cassava-lora/data/train/cbb/train-cbb-216.jpg,cbb,0
/content/drive/MyDrive/SKRIPSI/cassava-lora/data/train/cmd/train-cmd-1012.jpg,cmd,3
/content/drive/MyDrive/SKRIPSI/cassava-lora/data/train/cmd/train-cmd-396.jpg,cmd,3
/content/drive/MyDrive/SKRIPSI/cassava-lora/data/train/cmd/train-cmd-1062.jpg,cmd,3
/content/drive/MyDrive/SKRIPSI/cassava-lora/data/train/cmd/train-cmd-1864.jpg,cmd,3
/content/drive/MyDrive/SKRIPSI/cassava-lora/data/train/cbsd/train-cbsd-37.jpg,cbsd,1
/content/drive/MyDrive/SKRIPSI/cassava-lora/data/train/cmd/train-cmd-1964.jpg,cmd,3
/content/drive/MyDrive/SKRIPSI/cassava-lora/data/train/cgm/train-cgm-646.jpg,cgm,2
/content/drive/MyDrive/SKRIPSI/cassava-lora/data/train/healthy/train-healthy-204.jpg,healthy,4
/content/drive/MyDrive/SKRIPSI/cassava-lora/data/train/cmd/train-cmd-239.jpg,cmd,3
/content/drive/MyDrive/SKRIPSI/cassava-lora/data/train/cmd/train-cmd-1413.jpg,cmd,3
/content/drive/MyDrive/SKRIPSI/cassava-lora/data/train/cmd/train-cmd-624.jpg,cmd,3
/content/drive/MyDrive/SKRIPSI/cassava-lora/data/train/cmd/train-cmd-1801.jpg,cmd,3
/content/drive/MyDrive/SKRIPSI/cassava-lora/data/train/cmd/train-cmd-1297.jpg,cmd,3
/content/drive/MyDrive/SKRIPSI/cassava-lora/data/train/cbb/train-cbb-381.jpg,cbb,0
/content/drive/MyDrive/SKRIPSI/cassava-lora/data/train/healthy/train-healthy-119.jpg,healthy,4
/content/drive/MyDrive/SKRIPSI/cassava-lora/data/train/cgm/train-cgm-211.jpg,cgm,2
/content/drive/MyDrive/SKRIPSI/cassava-lora/data/train/cmd/train-cmd-248.jpg,cmd,3
/content/drive/MyDrive/SKRIPSI/cassava-lora/data/train/cmd/train-cmd-1335.jpg,cmd,3
/content/drive/MyDrive/SKRIPSI/cassava-lora/data/train/cgm/train-cgm-623.jpg,cgm,2
/content/drive/MyDrive/SKRIPSI/cassava-lora/data/train/cbsd/train-cbsd-1123.jpg,cbsd,1
/content/drive/MyDrive/SKRIPSI/cassava-lora/data/train/cbsd/train-cbsd-1038.jpg,cbsd,1
/content/drive/MyDrive/SKRIPSI/cassava-lora/data/train/cgm/train-cgm-196.jpg,cgm,2
/content/drive/MyDrive/SKRIPSI/cassava-lora/data/train/cmd/train-cmd-2615.jpg,cmd,3
/content/drive/MyDrive/SKRIPSI/cassava-lora/data/train/cgm/train-cgm-324.jpg,cgm,2
/content/drive/MyDrive/SKRIPSI/cassava-lora/data/train/cgm/train-cgm-284.jpg,cgm,2
/content/drive/MyDrive/SKRIPSI/cassava-lora/data/train/healthy/train-healthy-134.jpg,healthy,4
/content/drive/MyDrive/SKRIPSI/cassava-lora/data/train/cbsd/train-cbsd-820.jpg,cbsd,1
/content/drive/MyDrive/SKRIPSI/cassava-lora/data/train/cmd/train-cmd-1904.jpg,cmd,3
/content/drive/MyDrive/SKRIPSI/cassava-lora/data/train/cmd/train-cmd-1150.jpg,cmd,3
/content/drive/MyDrive/SKRIPSI/cassava-lora/data/train/cbb/train-cbb-133.jpg,cbb,0
/content/drive/MyDrive/SKRIPSI/cassava-lora/data/train/cbsd/train-cbsd-93.jpg,cbsd,1
/content/drive/MyDrive/SKRIPSI/cassava-lora/data/train/healthy/train-healthy-141.jpg,healthy,4
/content/drive/MyDrive/SKRIPSI/cassava-lora/data/train/cmd/train-cmd-1715.jpg,cmd,3
/content/drive/MyDrive/SKRIPSI/cassava-lora/data/train/cmd/train-cmd-2118.jpg,cmd,3
/content/drive/MyDrive/SKRIPSI/cassava-lora/data/train/cmd/train-cmd-2622.jpg,cmd,3
/content/drive/MyDrive/SKRIPSI/cassava-lora/data/train/cmd/train-cmd-55.jpg,cmd,3
/content/drive/MyDrive/SKRIPSI/cassava-lora/data/train/cmd/train-cmd-259.jpg,cmd,3
/content/drive/MyDrive/SKRIPSI/cassava-lora/data/train/cbsd/train-cbsd-425.jpg,cbsd,1
/content/drive/MyDrive/SKRIPSI/cassava-lora/data/train/cgm/train-cgm-5.jpg,cgm,2
/content/drive/MyDrive/SKRIPSI/cassava-lora/data/train/healthy/train-healthy-207.jpg,healthy,4
/content/drive/MyDrive/SKRIPSI/cassava-lora/data/train/healthy/train-healthy-73.jpg,healthy,4
/content/drive/MyDrive/SKRIPSI/cassava-lora/data/train/healthy/train-healthy-213.jpg,healthy,4
/content/drive/MyDrive/SKRIPSI/cassava-lora/data/train/cgm/train-cgm-700.jpg,cgm,2
/content/drive/MyDrive/SKRIPSI/cassava-lora/data/train/cmd/train-cmd-671.jpg,cmd,3
/content/drive/MyDrive/SKRIPSI/cassava-lora/data/train/cbsd/train-cbsd-924.jpg,cbsd,1
/content/drive/MyDrive/SKRIPSI/cassava-lora/data/train/cgm/train-cgm-609.jpg,cgm,2
/content/drive/MyDrive/SKRIPSI/cassava-lora/data/train/cmd/train-cmd-214.jpg,cmd,3
/content/drive/MyDrive/SKRIPSI/cassava-lora/data/train/cbb/train-cbb-274.jpg,cbb,0
/content/drive/MyDrive/SKRIPSI/cassava-lora/data/train/cbb/train-cbb-321.jpg,cbb,0
/content/drive/MyDrive/SKRIPSI/cassava-lora/data/train/cgm/train-cgm-316.jpg,cgm,2
/content/drive/MyDrive/SKRIPSI/cassava-lora/data/train/healthy/train-healthy-230.jpg,healthy,4
/content/drive/MyDrive/SKRIPSI/cassava-lora/data/train/cbb/train-cbb-303.jpg,cbb,0
/content/drive/MyDrive/SKRIPSI/cassava-lora/data/train/cmd/train-cmd-1588.jpg,cmd,3
/content/drive/MyDrive/SKRIPSI/cassava-lora/data/train/cmd/train-cmd-1459.jpg,cmd,3
/content/drive/MyDrive/SKRIPSI/cassava-lora/data/train/cmd/train-cmd-1637.jpg,cmd,3
/content/drive/MyDrive/SKRIPSI/cassava-lora/data/train/cmd/train-cmd-2379.jpg,cmd,3
/content/drive/MyDrive/SKRIPSI/cassava-lora/data/train/cbsd/train-cbsd-608.jpg,cbsd,1
/content/drive/MyDrive/SKRIPSI/cassava-lora/data/train/cmd/train-cmd-2367.jpg,cmd,3
/content/drive/MyDrive/SKRIPSI/cassava-lora/data/train/cmd/train-cmd-1668.jpg,cmd,3
/content/drive/MyDrive/SKRIPSI/cassava-lora/data/train/cmd/train-cmd-1643.jpg,cmd,3
/content/drive/MyDrive/SKRIPSI/cassava-lora/data/train/cmd/train-cmd-1005.jpg,cmd,3
/content/drive/MyDrive/SKRIPSI/cassava-lora/data/train/cmd/train-cmd-334.jpg,cmd,3
/content/drive/MyDrive/SKRIPSI/cassava-lora/data/train/cbsd/train-cbsd-700.jpg,cbsd,1
/content/drive/MyDrive/SKRIPSI/cassava-lora/data/train/cmd/train-cmd-1403.jpg,cmd,3
/content/drive/MyDrive/SKRIPSI/cassava-lora/data/train/cbsd/train-cbsd-645.jpg,cbsd,1
/content/drive/MyDrive/SKRIPSI/cassava-lora/data/train/cbsd/train-cbsd-813.jpg,cbsd,1
/content/drive/MyDrive/SKRIPSI/cassava-lora/data/train/cmd/train-cmd-817.jpg,cmd,3
/content/drive/MyDrive/SKRIPSI/cassava-lora/data/train/cbsd/train-cbsd-894.jpg,cbsd,1
/content/drive/MyDrive/SKRIPSI/cassava-lora/data/train/cgm/train-cgm-720.jpg,cgm,2
/content/drive/MyDrive/SKRIPSI/cassava-lora/data/train/cbb/train-cbb-275.jpg,cbb,0
/content/drive/MyDrive/SKRIPSI/cassava-lora/data/train/cmd/train-cmd-1399.jpg,cmd,3
/content/drive/MyDrive/SKRIPSI/cassava-lora/data/train/cbsd/train-cbsd-206.jpg,cbsd,1
/content/drive/MyDrive/SKRIPSI/cassava-lora/data/train/cgm/train-cgm-34.jpg,cgm,2
/content/drive/MyDrive/SKRIPSI/cassava-lora/data/train/cbsd/train-cbsd-333.jpg,cbsd,1
/content/drive/MyDrive/SKRIPSI/cassava-lora/data/train/cmd/train-cmd-2638.jpg,cmd,3
/content/drive/MyDrive/SKRIPSI/cassava-lora/data/train/healthy/train-healthy-306.jpg,healthy,4
/content/drive/MyDrive/SKRIPSI/cassava-lora/data/train/cgm/train-cgm-140.jpg,cgm,2
/content/drive/MyDrive/SKRIPSI/cassava-lora/data/train/cmd/train-cmd-1068.jpg,cmd,3
/content/drive/MyDrive/SKRIPSI/cassava-lora/data/train/cmd/train-cmd-58.jpg,cmd,3
/content/drive/MyDrive/SKRIPSI/cassava-lora/data/train/cbsd/train-cbsd-595.jpg,cbsd,1
/content/drive/MyDrive/SKRIPSI/cassava-lora/data/train/cgm/train-cgm-62.jpg,cgm,2
/content/drive/MyDrive/SKRIPSI/cassava-lora/data/train/cmd/train-cmd-2467.jpg,cmd,3
/content/drive/MyDrive/SKRIPSI/cassava-lora/data/train/cgm/train-cgm-690.jpg,cgm,2
/content/drive/MyDrive/SKRIPSI/cassava-lora/data/train/cmd/train-cmd-652.jpg,cmd,3
/content/drive/MyDrive/SKRIPSI/cassava-lora/data/train/cgm/train-cgm-131.jpg,cgm,2
/content/drive/MyDrive/SKRIPSI/cassava-lora/data/train/cbsd/train-cbsd-911.jpg,cbsd,1
/content/drive/MyDrive/SKRIPSI/cassava-lora/data/train/cbsd/train-cbsd-343.jpg,cbsd,1
/content/drive/MyDrive/SKRIPSI/cassava-lora/data/train/cmd/train-cmd-1501.jpg,cmd,3
/content/drive/MyDrive/SKRIPSI/cassava-lora/data/train/cmd/train-cmd-335.jpg,cmd,3
/content/drive/MyDrive/SKRIPSI/cassava-lora/data/train/cmd/train-cmd-1669.jpg,cmd,3
/content/drive/MyDrive/SKRIPSI/cassava-lora/data/train/cbsd/train-cbsd-918.jpg,cbsd,1
/content/drive/MyDrive/SKRIPSI/cassava-lora/data/train/cgm/train-cgm-747.jpg,cgm,2
/content/drive/MyDrive/SKRIPSI/cassava-lora/data/train/cbsd/train-cbsd-276.jpg,cbsd,1
/content/drive/MyDrive/SKRIPSI/cassava-lora/data/train/healthy/train-healthy-236.jpg,healthy,4
/content/drive/MyDrive/SKRIPSI/cassava-lora/data/train/cmd/train-cmd-97.jpg,cmd,3
/content/drive/MyDrive/SKRIPSI/cassava-lora/data/train/cmd/train-cmd-867.jpg,cmd,3
/content/drive/MyDrive/SKRIPSI/cassava-lora/data/train/healthy/train-healthy-81.jpg,healthy,4
/content/drive/MyDrive/SKRIPSI/cassava-lora/data/train/cbsd/train-cbsd-55.jpg,cbsd,1
/content/drive/MyDrive/SKRIPSI/cassava-lora/data/train/cbsd/train-cbsd-51.jpg,cbsd,1
/content/drive/MyDrive/SKRIPSI/cassava-lora/data/train/cmd/train-cmd-2304.jpg,cmd,3
/content/drive/MyDrive/SKRIPSI/cassava-lora/data/train/cbsd/train-cbsd-985.jpg,cbsd,1
/content/drive/MyDrive/SKRIPSI/cassava-lora/data/train/cbsd/train-cbsd-1145.jpg,cbsd,1
/content/drive/MyDrive/SKRIPSI/cassava-lora/data/train/cbsd/train-cbsd-1314.jpg,cbsd,1
/content/drive/MyDrive/SKRIPSI/cassava-lora/data/train/cbsd/train-cbsd-723.jpg,cbsd,1
/content/drive/MyDrive/SKRIPSI/cassava-lora/data/train/cmd/train-cmd-1888.jpg,cmd,3
/content/drive/MyDrive/SKRIPSI/cassava-lora/data/train/cmd/train-cmd-1544.jpg,cmd,3
/content/drive/MyDrive/SKRIPSI/cassava-lora/data/train/cbsd/train-cbsd-1410.jpg,cbsd,1
/content/drive/MyDrive/SKRIPSI/cassava-lora/data/train/cmd/train-cmd-1776.jpg,cmd,3
/content/drive/MyDrive/SKRIPSI/cassava-lora/data/train/cbsd/train-cbsd-87.jpg,cbsd,1
/content/drive/MyDrive/SKRIPSI/cassava-lora/data/train/cbsd/train-cbsd-1413.jpg,cbsd,1
/content/drive/MyDrive/SKRIPSI/cassava-lora/data/train/cmd/train-cmd-889.jpg,cmd,3
/content/drive/MyDrive/SKRIPSI/cassava-lora/data/train/cmd/train-cmd-1188.jpg,cmd,3
/content/drive/MyDrive/SKRIPSI/cassava-lora/data/train/cgm/train-cgm-22.jpg,cgm,2
/content/drive/MyDrive/SKRIPSI/cassava-lora/data/train/healthy/train-healthy-284.jpg,healthy,4
/content/drive/MyDrive/SKRIPSI/cassava-lora/data/train/cmd/train-cmd-1024.jpg,cmd,3
/content/drive/MyDrive/SKRIPSI/cassava-lora/data/train/cmd/train-cmd-1458.jpg,cmd,3
/content/drive/MyDrive/SKRIPSI/cassava-lora/data/train/cmd/train-cmd-519.jpg,cmd,3
/content/drive/MyDrive/SKRIPSI/cassava-lora/data/train/cmd/train-cmd-1722.jpg,cmd,3
/content/drive/MyDrive/SKRIPSI/cassava-lora/data/train/cgm/train-cgm-673.jpg,cgm,2
/content/drive/MyDrive/SKRIPSI/cassava-lora/data/train/cmd/train-cmd-598.jpg,cmd,3
/content/drive/MyDrive/SKRIPSI/cassava-lora/data/train/cmd/train-cmd-2403.jpg,cmd,3
/content/drive/MyDrive/SKRIPSI/cassava-lora/data/train/cbb/train-cbb-398.jpg,cbb,0
/content/drive/MyDrive/SKRIPSI/cassava-lora/data/train/cmd/train-cmd-1673.jpg,cmd,3
/content/drive/MyDrive/SKRIPSI/cassava-lora/data/train/cbsd/train-cbsd-780.jpg,cbsd,1
/content/drive/MyDrive/SKRIPSI/cassava-lora/data/train/cgm/train-cgm-12.jpg,cgm,2
/content/drive/MyDrive/SKRIPSI/cassava-lora/data/train/cbsd/train-cbsd-1316.jpg,cbsd,1
/content/drive/MyDrive/SKRIPSI/cassava-lora/data/train/healthy/train-healthy-315.jpg,healthy,4
/content/drive/MyDrive/SKRIPSI/cassava-lora/data/train/cmd/train-cmd-429.jpg,cmd,3
/content/drive/MyDrive/SKRIPSI/cassava-lora/data/train/cbsd/train-cbsd-842.jpg,cbsd,1
/content/drive/MyDrive/SKRIPSI/cassava-lora/data/train/cmd/train-cmd-154.jpg,cmd,3
/content/drive/MyDrive/SKRIPSI/cassava-lora/data/train/cmd/train-cmd-959.jpg,cmd,3
/content/drive/MyDrive/SKRIPSI/cassava-lora/data/train/cmd/train-cmd-2060.jpg,cmd,3
/content/drive/MyDrive/SKRIPSI/cassava-lora/data/train/cgm/train-cgm-416.jpg,cgm,2
/content/drive/MyDrive/SKRIPSI/cassava-lora/data/train/cbsd/train-cbsd-1312.jpg,cbsd,1
/content/drive/MyDrive/SKRIPSI/cassava-lora/data/train/cbsd/train-cbsd-197.jpg,cbsd,1
/content/drive/MyDrive/SKRIPSI/cassava-lora/data/train/cgm/train-cgm-415.jpg,cgm,2
/content/drive/MyDrive/SKRIPSI/cassava-lora/data/train/cmd/train-cmd-1642.jpg,cmd,3
/content/drive/MyDrive/SKRIPSI/cassava-lora/data/train/cbsd/train-cbsd-1244.jpg,cbsd,1
/content/drive/MyDrive/SKRIPSI/cassava-lora/data/train/cmd/train-cmd-167.jpg,cmd,3
/content/drive/MyDrive/SKRIPSI/cassava-lora/data/train/cmd/train-cmd-561.jpg,cmd,3
/content/drive/MyDrive/SKRIPSI/cassava-lora/data/train/cgm/train-cgm-187.jpg,cgm,2
/content/drive/MyDrive/SKRIPSI/cassava-lora/data/train/cbsd/train-cbsd-642.jpg,cbsd,1
/content/drive/MyDrive/SKRIPSI/cassava-lora/data/train/cmd/train-cmd-296.jpg,cmd,3
/content/drive/MyDrive/SKRIPSI/cassava-lora/data/train/cmd/train-cmd-568.jpg,cmd,3
/content/drive/MyDrive/SKRIPSI/cassava-lora/data/train/cbsd/train-cbsd-1372.jpg,cbsd,1
/content/drive/MyDrive/SKRIPSI/cassava-lora/data/train/cmd/train-cmd-1562.jpg,cmd,3
/content/drive/MyDrive/SKRIPSI/cassava-lora/data/train/healthy/train-healthy-274.jpg,healthy,4
/content/drive/MyDrive/SKRIPSI/cassava-lora/data/train/cmd/train-cmd-1236.jpg,cmd,3
/content/drive/MyDrive/SKRIPSI/cassava-lora/data/train/cmd/train-cmd-1726.jpg,cmd,3
/content/drive/MyDrive/SKRIPSI/cassava-lora/data/train/cmd/train-cmd-2292.jpg,cmd,3
/content/drive/MyDrive/SKRIPSI/cassava-lora/data/train/cmd/train-cmd-2402.jpg,cmd,3
/content/drive/MyDrive/SKRIPSI/cassava-lora/data/train/cmd/train-cmd-579.jpg,cmd,3
/content/drive/MyDrive/SKRIPSI/cassava-lora/data/train/cbsd/train-cbsd-36.jpg,cbsd,1
/content/drive/MyDrive/SKRIPSI/cassava-lora/data/train/cmd/train-cmd-2194.jpg,cmd,3
/content/drive/MyDrive/SKRIPSI/cassava-lora/data/train/cbsd/train-cbsd-1179.jpg,cbsd,1
/content/drive/MyDrive/SKRIPSI/cassava-lora/data/train/cgm/train-cgm-509.jpg,cgm,2
/content/drive/MyDrive/SKRIPSI/cassava-lora/data/train/cmd/train-cmd-1940.jpg,cmd,3
/content/drive/MyDrive/SKRIPSI/cassava-lora/data/train/cmd/train-cmd-1313.jpg,cmd,3
/content/drive/MyDrive/SKRIPSI/cassava-lora/data/train/cmd/train-cmd-2471.jpg,cmd,3
/content/drive/MyDrive/SKRIPSI/cassava-lora/data/train/cbb/train-cbb-225.jpg,cbb,0
/content/drive/MyDrive/SKRIPSI/cassava-lora/data/train/cbsd/train-cbsd-1402.jpg,cbsd,1
/content/drive/MyDrive/SKRIPSI/cassava-lora/data/train/cbsd/train-cbsd-1432.jpg,cbsd,1
/content/drive/MyDrive/SKRIPSI/cassava-lora/data/train/cbsd/train-cbsd-1405.jpg,cbsd,1
/content/drive/MyDrive/SKRIPSI/cassava-lora/data/train/cbsd/train-cbsd-767.jpg,cbsd,1
/content/drive/MyDrive/SKRIPSI/cassava-lora/data/train/cmd/train-cmd-1641.jpg,cmd,3
/content/drive/MyDrive/SKRIPSI/cassava-lora/data/train/cbsd/train-cbsd-1412.jpg,cbsd,1
/content/drive/MyDrive/SKRIPSI/cassava-lora/data/train/cmd/train-cmd-1309.jpg,cmd,3
/content/drive/MyDrive/SKRIPSI/cassava-lora/data/train/cgm/train-cgm-380.jpg,cgm,2
/content/drive/MyDrive/SKRIPSI/cassava-lora/data/train/cgm/train-cgm-277.jpg,cgm,2
/content/drive/MyDrive/SKRIPSI/cassava-lora/data/train/cmd/train-cmd-685.jpg,cmd,3
/content/drive/MyDrive/SKRIPSI/cassava-lora/data/train/cgm/train-cgm-345.jpg,cgm,2
/content/drive/MyDrive/SKRIPSI/cassava-lora/data/train/cmd/train-cmd-751.jpg,cmd,3
/content/drive/MyDrive/SKRIPSI/cassava-lora/data/train/cbsd/train-cbsd-692.jpg,cbsd,1
/content/drive/MyDrive/SKRIPSI/cassava-lora/data/train/cmd/train-cmd-1828.jpg,cmd,3
/content/drive/MyDrive/SKRIPSI/cassava-lora/data/train/cbsd/train-cbsd-763.jpg,cbsd,1
/content/drive/MyDrive/SKRIPSI/cassava-lora/data/train/cmd/train-cmd-1994.jpg,cmd,3
/content/drive/MyDrive/SKRIPSI/cassava-lora/data/train/cgm/train-cgm-471.jpg,cgm,2
/content/drive/MyDrive/SKRIPSI/cassava-lora/data/train/cmd/train-cmd-2239.jpg,cmd,3
/content/drive/MyDrive/SKRIPSI/cassava-lora/data/train/cmd/train-cmd-1848.jpg,cmd,3
/content/drive/MyDrive/SKRIPSI/cassava-lora/data/train/cgm/train-cgm-313.jpg,cgm,2
/content/drive/MyDrive/SKRIPSI/cassava-lora/data/train/cmd/train-cmd-503.jpg,cmd,3
/content/drive/MyDrive/SKRIPSI/cassava-lora/data/train/cgm/train-cgm-762.jpg,cgm,2
/content/drive/MyDrive/SKRIPSI/cassava-lora/data/train/cbsd/train-cbsd-288.jpg,cbsd,1
/content/drive/MyDrive/SKRIPSI/cassava-lora/data/train/cgm/train-cgm-24.jpg,cgm,2
/content/drive/MyDrive/SKRIPSI/cassava-lora/data/train/cbsd/train-cbsd-690.jpg,cbsd,1
/content/drive/MyDrive/SKRIPSI/cassava-lora/data/train/cmd/train-cmd-2633.jpg,cmd,3
/content/drive/MyDrive/SKRIPSI/cassava-lora/data/train/cmd/train-cmd-2241.jpg,cmd,3
/content/drive/MyDrive/SKRIPSI/cassava-lora/data/train/cbb/train-cbb-455.jpg,cbb,0
/content/drive/MyDrive/SKRIPSI/cassava-lora/data/train/cbsd/train-cbsd-461.jpg,cbsd,1
/content/drive/MyDrive/SKRIPSI/cassava-lora/data/train/cbsd/train-cbsd-175.jpg,cbsd,1
/content/drive/MyDrive/SKRIPSI/cassava-lora/data/train/cbb/train-cbb-453.jpg,cbb,0
/content/drive/MyDrive/SKRIPSI/cassava-lora/data/train/cmd/train-cmd-139.jpg,cmd,3
/content/drive/MyDrive/SKRIPSI/cassava-lora/data/train/cbb/train-cbb-262.jpg,cbb,0
/content/drive/MyDrive/SKRIPSI/cassava-lora/data/train/healthy/train-healthy-238.jpg,healthy,4
/content/drive/MyDrive/SKRIPSI/cassava-lora/data/train/cbsd/train-cbsd-541.jpg,cbsd,1
/content/drive/MyDrive/SKRIPSI/cassava-lora/data/train/cmd/train-cmd-1092.jpg,cmd,3
/content/drive/MyDrive/SKRIPSI/cassava-lora/data/train/cbsd/train-cbsd-1029.jpg,cbsd,1
/content/drive/MyDrive/SKRIPSI/cassava-lora/data/train/cbb/train-cbb-309.jpg,cbb,0
/content/drive/MyDrive/SKRIPSI/cassava-lora/data/train/cbsd/train-cbsd-1167.jpg,cbsd,1
/content/drive/MyDrive/SKRIPSI/cassava-lora/data/train/cbsd/train-cbsd-906.jpg,cbsd,1
/content/drive/MyDrive/SKRIPSI/cassava-lora/data/train/cmd/train-cmd-2548.jpg,cmd,3
/content/drive/MyDrive/SKRIPSI/cassava-lora/data/train/cbsd/train-cbsd-1034.jpg,cbsd,1
/content/drive/MyDrive/SKRIPSI/cassava-lora/data/train/cbsd/train-cbsd-258.jpg,cbsd,1
/content/drive/MyDrive/SKRIPSI/cassava-lora/data/train/healthy/train-healthy-235.jpg,healthy,4
/content/drive/MyDrive/SKRIPSI/cassava-lora/data/train/cbsd/train-cbsd-1302.jpg,cbsd,1
/content/drive/MyDrive/SKRIPSI/cassava-lora/data/train/cbsd/train-cbsd-415.jpg,cbsd,1
/content/drive/MyDrive/SKRIPSI/cassava-lora/data/train/cbsd/train-cbsd-40.jpg,cbsd,1
/content/drive/MyDrive/SKRIPSI/cassava-lora/data/train/cbsd/train-cbsd-599.jpg,cbsd,1
/content/drive/MyDrive/SKRIPSI/cassava-lora/data/train/cbsd/train-cbsd-1189.jpg,cbsd,1
/content/drive/MyDrive/SKRIPSI/cassava-lora/data/train/cmd/train-cmd-1958.jpg,cmd,3
/content/drive/MyDrive/SKRIPSI/cassava-lora/data/train/cgm/train-cgm-743.jpg,cgm,2
/content/drive/MyDrive/SKRIPSI/cassava-lora/data/train/cmd/train-cmd-2575.jpg,cmd,3
/content/drive/MyDrive/SKRIPSI/cassava-lora/data/train/cmd/train-cmd-2247.jpg,cmd,3
/content/drive/MyDrive/SKRIPSI/cassava-lora/data/train/cmd/train-cmd-1679.jpg,cmd,3
/content/drive/MyDrive/SKRIPSI/cassava-lora/data/train/cmd/train-cmd-1836.jpg,cmd,3
/content/drive/MyDrive/SKRIPSI/cassava-lora/data/train/cmd/train-cmd-2557.jpg,cmd,3
/content/drive/MyDrive/SKRIPSI/cassava-lora/data/train/cbb/train-cbb-200.jpg,cbb,0
/content/drive/MyDrive/SKRIPSI/cassava-lora/data/train/cmd/train-cmd-2585.jpg,cmd,3
/content/drive/MyDrive/SKRIPSI/cassava-lora/data/train/healthy/train-healthy-137.jpg,healthy,4
/content/drive/MyDrive/SKRIPSI/cassava-lora/data/train/cbb/train-cbb-107.jpg,cbb,0
/content/drive/MyDrive/SKRIPSI/cassava-lora/data/train/cbsd/train-cbsd-255.jpg,cbsd,1
/content/drive/MyDrive/SKRIPSI/cassava-lora/data/train/cmd/train-cmd-1194.jpg,cmd,3
/content/drive/MyDrive/SKRIPSI/cassava-lora/data/train/cbsd/train-cbsd-646.jpg,cbsd,1
/content/drive/MyDrive/SKRIPSI/cassava-lora/data/train/cbb/train-cbb-363.jpg,cbb,0
/content/drive/MyDrive/SKRIPSI/cassava-lora/data/train/cbsd/train-cbsd-60.jpg,cbsd,1
/content/drive/MyDrive/SKRIPSI/cassava-lora/data/train/cmd/train-cmd-2000.jpg,cmd,3
/content/drive/MyDrive/SKRIPSI/cassava-lora/data/train/cmd/train-cmd-755.jpg,cmd,3
/content/drive/MyDrive/SKRIPSI/cassava-lora/data/train/cgm/train-cgm-530.jpg,cgm,2
/content/drive/MyDrive/SKRIPSI/cassava-lora/data/train/cbsd/train-cbsd-1231.jpg,cbsd,1
/content/drive/MyDrive/SKRIPSI/cassava-lora/data/train/cbsd/train-cbsd-1295.jpg,cbsd,1
/content/drive/MyDrive/SKRIPSI/cassava-lora/data/train/cmd/train-cmd-1233.jpg,cmd,3
/content/drive/MyDrive/SKRIPSI/cassava-lora/data/train/cmd/train-cmd-1781.jpg,cmd,3
/content/drive/MyDrive/SKRIPSI/cassava-lora/data/train/cmd/train-cmd-1717.jpg,cmd,3
/content/drive/MyDrive/SKRIPSI/cassava-lora/data/train/cbsd/train-cbsd-304.jpg,cbsd,1
/content/drive/MyDrive/SKRIPSI/cassava-lora/data/train/cmd/train-cmd-1721.jpg,cmd,3
/content/drive/MyDrive/SKRIPSI/cassava-lora/data/train/healthy/train-healthy-196.jpg,healthy,4
/content/drive/MyDrive/SKRIPSI/cassava-lora/data/train/cbb/train-cbb-416.jpg,cbb,0
/content/drive/MyDrive/SKRIPSI/cassava-lora/data/train/healthy/train-healthy-3.jpg,healthy,4
/content/drive/MyDrive/SKRIPSI/cassava-lora/data/train/cbsd/train-cbsd-1335.jpg,cbsd,1
/content/drive/MyDrive/SKRIPSI/cassava-lora/data/train/cgm/train-cgm-749.jpg,cgm,2
/content/drive/MyDrive/SKRIPSI/cassava-lora/data/train/cmd/train-cmd-2350.jpg,cmd,3
/content/drive/MyDrive/SKRIPSI/cassava-lora/data/train/cmd/train-cmd-1327.jpg,cmd,3
/content/drive/MyDrive/SKRIPSI/cassava-lora/data/train/cbb/train-cbb-346.jpg,cbb,0
/content/drive/MyDrive/SKRIPSI/cassava-lora/data/train/cbsd/train-cbsd-412.jpg,cbsd,1
/content/drive/MyDrive/SKRIPSI/cassava-lora/data/train/cmd/train-cmd-632.jpg,cmd,3
/content/drive/MyDrive/SKRIPSI/cassava-lora/data/train/cmd/train-cmd-1151.jpg,cmd,3
/content/drive/MyDrive/SKRIPSI/cassava-lora/data/train/cmd/train-cmd-2497.jpg,cmd,3
/content/drive/MyDrive/SKRIPSI/cassava-lora/data/train/cmd/train-cmd-2420.jpg,cmd,3
/content/drive/MyDrive/SKRIPSI/cassava-lora/data/train/healthy/train-healthy-221.jpg,healthy,4
/content/drive/MyDrive/SKRIPSI/cassava-lora/data/train/cbsd/train-cbsd-1009.jpg,cbsd,1
/content/drive/MyDrive/SKRIPSI/cassava-lora/data/train/cgm/train-cgm-467.jpg,cgm,2
/content/drive/MyDrive/SKRIPSI/cassava-lora/data/train/cmd/train-cmd-2163.jpg,cmd,3
/content/drive/MyDrive/SKRIPSI/cassava-lora/data/train/cmd/train-cmd-1118.jpg,cmd,3
/content/drive/MyDrive/SKRIPSI/cassava-lora/data/train/cmd/train-cmd-2487.jpg,cmd,3
/content/drive/MyDrive/SKRIPSI/cassava-lora/data/train/cbsd/train-cbsd-1030.jpg,cbsd,1
/content/drive/MyDrive/SKRIPSI/cassava-lora/data/train/cmd/train-cmd-1777.jpg,cmd,3
/content/drive/MyDrive/SKRIPSI/cassava-lora/data/train/cmd/train-cmd-2187.jpg,cmd,3
/content/drive/MyDrive/SKRIPSI/cassava-lora/data/train/cbb/train-cbb-304.jpg,cbb,0
/content/drive/MyDrive/SKRIPSI/cassava-lora/data/train/cgm/train-cgm-111.jpg,cgm,2
/content/drive/MyDrive/SKRIPSI/cassava-lora/data/train/cmd/train-cmd-905.jpg,cmd,3
/content/drive/MyDrive/SKRIPSI/cassava-lora/data/train/cbb/train-cbb-160.jpg,cbb,0
/content/drive/MyDrive/SKRIPSI/cassava-lora/data/train/cmd/train-cmd-1543.jpg,cmd,3
/content/drive/MyDrive/SKRIPSI/cassava-lora/data/train/cmd/train-cmd-2489.jpg,cmd,3
/content/drive/MyDrive/SKRIPSI/cassava-lora/data/train/cbsd/train-cbsd-938.jpg,cbsd,1
/content/drive/MyDrive/SKRIPSI/cassava-lora/data/train/cbsd/train-cbsd-588.jpg,cbsd,1
/content/drive/MyDrive/SKRIPSI/cassava-lora/data/train/cmd/train-cmd-2046.jpg,cmd,3
/content/drive/MyDrive/SKRIPSI/cassava-lora/data/train/healthy/train-healthy-252.jpg,healthy,4
/content/drive/MyDrive/SKRIPSI/cassava-lora/data/train/cmd/train-cmd-2520.jpg,cmd,3
/content/drive/MyDrive/SKRIPSI/cassava-lora/data/train/cmd/train-cmd-1536.jpg,cmd,3
/content/drive/MyDrive/SKRIPSI/cassava-lora/data/train/cbb/train-cbb-37.jpg,cbb,0
/content/drive/MyDrive/SKRIPSI/cassava-lora/data/train/cbb/train-cbb-191.jpg,cbb,0
/content/drive/MyDrive/SKRIPSI/cassava-lora/data/train/cmd/train-cmd-894.jpg,cmd,3
/content/drive/MyDrive/SKRIPSI/cassava-lora/data/train/cmd/train-cmd-1220.jpg,cmd,3
/content/drive/MyDrive/SKRIPSI/cassava-lora/data/train/healthy/train-healthy-145.jpg,healthy,4
/content/drive/MyDrive/SKRIPSI/cassava-lora/data/train/cmd/train-cmd-265.jpg,cmd,3
/content/drive/MyDrive/SKRIPSI/cassava-lora/data/train/cgm/train-cgm-18.jpg,cgm,2
/content/drive/MyDrive/SKRIPSI/cassava-lora/data/train/healthy/train-healthy-276.jpg,healthy,4
/content/drive/MyDrive/SKRIPSI/cassava-lora/data/train/cbb/train-cbb-359.jpg,cbb,0
/content/drive/MyDrive/SKRIPSI/cassava-lora/data/train/cmd/train-cmd-1206.jpg,cmd,3
/content/drive/MyDrive/SKRIPSI/cassava-lora/data/train/cbsd/train-cbsd-19.jpg,cbsd,1
/content/drive/MyDrive/SKRIPSI/cassava-lora/data/train/cmd/train-cmd-1436.jpg,cmd,3
/content/drive/MyDrive/SKRIPSI/cassava-lora/data/train/cbsd/train-cbsd-921.jpg,cbsd,1
/content/drive/MyDrive/SKRIPSI/cassava-lora/data/train/cbsd/train-cbsd-342.jpg,cbsd,1
/content/drive/MyDrive/SKRIPSI/cassava-lora/data/train/healthy/train-healthy-109.jpg,healthy,4
/content/drive/MyDrive/SKRIPSI/cassava-lora/data/train/cmd/train-cmd-2506.jpg,cmd,3
/content/drive/MyDrive/SKRIPSI/cassava-lora/data/train/cgm/train-cgm-103.jpg,cgm,2
/content/drive/MyDrive/SKRIPSI/cassava-lora/data/train/cmd/train-cmd-1352.jpg,cmd,3
/content/drive/MyDrive/SKRIPSI/cassava-lora/data/train/cbsd/train-cbsd-652.jpg,cbsd,1
/content/drive/MyDrive/SKRIPSI/cassava-lora/data/train/cbsd/train-cbsd-899.jpg,cbsd,1
/content/drive/MyDrive/SKRIPSI/cassava-lora/data/train/cmd/train-cmd-1443.jpg,cmd,3
/content/drive/MyDrive/SKRIPSI/cassava-lora/data/train/cbsd/train-cbsd-1214.jpg,cbsd,1
/content/drive/MyDrive/SKRIPSI/cassava-lora/data/train/cmd/train-cmd-2334.jpg,cmd,3
/content/drive/MyDrive/SKRIPSI/cassava-lora/data/train/cmd/train-cmd-1083.jpg,cmd,3
/content/drive/MyDrive/SKRIPSI/cassava-lora/data/train/cbsd/train-cbsd-1317.jpg,cbsd,1
/content/drive/MyDrive/SKRIPSI/cassava-lora/data/train/cmd/train-cmd-2440.jpg,cmd,3
/content/drive/MyDrive/SKRIPSI/cassava-lora/data/train/cmd/train-cmd-2119.jpg,cmd,3
/content/drive/MyDrive/SKRIPSI/cassava-lora/data/train/cbb/train-cbb-0.jpg,cbb,0
/content/drive/MyDrive/SKRIPSI/cassava-lora/data/train/cmd/train-cmd-2473.jpg,cmd,3
/content/drive/MyDrive/SKRIPSI/cassava-lora/data/train/healthy/train-healthy-133.jpg,healthy,4
/content/drive/MyDrive/SKRIPSI/cassava-lora/data/train/cbsd/train-cbsd-593.jpg,cbsd,1
/content/drive/MyDrive/SKRIPSI/cassava-lora/data/train/cmd/train-cmd-714.jpg,cmd,3
/content/drive/MyDrive/SKRIPSI/cassava-lora/data/train/healthy/train-healthy-168.jpg,healthy,4
/content/drive/MyDrive/SKRIPSI/cassava-lora/data/train/cbb/train-cbb-372.jpg,cbb,0
/content/drive/MyDrive/SKRIPSI/cassava-lora/data/train/cgm/train-cgm-222.jpg,cgm,2
/content/drive/MyDrive/SKRIPSI/cassava-lora/data/train/cmd/train-cmd-2392.jpg,cmd,3
/content/drive/MyDrive/SKRIPSI/cassava-lora/data/train/cmd/train-cmd-305.jpg,cmd,3
/content/drive/MyDrive/SKRIPSI/cassava-lora/data/train/cmd/train-cmd-858.jpg,cmd,3
/content/drive/MyDrive/SKRIPSI/cassava-lora/data/train/cmd/train-cmd-772.jpg,cmd,3
/content/drive/MyDrive/SKRIPSI/cassava-lora/data/train/cbsd/train-cbsd-279.jpg,cbsd,1
/content/drive/MyDrive/SKRIPSI/cassava-lora/data/train/cmd/train-cmd-1684.jpg,cmd,3
/content/drive/MyDrive/SKRIPSI/cassava-lora/data/train/cmd/train-cmd-392.jpg,cmd,3
/content/drive/MyDrive/SKRIPSI/cassava-lora/data/train/cbsd/train-cbsd-1321.jpg,cbsd,1
/content/drive/MyDrive/SKRIPSI/cassava-lora/data/train/cmd/train-cmd-1289.jpg,cmd,3
/content/drive/MyDrive/SKRIPSI/cassava-lora/data/train/cbsd/train-cbsd-601.jpg,cbsd,1
/content/drive/MyDrive/SKRIPSI/cassava-lora/data/train/cmd/train-cmd-2044.jpg,cmd,3
/content/drive/MyDrive/SKRIPSI/cassava-lora/data/train/cmd/train-cmd-2586.jpg,cmd,3
/content/drive/MyDrive/SKRIPSI/cassava-lora/data/train/cbsd/train-cbsd-536.jpg,cbsd,1
/content/drive/MyDrive/SKRIPSI/cassava-lora/data/train/cgm/train-cgm-112.jpg,cgm,2
/content/drive/MyDrive/SKRIPSI/cassava-lora/data/train/cmd/train-cmd-1761.jpg,cmd,3
/content/drive/MyDrive/SKRIPSI/cassava-lora/data/train/cmd/train-cmd-421.jpg,cmd,3
/content/drive/MyDrive/SKRIPSI/cassava-lora/data/train/cbsd/train-cbsd-56.jpg,cbsd,1
/content/drive/MyDrive/SKRIPSI/cassava-lora/data/train/cbsd/train-cbsd-833.jpg,cbsd,1
/content/drive/MyDrive/SKRIPSI/cassava-lora/data/train/healthy/train-healthy-263.jpg,healthy,4
/content/drive/MyDrive/SKRIPSI/cassava-lora/data/train/cmd/train-cmd-1737.jpg,cmd,3
/content/drive/MyDrive/SKRIPSI/cassava-lora/data/train/cmd/train-cmd-386.jpg,cmd,3
/content/drive/MyDrive/SKRIPSI/cassava-lora/data/train/cgm/train-cgm-354.jpg,cgm,2
/content/drive/MyDrive/SKRIPSI/cassava-lora/data/train/cmd/train-cmd-5.jpg,cmd,3
/content/drive/MyDrive/SKRIPSI/cassava-lora/data/train/cbsd/train-cbsd-1132.jpg,cbsd,1
/content/drive/MyDrive/SKRIPSI/cassava-lora/data/train/cbsd/train-cbsd-1105.jpg,cbsd,1
/content/drive/MyDrive/SKRIPSI/cassava-lora/data/train/cmd/train-cmd-2168.jpg,cmd,3
/content/drive/MyDrive/SKRIPSI/cassava-lora/data/train/cmd/train-cmd-2279.jpg,cmd,3
/content/drive/MyDrive/SKRIPSI/cassava-lora/data/train/cbsd/train-cbsd-478.jpg,cbsd,1
/content/drive/MyDrive/SKRIPSI/cassava-lora/data/train/cbsd/train-cbsd-1100.jpg,cbsd,1
/content/drive/MyDrive/SKRIPSI/cassava-lora/data/train/healthy/train-healthy-231.jpg,healthy,4
/content/drive/MyDrive/SKRIPSI/cassava-lora/data/train/cmd/train-cmd-1988.jpg,cmd,3
/content/drive/MyDrive/SKRIPSI/cassava-lora/data/train/cmd/train-cmd-2385.jpg,cmd,3
/content/drive/MyDrive/SKRIPSI/cassava-lora/data/train/cbb/train-cbb-202.jpg,cbb,0
/content/drive/MyDrive/SKRIPSI/cassava-lora/data/train/cmd/train-cmd-65.jpg,cmd,3
/content/drive/MyDrive/SKRIPSI/cassava-lora/data/train/cbsd/train-cbsd-200.jpg,cbsd,1
/content/drive/MyDrive/SKRIPSI/cassava-lora/data/train/cmd/train-cmd-1094.jpg,cmd,3
/content/drive/MyDrive/SKRIPSI/cassava-lora/data/train/cgm/train-cgm-456.jpg,cgm,2
/content/drive/MyDrive/SKRIPSI/cassava-lora/data/train/cmd/train-cmd-2261.jpg,cmd,3
/content/drive/MyDrive/SKRIPSI/cassava-lora/data/train/cmd/train-cmd-1080.jpg,cmd,3
/content/drive/MyDrive/SKRIPSI/cassava-lora/data/train/cmd/train-cmd-1052.jpg,cmd,3
/content/drive/MyDrive/SKRIPSI/cassava-lora/data/train/cmd/train-cmd-1411.jpg,cmd,3
/content/drive/MyDrive/SKRIPSI/cassava-lora/data/train/cbsd/train-cbsd-1164.jpg,cbsd,1
/content/drive/MyDrive/SKRIPSI/cassava-lora/data/train/cbsd/train-cbsd-280.jpg,cbsd,1
/content/drive/MyDrive/SKRIPSI/cassava-lora/data/train/cbsd/train-cbsd-584.jpg,cbsd,1
/content/drive/MyDrive/SKRIPSI/cassava-lora/data/train/cbb/train-cbb-205.jpg,cbb,0
/content/drive/MyDrive/SKRIPSI/cassava-lora/data/train/cbsd/train-cbsd-568.jpg,cbsd,1
/content/drive/MyDrive/SKRIPSI/cassava-lora/data/train/cgm/train-cgm-275.jpg,cgm,2
/content/drive/MyDrive/SKRIPSI/cassava-lora/data/train/cmd/train-cmd-2224.jpg,cmd,3
/content/drive/MyDrive/SKRIPSI/cassava-lora/data/train/cmd/train-cmd-329.jpg,cmd,3
/content/drive/MyDrive/SKRIPSI/cassava-lora/data/train/cmd/train-cmd-2341.jpg,cmd,3
/content/drive/MyDrive/SKRIPSI/cassava-lora/data/train/cbsd/train-cbsd-609.jpg,cbsd,1
/content/drive/MyDrive/SKRIPSI/cassava-lora/data/train/healthy/train-healthy-215.jpg,healthy,4
/content/drive/MyDrive/SKRIPSI/cassava-lora/data/train/cbsd/train-cbsd-158.jpg,cbsd,1
/content/drive/MyDrive/SKRIPSI/cassava-lora/data/train/cbsd/train-cbsd-1041.jpg,cbsd,1
/content/drive/MyDrive/SKRIPSI/cassava-lora/data/train/cgm/train-cgm-125.jpg,cgm,2
/content/drive/MyDrive/SKRIPSI/cassava-lora/data/train/cmd/train-cmd-1500.jpg,cmd,3
/content/drive/MyDrive/SKRIPSI/cassava-lora/data/train/cbb/train-cbb-261.jpg,cbb,0
/content/drive/MyDrive/SKRIPSI/cassava-lora/data/train/cmd/train-cmd-740.jpg,cmd,3
/content/drive/MyDrive/SKRIPSI/cassava-lora/data/train/cbsd/train-cbsd-20.jpg,cbsd,1
/content/drive/MyDrive/SKRIPSI/cassava-lora/data/train/cbb/train-cbb-338.jpg,cbb,0
/content/drive/MyDrive/SKRIPSI/cassava-lora/data/train/cbb/train-cbb-360.jpg,cbb,0
/content/drive/MyDrive/SKRIPSI/cassava-lora/data/train/cbb/train-cbb-367.jpg,cbb,0
/content/drive/MyDrive/SKRIPSI/cassava-lora/data/train/cbb/train-cbb-450.jpg,cbb,0
/content/drive/MyDrive/SKRIPSI/cassava-lora/data/train/cbsd/train-cbsd-742.jpg,cbsd,1
/content/drive/MyDrive/SKRIPSI/cassava-lora/data/train/cmd/train-cmd-1659.jpg,cmd,3
/content/drive/MyDrive/SKRIPSI/cassava-lora/data/train/cmd/train-cmd-877.jpg,cmd,3
/content/drive/MyDrive/SKRIPSI/cassava-lora/data/train/cmd/train-cmd-2501.jpg,cmd,3
/content/drive/MyDrive/SKRIPSI/cassava-lora/data/train/cgm/train-cgm-128.jpg,cgm,2
/content/drive/MyDrive/SKRIPSI/cassava-lora/data/train/cmd/train-cmd-1591.jpg,cmd,3
/content/drive/MyDrive/SKRIPSI/cassava-lora/data/train/cbsd/train-cbsd-1268.jpg,cbsd,1
/content/drive/MyDrive/SKRIPSI/cassava-lora/data/train/cmd/train-cmd-2081.jpg,cmd,3
/content/drive/MyDrive/SKRIPSI/cassava-lora/data/train/cgm/train-cgm-387.jpg,cgm,2
/content/drive/MyDrive/SKRIPSI/cassava-lora/data/train/cgm/train-cgm-565.jpg,cgm,2
/content/drive/MyDrive/SKRIPSI/cassava-lora/data/train/cgm/train-cgm-15.jpg,cgm,2
/content/drive/MyDrive/SKRIPSI/cassava-lora/data/train/healthy/train-healthy-220.jpg,healthy,4
/content/drive/MyDrive/SKRIPSI/cassava-lora/data/train/cgm/train-cgm-51.jpg,cgm,2
/content/drive/MyDrive/SKRIPSI/cassava-lora/data/train/cmd/train-cmd-720.jpg,cmd,3
/content/drive/MyDrive/SKRIPSI/cassava-lora/data/train/cbsd/train-cbsd-1163.jpg,cbsd,1
/content/drive/MyDrive/SKRIPSI/cassava-lora/data/train/cmd/train-cmd-94.jpg,cmd,3
/content/drive/MyDrive/SKRIPSI/cassava-lora/data/train/cbb/train-cbb-100.jpg,cbb,0
/content/drive/MyDrive/SKRIPSI/cassava-lora/data/train/cbsd/train-cbsd-1374.jpg,cbsd,1
/content/drive/MyDrive/SKRIPSI/cassava-lora/data/train/cgm/train-cgm-154.jpg,cgm,2
/content/drive/MyDrive/SKRIPSI/cassava-lora/data/train/cmd/train-cmd-1653.jpg,cmd,3
/content/drive/MyDrive/SKRIPSI/cassava-lora/data/train/healthy/train-healthy-289.jpg,healthy,4
/content/drive/MyDrive/SKRIPSI/cassava-lora/data/train/cmd/train-cmd-173.jpg,cmd,3
/content/drive/MyDrive/SKRIPSI/cassava-lora/data/train/cmd/train-cmd-1610.jpg,cmd,3
/content/drive/MyDrive/SKRIPSI/cassava-lora/data/train/cgm/train-cgm-723.jpg,cgm,2
/content/drive/MyDrive/SKRIPSI/cassava-lora/data/train/cgm/train-cgm-770.jpg,cgm,2
/content/drive/MyDrive/SKRIPSI/cassava-lora/data/train/cmd/train-cmd-977.jpg,cmd,3
/content/drive/MyDrive/SKRIPSI/cassava-lora/data/train/cmd/train-cmd-2141.jpg,cmd,3
/content/drive/MyDrive/SKRIPSI/cassava-lora/data/train/cbsd/train-cbsd-501.jpg,cbsd,1
/content/drive/MyDrive/SKRIPSI/cassava-lora/data/train/cbsd/train-cbsd-1264.jpg,cbsd,1
/content/drive/MyDrive/SKRIPSI/cassava-lora/data/train/cgm/train-cgm-266.jpg,cgm,2
/content/drive/MyDrive/SKRIPSI/cassava-lora/data/train/cmd/train-cmd-1680.jpg,cmd,3
/content/drive/MyDrive/SKRIPSI/cassava-lora/data/train/cmd/train-cmd-2135.jpg,cmd,3
/content/drive/MyDrive/SKRIPSI/cassava-lora/data/train/cbsd/train-cbsd-1101.jpg,cbsd,1
/content/drive/MyDrive/SKRIPSI/cassava-lora/data/train/cmd/train-cmd-1504.jpg,cmd,3
/content/drive/MyDrive/SKRIPSI/cassava-lora/data/train/cmd/train-cmd-1046.jpg,cmd,3
/content/drive/MyDrive/SKRIPSI/cassava-lora/data/train/cbsd/train-cbsd-34.jpg,cbsd,1
/content/drive/MyDrive/SKRIPSI/cassava-lora/data/train/cmd/train-cmd-662.jpg,cmd,3
/content/drive/MyDrive/SKRIPSI/cassava-lora/data/train/cmd/train-cmd-765.jpg,cmd,3
/content/drive/MyDrive/SKRIPSI/cassava-lora/data/train/cbsd/train-cbsd-1250.jpg,cbsd,1
/content/drive/MyDrive/SKRIPSI/cassava-lora/data/train/cbsd/train-cbsd-708.jpg,cbsd,1
/content/drive/MyDrive/SKRIPSI/cassava-lora/data/train/cmd/train-cmd-2208.jpg,cmd,3
/content/drive/MyDrive/SKRIPSI/cassava-lora/data/train/cgm/train-cgm-288.jpg,cgm,2
/content/drive/MyDrive/SKRIPSI/cassava-lora/data/train/cbb/train-cbb-287.jpg,cbb,0
/content/drive/MyDrive/SKRIPSI/cassava-lora/data/train/cbsd/train-cbsd-1169.jpg,cbsd,1
/content/drive/MyDrive/SKRIPSI/cassava-lora/data/train/cbsd/train-cbsd-705.jpg,cbsd,1
/content/drive/MyDrive/SKRIPSI/cassava-lora/data/train/cbsd/train-cbsd-1006.jpg,cbsd,1
/content/drive/MyDrive/SKRIPSI/cassava-lora/data/train/cgm/train-cgm-614.jpg,cgm,2
/content/drive/MyDrive/SKRIPSI/cassava-lora/data/train/cmd/train-cmd-825.jpg,cmd,3
/content/drive/MyDrive/SKRIPSI/cassava-lora/data/train/cmd/train-cmd-91.jpg,cmd,3
/content/drive/MyDrive/SKRIPSI/cassava-lora/data/train/cgm/train-cgm-592.jpg,cgm,2
/content/drive/MyDrive/SKRIPSI/cassava-lora/data/train/cbsd/train-cbsd-1012.jpg,cbsd,1
/content/drive/MyDrive/SKRIPSI/cassava-lora/data/train/cgm/train-cgm-640.jpg,cgm,2
/content/drive/MyDrive/SKRIPSI/cassava-lora/data/train/cmd/train-cmd-1295.jpg,cmd,3
/content/drive/MyDrive/SKRIPSI/cassava-lora/data/train/cmd/train-cmd-961.jpg,cmd,3
/content/drive/MyDrive/SKRIPSI/cassava-lora/data/train/cbb/train-cbb-10.jpg,cbb,0
/content/drive/MyDrive/SKRIPSI/cassava-lora/data/train/cbsd/train-cbsd-1431.jpg,cbsd,1
/content/drive/MyDrive/SKRIPSI/cassava-lora/data/train/cbsd/train-cbsd-1186.jpg,cbsd,1
/content/drive/MyDrive/SKRIPSI/cassava-lora/data/train/cmd/train-cmd-223.jpg,cmd,3
/content/drive/MyDrive/SKRIPSI/cassava-lora/data/train/cmd/train-cmd-2549.jpg,cmd,3
/content/drive/MyDrive/SKRIPSI/cassava-lora/data/train/cgm/train-cgm-418.jpg,cgm,2
/content/drive/MyDrive/SKRIPSI/cassava-lora/data/train/cmd/train-cmd-1876.jpg,cmd,3
/content/drive/MyDrive/SKRIPSI/cassava-lora/data/train/cbb/train-cbb-260.jpg,cbb,0
/content/drive/MyDrive/SKRIPSI/cassava-lora/data/train/cmd/train-cmd-614.jpg,cmd,3
/content/drive/MyDrive/SKRIPSI/cassava-lora/data/train/cmd/train-cmd-1190.jpg,cmd,3
/content/drive/MyDrive/SKRIPSI/cassava-lora/data/train/cmd/train-cmd-1663.jpg,cmd,3
/content/drive/MyDrive/SKRIPSI/cassava-lora/data/train/cbsd/train-cbsd-565.jpg,cbsd,1
/content/drive/MyDrive/SKRIPSI/cassava-lora/data/train/cmd/train-cmd-574.jpg,cmd,3
/content/drive/MyDrive/SKRIPSI/cassava-lora/data/train/cmd/train-cmd-2164.jpg,cmd,3
/content/drive/MyDrive/SKRIPSI/cassava-lora/data/train/cmd/train-cmd-2438.jpg,cmd,3
/content/drive/MyDrive/SKRIPSI/cassava-lora/data/train/cmd/train-cmd-2643.jpg,cmd,3
/content/drive/MyDrive/SKRIPSI/cassava-lora/data/train/cmd/train-cmd-204.jpg,cmd,3
/content/drive/MyDrive/SKRIPSI/cassava-lora/data/train/cmd/train-cmd-203.jpg,cmd,3
/content/drive/MyDrive/SKRIPSI/cassava-lora/data/train/cbsd/train-cbsd-199.jpg,cbsd,1
/content/drive/MyDrive/SKRIPSI/cassava-lora/data/train/cmd/train-cmd-64.jpg,cmd,3
/content/drive/MyDrive/SKRIPSI/cassava-lora/data/train/cbsd/train-cbsd-1203.jpg,cbsd,1
/content/drive/MyDrive/SKRIPSI/cassava-lora/data/train/cmd/train-cmd-2640.jpg,cmd,3
/content/drive/MyDrive/SKRIPSI/cassava-lora/data/train/cbb/train-cbb-13.jpg,cbb,0
/content/drive/MyDrive/SKRIPSI/cassava-lora/data/train/cmd/train-cmd-2205.jpg,cmd,3
/content/drive/MyDrive/SKRIPSI/cassava-lora/data/train/cmd/train-cmd-938.jpg,cmd,3
/content/drive/MyDrive/SKRIPSI/cassava-lora/data/train/cbsd/train-cbsd-965.jpg,cbsd,1
/content/drive/MyDrive/SKRIPSI/cassava-lora/data/train/cbb/train-cbb-350.jpg,cbb,0
/content/drive/MyDrive/SKRIPSI/cassava-lora/data/train/cmd/train-cmd-323.jpg,cmd,3
/content/drive/MyDrive/SKRIPSI/cassava-lora/data/train/cbsd/train-cbsd-121.jpg,cbsd,1
/content/drive/MyDrive/SKRIPSI/cassava-lora/data/train/cmd/train-cmd-451.jpg,cmd,3
/content/drive/MyDrive/SKRIPSI/cassava-lora/data/train/cmd/train-cmd-643.jpg,cmd,3
/content/drive/MyDrive/SKRIPSI/cassava-lora/data/train/cbsd/train-cbsd-176.jpg,cbsd,1
/content/drive/MyDrive/SKRIPSI/cassava-lora/data/train/healthy/train-healthy-51.jpg,healthy,4
/content/drive/MyDrive/SKRIPSI/cassava-lora/data/train/cbsd/train-cbsd-377.jpg,cbsd,1
/content/drive/MyDrive/SKRIPSI/cassava-lora/data/train/cmd/train-cmd-192.jpg,cmd,3
/content/drive/MyDrive/SKRIPSI/cassava-lora/data/train/cbsd/train-cbsd-1159.jpg,cbsd,1
/content/drive/MyDrive/SKRIPSI/cassava-lora/data/train/cmd/train-cmd-1532.jpg,cmd,3
/content/drive/MyDrive/SKRIPSI/cassava-lora/data/train/cgm/train-cgm-607.jpg,cgm,2
/content/drive/MyDrive/SKRIPSI/cassava-lora/data/train/healthy/train-healthy-216.jpg,healthy,4
/content/drive/MyDrive/SKRIPSI/cassava-lora/data/train/cmd/train-cmd-1981.jpg,cmd,3
/content/drive/MyDrive/SKRIPSI/cassava-lora/data/train/cbsd/train-cbsd-184.jpg,cbsd,1
/content/drive/MyDrive/SKRIPSI/cassava-lora/data/train/cmd/train-cmd-550.jpg,cmd,3
/content/drive/MyDrive/SKRIPSI/cassava-lora/data/train/cbsd/train-cbsd-1205.jpg,cbsd,1
/content/drive/MyDrive/SKRIPSI/cassava-lora/data/train/cgm/train-cgm-2.jpg,cgm,2
/content/drive/MyDrive/SKRIPSI/cassava-lora/data/train/cbb/train-cbb-115.jpg,cbb,0
/content/drive/MyDrive/SKRIPSI/cassava-lora/data/train/healthy/train-healthy-135.jpg,healthy,4
/content/drive/MyDrive/SKRIPSI/cassava-lora/data/train/cgm/train-cgm-662.jpg,cgm,2
/content/drive/MyDrive/SKRIPSI/cassava-lora/data/train/healthy/train-healthy-117.jpg,healthy,4
/content/drive/MyDrive/SKRIPSI/cassava-lora/data/train/cbsd/train-cbsd-1330.jpg,cbsd,1
/content/drive/MyDrive/SKRIPSI/cassava-lora/data/train/cbsd/train-cbsd-1183.jpg,cbsd,1
/content/drive/MyDrive/SKRIPSI/cassava-lora/data/train/cbb/train-cbb-434.jpg,cbb,0
/content/drive/MyDrive/SKRIPSI/cassava-lora/data/train/cmd/train-cmd-387.jpg,cmd,3
/content/drive/MyDrive/SKRIPSI/cassava-lora/data/train/cbsd/train-cbsd-888.jpg,cbsd,1
/content/drive/MyDrive/SKRIPSI/cassava-lora/data/train/cbb/train-cbb-272.jpg,cbb,0
/content/drive/MyDrive/SKRIPSI/cassava-lora/data/train/cmd/train-cmd-2035.jpg,cmd,3
/content/drive/MyDrive/SKRIPSI/cassava-lora/data/train/cbsd/train-cbsd-180.jpg,cbsd,1
/content/drive/MyDrive/SKRIPSI/cassava-lora/data/train/cmd/train-cmd-177.jpg,cmd,3
/content/drive/MyDrive/SKRIPSI/cassava-lora/data/train/cmd/train-cmd-1204.jpg,cmd,3
/content/drive/MyDrive/SKRIPSI/cassava-lora/data/train/cmd/train-cmd-2144.jpg,cmd,3
/content/drive/MyDrive/SKRIPSI/cassava-lora/data/train/cbb/train-cbb-144.jpg,cbb,0
/content/drive/MyDrive/SKRIPSI/cassava-lora/data/train/cbsd/train-cbsd-529.jpg,cbsd,1
/content/drive/MyDrive/SKRIPSI/cassava-lora/data/train/cmd/train-cmd-2263.jpg,cmd,3
/content/drive/MyDrive/SKRIPSI/cassava-lora/data/train/cmd/train-cmd-234.jpg,cmd,3
/content/drive/MyDrive/SKRIPSI/cassava-lora/data/train/cmd/train-cmd-1886.jpg,cmd,3
/content/drive/MyDrive/SKRIPSI/cassava-lora/data/train/cmd/train-cmd-2543.jpg,cmd,3
/content/drive/MyDrive/SKRIPSI/cassava-lora/data/train/cbsd/train-cbsd-724.jpg,cbsd,1
/content/drive/MyDrive/SKRIPSI/cassava-lora/data/train/cmd/train-cmd-542.jpg,cmd,3
/content/drive/MyDrive/SKRIPSI/cassava-lora/data/train/cbb/train-cbb-313.jpg,cbb,0
/content/drive/MyDrive/SKRIPSI/cassava-lora/data/train/cgm/train-cgm-237.jpg,cgm,2
/content/drive/MyDrive/SKRIPSI/cassava-lora/data/train/cgm/train-cgm-298.jpg,cgm,2
/content/drive/MyDrive/SKRIPSI/cassava-lora/data/train/cgm/train-cgm-740.jpg,cgm,2
/content/drive/MyDrive/SKRIPSI/cassava-lora/data/train/cmd/train-cmd-115.jpg,cmd,3
/content/drive/MyDrive/SKRIPSI/cassava-lora/data/train/cmd/train-cmd-1798.jpg,cmd,3
/content/drive/MyDrive/SKRIPSI/cassava-lora/data/train/cbb/train-cbb-136.jpg,cbb,0
/content/drive/MyDrive/SKRIPSI/cassava-lora/data/train/cmd/train-cmd-558.jpg,cmd,3
/content/drive/MyDrive/SKRIPSI/cassava-lora/data/train/cbsd/train-cbsd-746.jpg,cbsd,1
/content/drive/MyDrive/SKRIPSI/cassava-lora/data/train/cbsd/train-cbsd-1118.jpg,cbsd,1
/content/drive/MyDrive/SKRIPSI/cassava-lora/data/train/healthy/train-healthy-281.jpg,healthy,4
/content/drive/MyDrive/SKRIPSI/cassava-lora/data/train/cmd/train-cmd-2136.jpg,cmd,3
/content/drive/MyDrive/SKRIPSI/cassava-lora/data/train/cmd/train-cmd-881.jpg,cmd,3
/content/drive/MyDrive/SKRIPSI/cassava-lora/data/train/cbsd/train-cbsd-309.jpg,cbsd,1
/content/drive/MyDrive/SKRIPSI/cassava-lora/data/train/cgm/train-cgm-105.jpg,cgm,2
/content/drive/MyDrive/SKRIPSI/cassava-lora/data/train/cmd/train-cmd-2093.jpg,cmd,3
/content/drive/MyDrive/SKRIPSI/cassava-lora/data/train/cbsd/train-cbsd-438.jpg,cbsd,1
/content/drive/MyDrive/SKRIPSI/cassava-lora/data/train/cbsd/train-cbsd-284.jpg,cbsd,1
/content/drive/MyDrive/SKRIPSI/cassava-lora/data/train/cmd/train-cmd-1359.jpg,cmd,3
/content/drive/MyDrive/SKRIPSI/cassava-lora/data/train/cmd/train-cmd-754.jpg,cmd,3
/content/drive/MyDrive/SKRIPSI/cassava-lora/data/train/cbsd/train-cbsd-773.jpg,cbsd,1
/content/drive/MyDrive/SKRIPSI/cassava-lora/data/train/cmd/train-cmd-1196.jpg,cmd,3
/content/drive/MyDrive/SKRIPSI/cassava-lora/data/train/cbsd/train-cbsd-238.jpg,cbsd,1
/content/drive/MyDrive/SKRIPSI/cassava-lora/data/train/cbsd/train-cbsd-1204.jpg,cbsd,1
/content/drive/MyDrive/SKRIPSI/cassava-lora/data/train/cgm/train-cgm-124.jpg,cgm,2
/content/drive/MyDrive/SKRIPSI/cassava-lora/data/train/cgm/train-cgm-126.jpg,cgm,2
/content/drive/MyDrive/SKRIPSI/cassava-lora/data/train/cgm/train-cgm-307.jpg,cgm,2
/content/drive/MyDrive/SKRIPSI/cassava-lora/data/train/cmd/train-cmd-35.jpg,cmd,3
/content/drive/MyDrive/SKRIPSI/cassava-lora/data/train/cmd/train-cmd-276.jpg,cmd,3
/content/drive/MyDrive/SKRIPSI/cassava-lora/data/train/cmd/train-cmd-2490.jpg,cmd,3
/content/drive/MyDrive/SKRIPSI/cassava-lora/data/train/cbsd/train-cbsd-1350.jpg,cbsd,1
/content/drive/MyDrive/SKRIPSI/cassava-lora/data/train/cmd/train-cmd-1863.jpg,cmd,3
/content/drive/MyDrive/SKRIPSI/cassava-lora/data/train/cmd/train-cmd-2330.jpg,cmd,3
/content/drive/MyDrive/SKRIPSI/cassava-lora/data/train/cbsd/train-cbsd-581.jpg,cbsd,1
/content/drive/MyDrive/SKRIPSI/cassava-lora/data/train/cbb/train-cbb-15.jpg,cbb,0
/content/drive/MyDrive/SKRIPSI/cassava-lora/data/train/cbsd/train-cbsd-50.jpg,cbsd,1
/content/drive/MyDrive/SKRIPSI/cassava-lora/data/train/cbsd/train-cbsd-1337.jpg,cbsd,1
/content/drive/MyDrive/SKRIPSI/cassava-lora/data/train/cmd/train-cmd-1147.jpg,cmd,3
/content/drive/MyDrive/SKRIPSI/cassava-lora/data/train/cbsd/train-cbsd-955.jpg,cbsd,1
/content/drive/MyDrive/SKRIPSI/cassava-lora/data/train/cmd/train-cmd-1218.jpg,cmd,3
/content/drive/MyDrive/SKRIPSI/cassava-lora/data/train/cmd/train-cmd-1938.jpg,cmd,3
/content/drive/MyDrive/SKRIPSI/cassava-lora/data/train/cbsd/train-cbsd-1385.jpg,cbsd,1
/content/drive/MyDrive/SKRIPSI/cassava-lora/data/train/cmd/train-cmd-1434.jpg,cmd,3
/content/drive/MyDrive/SKRIPSI/cassava-lora/data/train/cmd/train-cmd-43.jpg,cmd,3
/content/drive/MyDrive/SKRIPSI/cassava-lora/data/train/cmd/train-cmd-1795.jpg,cmd,3
/content/drive/MyDrive/SKRIPSI/cassava-lora/data/train/cmd/train-cmd-1965.jpg,cmd,3
/content/drive/MyDrive/SKRIPSI/cassava-lora/data/train/cmd/train-cmd-2372.jpg,cmd,3
/content/drive/MyDrive/SKRIPSI/cassava-lora/data/train/cmd/train-cmd-2597.jpg,cmd,3
/content/drive/MyDrive/SKRIPSI/cassava-lora/data/train/cmd/train-cmd-2268.jpg,cmd,3
/content/drive/MyDrive/SKRIPSI/cassava-lora/data/train/cbsd/train-cbsd-721.jpg,cbsd,1
/content/drive/MyDrive/SKRIPSI/cassava-lora/data/train/healthy/train-healthy-126.jpg,healthy,4
/content/drive/MyDrive/SKRIPSI/cassava-lora/data/train/cmd/train-cmd-1134.jpg,cmd,3
/content/drive/MyDrive/SKRIPSI/cassava-lora/data/train/cmd/train-cmd-1078.jpg,cmd,3
/content/drive/MyDrive/SKRIPSI/cassava-lora/data/train/cmd/train-cmd-2287.jpg,cmd,3
/content/drive/MyDrive/SKRIPSI/cassava-lora/data/train/healthy/train-healthy-10.jpg,healthy,4
/content/drive/MyDrive/SKRIPSI/cassava-lora/data/train/cbsd/train-cbsd-1018.jpg,cbsd,1
/content/drive/MyDrive/SKRIPSI/cassava-lora/data/train/cbsd/train-cbsd-351.jpg,cbsd,1
/content/drive/MyDrive/SKRIPSI/cassava-lora/data/train/healthy/train-healthy-239.jpg,healthy,4
/content/drive/MyDrive/SKRIPSI/cassava-lora/data/train/cmd/train-cmd-2636.jpg,cmd,3
/content/drive/MyDrive/SKRIPSI/cassava-lora/data/train/cmd/train-cmd-62.jpg,cmd,3
/content/drive/MyDrive/SKRIPSI/cassava-lora/data/train/cmd/train-cmd-1502.jpg,cmd,3
/content/drive/MyDrive/SKRIPSI/cassava-lora/data/train/cgm/train-cgm-619.jpg,cgm,2
/content/drive/MyDrive/SKRIPSI/cassava-lora/data/train/cbb/train-cbb-172.jpg,cbb,0
/content/drive/MyDrive/SKRIPSI/cassava-lora/data/train/cgm/train-cgm-466.jpg,cgm,2
/content/drive/MyDrive/SKRIPSI/cassava-lora/data/train/cmd/train-cmd-2122.jpg,cmd,3
/content/drive/MyDrive/SKRIPSI/cassava-lora/data/train/cmd/train-cmd-2607.jpg,cmd,3
/content/drive/MyDrive/SKRIPSI/cassava-lora/data/train/cbb/train-cbb-240.jpg,cbb,0
/content/drive/MyDrive/SKRIPSI/cassava-lora/data/train/cmd/train-cmd-1128.jpg,cmd,3
/content/drive/MyDrive/SKRIPSI/cassava-lora/data/train/cmd/train-cmd-2250.jpg,cmd,3
/content/drive/MyDrive/SKRIPSI/cassava-lora/data/train/healthy/train-healthy-95.jpg,healthy,4
/content/drive/MyDrive/SKRIPSI/cassava-lora/data/train/cmd/train-cmd-127.jpg,cmd,3
/content/drive/MyDrive/SKRIPSI/cassava-lora/data/train/cbsd/train-cbsd-239.jpg,cbsd,1
/content/drive/MyDrive/SKRIPSI/cassava-lora/data/train/cgm/train-cgm-432.jpg,cgm,2
/content/drive/MyDrive/SKRIPSI/cassava-lora/data/train/cmd/train-cmd-648.jpg,cmd,3
/content/drive/MyDrive/SKRIPSI/cassava-lora/data/train/cbsd/train-cbsd-1226.jpg,cbsd,1
/content/drive/MyDrive/SKRIPSI/cassava-lora/data/train/cmd/train-cmd-1478.jpg,cmd,3
/content/drive/MyDrive/SKRIPSI/cassava-lora/data/train/cbsd/train-cbsd-1383.jpg,cbsd,1
/content/drive/MyDrive/SKRIPSI/cassava-lora/data/train/cmd/train-cmd-109.jpg,cmd,3
/content/drive/MyDrive/SKRIPSI/cassava-lora/data/train/cbsd/train-cbsd-269.jpg,cbsd,1
/content/drive/MyDrive/SKRIPSI/cassava-lora/data/train/cbb/train-cbb-210.jpg,cbb,0
/content/drive/MyDrive/SKRIPSI/cassava-lora/data/train/cbb/train-cbb-220.jpg,cbb,0
/content/drive/MyDrive/SKRIPSI/cassava-lora/data/train/cbsd/train-cbsd-1254.jpg,cbsd,1
/content/drive/MyDrive/SKRIPSI/cassava-lora/data/train/cbb/train-cbb-59.jpg,cbb,0
/content/drive/MyDrive/SKRIPSI/cassava-lora/data/train/cmd/train-cmd-481.jpg,cmd,3
/content/drive/MyDrive/SKRIPSI/cassava-lora/data/train/cbsd/train-cbsd-989.jpg,cbsd,1
/content/drive/MyDrive/SKRIPSI/cassava-lora/data/train/cbsd/train-cbsd-1382.jpg,cbsd,1
/content/drive/MyDrive/SKRIPSI/cassava-lora/data/train/cgm/train-cgm-57.jpg,cgm,2
/content/drive/MyDrive/SKRIPSI/cassava-lora/data/train/cbsd/train-cbsd-1299.jpg,cbsd,1
/content/drive/MyDrive/SKRIPSI/cassava-lora/data/train/cgm/train-cgm-553.jpg,cgm,2
/content/drive/MyDrive/SKRIPSI/cassava-lora/data/train/cbsd/train-cbsd-8.jpg,cbsd,1
/content/drive/MyDrive/SKRIPSI/cassava-lora/data/train/cgm/train-cgm-584.jpg,cgm,2
/content/drive/MyDrive/SKRIPSI/cassava-lora/data/train/cmd/train-cmd-1207.jpg,cmd,3
/content/drive/MyDrive/SKRIPSI/cassava-lora/data/train/cmd/train-cmd-236.jpg,cmd,3
/content/drive/MyDrive/SKRIPSI/cassava-lora/data/train/cmd/train-cmd-2326.jpg,cmd,3
/content/drive/MyDrive/SKRIPSI/cassava-lora/data/train/cmd/train-cmd-2503.jpg,cmd,3
/content/drive/MyDrive/SKRIPSI/cassava-lora/data/train/cmd/train-cmd-10.jpg,cmd,3
/content/drive/MyDrive/SKRIPSI/cassava-lora/data/train/cmd/train-cmd-1905.jpg,cmd,3
/content/drive/MyDrive/SKRIPSI/cassava-lora/data/train/cmd/train-cmd-1989.jpg,cmd,3
/content/drive/MyDrive/SKRIPSI/cassava-lora/data/train/cmd/train-cmd-22.jpg,cmd,3
/content/drive/MyDrive/SKRIPSI/cassava-lora/data/train/cbsd/train-cbsd-1256.jpg,cbsd,1
/content/drive/MyDrive/SKRIPSI/cassava-lora/data/train/cbb/train-cbb-4.jpg,cbb,0
/content/drive/MyDrive/SKRIPSI/cassava-lora/data/train/cmd/train-cmd-1222.jpg,cmd,3
/content/drive/MyDrive/SKRIPSI/cassava-lora/data/train/cbsd/train-cbsd-1173.jpg,cbsd,1
/content/drive/MyDrive/SKRIPSI/cassava-lora/data/train/cbsd/train-cbsd-808.jpg,cbsd,1
/content/drive/MyDrive/SKRIPSI/cassava-lora/data/train/cbsd/train-cbsd-916.jpg,cbsd,1
/content/drive/MyDrive/SKRIPSI/cassava-lora/data/train/cbb/train-cbb-375.jpg,cbb,0
/content/drive/MyDrive/SKRIPSI/cassava-lora/data/train/cmd/train-cmd-1197.jpg,cmd,3
/content/drive/MyDrive/SKRIPSI/cassava-lora/data/train/cmd/train-cmd-2132.jpg,cmd,3
/content/drive/MyDrive/SKRIPSI/cassava-lora/data/train/cmd/train-cmd-2631.jpg,cmd,3
/content/drive/MyDrive/SKRIPSI/cassava-lora/data/train/cmd/train-cmd-994.jpg,cmd,3
/content/drive/MyDrive/SKRIPSI/cassava-lora/data/train/cgm/train-cgm-109.jpg,cgm,2
/content/drive/MyDrive/SKRIPSI/cassava-lora/data/train/cbsd/train-cbsd-275.jpg,cbsd,1
/content/drive/MyDrive/SKRIPSI/cassava-lora/data/train/cgm/train-cgm-738.jpg,cgm,2
/content/drive/MyDrive/SKRIPSI/cassava-lora/data/train/healthy/train-healthy-197.jpg,healthy,4
/content/drive/MyDrive/SKRIPSI/cassava-lora/data/train/cmd/train-cmd-543.jpg,cmd,3
/content/drive/MyDrive/SKRIPSI/cassava-lora/data/train/cgm/train-cgm-232.jpg,cgm,2
/content/drive/MyDrive/SKRIPSI/cassava-lora/data/train/cbb/train-cbb-319.jpg,cbb,0
/content/drive/MyDrive/SKRIPSI/cassava-lora/data/train/cmd/train-cmd-2105.jpg,cmd,3
/content/drive/MyDrive/SKRIPSI/cassava-lora/data/train/cbsd/train-cbsd-980.jpg,cbsd,1
/content/drive/MyDrive/SKRIPSI/cassava-lora/data/train/cbsd/train-cbsd-1130.jpg,cbsd,1
/content/drive/MyDrive/SKRIPSI/cassava-lora/data/train/cbsd/train-cbsd-925.jpg,cbsd,1
/content/drive/MyDrive/SKRIPSI/cassava-lora/data/train/cmd/train-cmd-384.jpg,cmd,3
/content/drive/MyDrive/SKRIPSI/cassava-lora/data/train/cbb/train-cbb-81.jpg,cbb,0
/content/drive/MyDrive/SKRIPSI/cassava-lora/data/train/cmd/train-cmd-2270.jpg,cmd,3
/content/drive/MyDrive/SKRIPSI/cassava-lora/data/train/cmd/train-cmd-361.jpg,cmd,3
/content/drive/MyDrive/SKRIPSI/cassava-lora/data/train/cgm/train-cgm-259.jpg,cgm,2
/content/drive/MyDrive/SKRIPSI/cassava-lora/data/train/cmd/train-cmd-362.jpg,cmd,3
/content/drive/MyDrive/SKRIPSI/cassava-lora/data/train/cmd/train-cmd-90.jpg,cmd,3
/content/drive/MyDrive/SKRIPSI/cassava-lora/data/train/cmd/train-cmd-2096.jpg,cmd,3
/content/drive/MyDrive/SKRIPSI/cassava-lora/data/train/cgm/train-cgm-480.jpg,cgm,2
/content/drive/MyDrive/SKRIPSI/cassava-lora/data/train/cbb/train-cbb-296.jpg,cbb,0
/content/drive/MyDrive/SKRIPSI/cassava-lora/data/train/cmd/train-cmd-2536.jpg,cmd,3
/content/drive/MyDrive/SKRIPSI/cassava-lora/data/train/cgm/train-cgm-119.jpg,cgm,2
/content/drive/MyDrive/SKRIPSI/cassava-lora/data/train/cmd/train-cmd-2621.jpg,cmd,3
/content/drive/MyDrive/SKRIPSI/cassava-lora/data/train/cbsd/train-cbsd-650.jpg,cbsd,1
/content/drive/MyDrive/SKRIPSI/cassava-lora/data/train/cbsd/train-cbsd-482.jpg,cbsd,1
/content/drive/MyDrive/SKRIPSI/cassava-lora/data/train/cmd/train-cmd-2570.jpg,cmd,3
/content/drive/MyDrive/SKRIPSI/cassava-lora/data/train/cmd/train-cmd-1034.jpg,cmd,3
/content/drive/MyDrive/SKRIPSI/cassava-lora/data/train/cmd/train-cmd-217.jpg,cmd,3
/content/drive/MyDrive/SKRIPSI/cassava-lora/data/train/cgm/train-cgm-43.jpg,cgm,2
/content/drive/MyDrive/SKRIPSI/cassava-lora/data/train/cbb/train-cbb-39.jpg,cbb,0
/content/drive/MyDrive/SKRIPSI/cassava-lora/data/train/cbsd/train-cbsd-649.jpg,cbsd,1
/content/drive/MyDrive/SKRIPSI/cassava-lora/data/train/cbb/train-cbb-461.jpg,cbb,0
/content/drive/MyDrive/SKRIPSI/cassava-lora/data/train/cbsd/train-cbsd-203.jpg,cbsd,1
/content/drive/MyDrive/SKRIPSI/cassava-lora/data/train/cmd/train-cmd-1554.jpg,cmd,3
/content/drive/MyDrive/SKRIPSI/cassava-lora/data/train/cmd/train-cmd-727.jpg,cmd,3
/content/drive/MyDrive/SKRIPSI/cassava-lora/data/train/cbsd/train-cbsd-253.jpg,cbsd,1
/content/drive/MyDrive/SKRIPSI/cassava-lora/data/train/cbsd/train-cbsd-263.jpg,cbsd,1
/content/drive/MyDrive/SKRIPSI/cassava-lora/data/train/cgm/train-cgm-251.jpg,cgm,2
/content/drive/MyDrive/SKRIPSI/cassava-lora/data/train/cgm/train-cgm-4.jpg,cgm,2
/content/drive/MyDrive/SKRIPSI/cassava-lora/data/train/cmd/train-cmd-1015.jpg,cmd,3
/content/drive/MyDrive/SKRIPSI/cassava-lora/data/train/cbsd/train-cbsd-648.jpg,cbsd,1
/content/drive/MyDrive/SKRIPSI/cassava-lora/data/train/cbb/train-cbb-337.jpg,cbb,0
/content/drive/MyDrive/SKRIPSI/cassava-lora/data/train/cbsd/train-cbsd-152.jpg,cbsd,1
/content/drive/MyDrive/SKRIPSI/cassava-lora/data/train/cbb/train-cbb-203.jpg,cbb,0
/content/drive/MyDrive/SKRIPSI/cassava-lora/data/train/cmd/train-cmd-1604.jpg,cmd,3
/content/drive/MyDrive/SKRIPSI/cassava-lora/data/train/cbb/train-cbb-402.jpg,cbb,0
/content/drive/MyDrive/SKRIPSI/cassava-lora/data/train/cgm/train-cgm-668.jpg,cgm,2
/content/drive/MyDrive/SKRIPSI/cassava-lora/data/train/cmd/train-cmd-1525.jpg,cmd,3
/content/drive/MyDrive/SKRIPSI/cassava-lora/data/train/cmd/train-cmd-67.jpg,cmd,3
/content/drive/MyDrive/SKRIPSI/cassava-lora/data/train/cmd/train-cmd-1480.jpg,cmd,3
/content/drive/MyDrive/SKRIPSI/cassava-lora/data/train/cbsd/train-cbsd-702.jpg,cbsd,1
/content/drive/MyDrive/SKRIPSI/cassava-lora/data/train/cmd/train-cmd-1326.jpg,cmd,3
/content/drive/MyDrive/SKRIPSI/cassava-lora/data/train/cgm/train-cgm-765.jpg,cgm,2
/content/drive/MyDrive/SKRIPSI/cassava-lora/data/train/cbsd/train-cbsd-953.jpg,cbsd,1
/content/drive/MyDrive/SKRIPSI/cassava-lora/data/train/cbb/train-cbb-368.jpg,cbb,0
/content/drive/MyDrive/SKRIPSI/cassava-lora/data/train/healthy/train-healthy-74.jpg,healthy,4
/content/drive/MyDrive/SKRIPSI/cassava-lora/data/train/cmd/train-cmd-225.jpg,cmd,3
/content/drive/MyDrive/SKRIPSI/cassava-lora/data/train/cbsd/train-cbsd-697.jpg,cbsd,1
/content/drive/MyDrive/SKRIPSI/cassava-lora/data/train/cbsd/train-cbsd-310.jpg,cbsd,1
/content/drive/MyDrive/SKRIPSI/cassava-lora/data/train/cbsd/train-cbsd-1131.jpg,cbsd,1
/content/drive/MyDrive/SKRIPSI/cassava-lora/data/train/cmd/train-cmd-2099.jpg,cmd,3
/content/drive/MyDrive/SKRIPSI/cassava-lora/data/train/cmd/train-cmd-1212.jpg,cmd,3
/content/drive/MyDrive/SKRIPSI/cassava-lora/data/train/cbb/train-cbb-197.jpg,cbb,0
/content/drive/MyDrive/SKRIPSI/cassava-lora/data/train/cmd/train-cmd-2519.jpg,cmd,3
/content/drive/MyDrive/SKRIPSI/cassava-lora/data/train/cbb/train-cbb-264.jpg,cbb,0
/content/drive/MyDrive/SKRIPSI/cassava-lora/data/train/cgm/train-cgm-536.jpg,cgm,2
/content/drive/MyDrive/SKRIPSI/cassava-lora/data/train/cgm/train-cgm-730.jpg,cgm,2
/content/drive/MyDrive/SKRIPSI/cassava-lora/data/train/cbsd/train-cbsd-192.jpg,cbsd,1
/content/drive/MyDrive/SKRIPSI/cassava-lora/data/train/cmd/train-cmd-2456.jpg,cmd,3
/content/drive/MyDrive/SKRIPSI/cassava-lora/data/train/cgm/train-cgm-190.jpg,cgm,2
/content/drive/MyDrive/SKRIPSI/cassava-lora/data/train/cbsd/train-cbsd-1392.jpg,cbsd,1
/content/drive/MyDrive/SKRIPSI/cassava-lora/data/train/cmd/train-cmd-769.jpg,cmd,3
/content/drive/MyDrive/SKRIPSI/cassava-lora/data/train/cbsd/train-cbsd-499.jpg,cbsd,1
/content/drive/MyDrive/SKRIPSI/cassava-lora/data/train/cmd/train-cmd-2234.jpg,cmd,3
/content/drive/MyDrive/SKRIPSI/cassava-lora/data/train/cbsd/train-cbsd-940.jpg,cbsd,1
/content/drive/MyDrive/SKRIPSI/cassava-lora/data/train/cgm/train-cgm-597.jpg,cgm,2
/content/drive/MyDrive/SKRIPSI/cassava-lora/data/train/cbsd/train-cbsd-1107.jpg,cbsd,1
/content/drive/MyDrive/SKRIPSI/cassava-lora/data/train/cmd/train-cmd-2626.jpg,cmd,3
/content/drive/MyDrive/SKRIPSI/cassava-lora/data/train/cmd/train-cmd-2558.jpg,cmd,3
/content/drive/MyDrive/SKRIPSI/cassava-lora/data/train/cmd/train-cmd-1787.jpg,cmd,3
/content/drive/MyDrive/SKRIPSI/cassava-lora/data/train/cbsd/train-cbsd-885.jpg,cbsd,1
/content/drive/MyDrive/SKRIPSI/cassava-lora/data/train/cbsd/train-cbsd-800.jpg,cbsd,1
/content/drive/MyDrive/SKRIPSI/cassava-lora/data/train/cbb/train-cbb-280.jpg,cbb,0
/content/drive/MyDrive/SKRIPSI/cassava-lora/data/train/cmd/train-cmd-1346.jpg,cmd,3
/content/drive/MyDrive/SKRIPSI/cassava-lora/data/train/cbsd/train-cbsd-347.jpg,cbsd,1
/content/drive/MyDrive/SKRIPSI/cassava-lora/data/train/cmd/train-cmd-1301.jpg,cmd,3
/content/drive/MyDrive/SKRIPSI/cassava-lora/data/train/cmd/train-cmd-565.jpg,cmd,3
/content/drive/MyDrive/SKRIPSI/cassava-lora/data/train/cbsd/train-cbsd-1133.jpg,cbsd,1
/content/drive/MyDrive/SKRIPSI/cassava-lora/data/train/cbsd/train-cbsd-811.jpg,cbsd,1
/content/drive/MyDrive/SKRIPSI/cassava-lora/data/train/cmd/train-cmd-2083.jpg,cmd,3
/content/drive/MyDrive/SKRIPSI/cassava-lora/data/train/cmd/train-cmd-571.jpg,cmd,3
/content/drive/MyDrive/SKRIPSI/cassava-lora/data/train/cmd/train-cmd-1582.jpg,cmd,3
/content/drive/MyDrive/SKRIPSI/cassava-lora/data/train/cmd/train-cmd-1665.jpg,cmd,3
/content/drive/MyDrive/SKRIPSI/cassava-lora/data/train/cmd/train-cmd-2360.jpg,cmd,3
/content/drive/MyDrive/SKRIPSI/cassava-lora/data/train/cmd/train-cmd-1269.jpg,cmd,3
/content/drive/MyDrive/SKRIPSI/cassava-lora/data/train/cbsd/train-cbsd-1266.jpg,cbsd,1
/content/drive/MyDrive/SKRIPSI/cassava-lora/data/train/cbsd/train-cbsd-198.jpg,cbsd,1
/content/drive/MyDrive/SKRIPSI/cassava-lora/data/train/cbsd/train-cbsd-544.jpg,cbsd,1
/content/drive/MyDrive/SKRIPSI/cassava-lora/data/train/cbb/train-cbb-98.jpg,cbb,0
/content/drive/MyDrive/SKRIPSI/cassava-lora/data/train/cmd/train-cmd-2045.jpg,cmd,3
/content/drive/MyDrive/SKRIPSI/cassava-lora/data/train/cmd/train-cmd-1564.jpg,cmd,3
/content/drive/MyDrive/SKRIPSI/cassava-lora/data/train/cbsd/train-cbsd-157.jpg,cbsd,1
/content/drive/MyDrive/SKRIPSI/cassava-lora/data/train/cmd/train-cmd-441.jpg,cmd,3
/content/drive/MyDrive/SKRIPSI/cassava-lora/data/train/cbsd/train-cbsd-10.jpg,cbsd,1
/content/drive/MyDrive/SKRIPSI/cassava-lora/data/train/cmd/train-cmd-2415.jpg,cmd,3
/content/drive/MyDrive/SKRIPSI/cassava-lora/data/train/cbb/train-cbb-282.jpg,cbb,0
/content/drive/MyDrive/SKRIPSI/cassava-lora/data/train/healthy/train-healthy-296.jpg,healthy,4
/content/drive/MyDrive/SKRIPSI/cassava-lora/data/train/cgm/train-cgm-465.jpg,cgm,2
/content/drive/MyDrive/SKRIPSI/cassava-lora/data/train/cgm/train-cgm-363.jpg,cgm,2
/content/drive/MyDrive/SKRIPSI/cassava-lora/data/train/cbsd/train-cbsd-994.jpg,cbsd,1
/content/drive/MyDrive/SKRIPSI/cassava-lora/data/train/cmd/train-cmd-1377.jpg,cmd,3
/content/drive/MyDrive/SKRIPSI/cassava-lora/data/train/cbsd/train-cbsd-1422.jpg,cbsd,1
/content/drive/MyDrive/SKRIPSI/cassava-lora/data/train/cmd/train-cmd-2030.jpg,cmd,3
/content/drive/MyDrive/SKRIPSI/cassava-lora/data/train/cgm/train-cgm-250.jpg,cgm,2
/content/drive/MyDrive/SKRIPSI/cassava-lora/data/train/cbb/train-cbb-74.jpg,cbb,0
/content/drive/MyDrive/SKRIPSI/cassava-lora/data/train/cbsd/train-cbsd-249.jpg,cbsd,1
/content/drive/MyDrive/SKRIPSI/cassava-lora/data/train/cmd/train-cmd-2159.jpg,cmd,3
/content/drive/MyDrive/SKRIPSI/cassava-lora/data/train/cmd/train-cmd-1042.jpg,cmd,3
/content/drive/MyDrive/SKRIPSI/cassava-lora/data/train/cmd/train-cmd-1763.jpg,cmd,3
/content/drive/MyDrive/SKRIPSI/cassava-lora/data/train/cmd/train-cmd-970.jpg,cmd,3
/content/drive/MyDrive/SKRIPSI/cassava-lora/data/train/cbb/train-cbb-266.jpg,cbb,0
/content/drive/MyDrive/SKRIPSI/cassava-lora/data/train/cbb/train-cbb-412.jpg,cbb,0
/content/drive/MyDrive/SKRIPSI/cassava-lora/data/train/cmd/train-cmd-596.jpg,cmd,3
/content/drive/MyDrive/SKRIPSI/cassava-lora/data/train/cgm/train-cgm-679.jpg,cgm,2
/content/drive/MyDrive/SKRIPSI/cassava-lora/data/train/cmd/train-cmd-930.jpg,cmd,3
/content/drive/MyDrive/SKRIPSI/cassava-lora/data/train/cmd/train-cmd-2108.jpg,cmd,3
/content/drive/MyDrive/SKRIPSI/cassava-lora/data/train/cmd/train-cmd-365.jpg,cmd,3
/content/drive/MyDrive/SKRIPSI/cassava-lora/data/train/cbsd/train-cbsd-273.jpg,cbsd,1
/content/drive/MyDrive/SKRIPSI/cassava-lora/data/train/cmd/train-cmd-2031.jpg,cmd,3
/content/drive/MyDrive/SKRIPSI/cassava-lora/data/train/cbb/train-cbb-111.jpg,cbb,0
/content/drive/MyDrive/SKRIPSI/cassava-lora/data/train/cbsd/train-cbsd-1207.jpg,cbsd,1
/content/drive/MyDrive/SKRIPSI/cassava-lora/data/train/cbsd/train-cbsd-578.jpg,cbsd,1
/content/drive/MyDrive/SKRIPSI/cassava-lora/data/train/cmd/train-cmd-1017.jpg,cmd,3
/content/drive/MyDrive/SKRIPSI/cassava-lora/data/train/healthy/train-healthy-60.jpg,healthy,4
/content/drive/MyDrive/SKRIPSI/cassava-lora/data/train/cbsd/train-cbsd-1442.jpg,cbsd,1
/content/drive/MyDrive/SKRIPSI/cassava-lora/data/train/cgm/train-cgm-138.jpg,cgm,2
/content/drive/MyDrive/SKRIPSI/cassava-lora/data/train/cgm/train-cgm-167.jpg,cgm,2
/content/drive/MyDrive/SKRIPSI/cassava-lora/data/train/cbsd/train-cbsd-556.jpg,cbsd,1
/content/drive/MyDrive/SKRIPSI/cassava-lora/data/train/cbb/train-cbb-151.jpg,cbb,0
/content/drive/MyDrive/SKRIPSI/cassava-lora/data/train/cbb/train-cbb-236.jpg,cbb,0
/content/drive/MyDrive/SKRIPSI/cassava-lora/data/train/cmd/train-cmd-2408.jpg,cmd,3
/content/drive/MyDrive/SKRIPSI/cassava-lora/data/train/cmd/train-cmd-1067.jpg,cmd,3
/content/drive/MyDrive/SKRIPSI/cassava-lora/data/train/cmd/train-cmd-786.jpg,cmd,3
/content/drive/MyDrive/SKRIPSI/cassava-lora/data/train/cbsd/train-cbsd-874.jpg,cbsd,1
/content/drive/MyDrive/SKRIPSI/cassava-lora/data/train/cbb/train-cbb-431.jpg,cbb,0
/content/drive/MyDrive/SKRIPSI/cassava-lora/data/train/cbsd/train-cbsd-410.jpg,cbsd,1
/content/drive/MyDrive/SKRIPSI/cassava-lora/data/train/cgm/train-cgm-485.jpg,cgm,2
/content/drive/MyDrive/SKRIPSI/cassava-lora/data/train/cmd/train-cmd-864.jpg,cmd,3
/content/drive/MyDrive/SKRIPSI/cassava-lora/data/train/cmd/train-cmd-1859.jpg,cmd,3
/content/drive/MyDrive/SKRIPSI/cassava-lora/data/train/cmd/train-cmd-2138.jpg,cmd,3
/content/drive/MyDrive/SKRIPSI/cassava-lora/data/train/cmd/train-cmd-1759.jpg,cmd,3
/content/drive/MyDrive/SKRIPSI/cassava-lora/data/train/cmd/train-cmd-873.jpg,cmd,3
/content/drive/MyDrive/SKRIPSI/cassava-lora/data/train/cmd/train-cmd-2435.jpg,cmd,3
/content/drive/MyDrive/SKRIPSI/cassava-lora/data/train/cmd/train-cmd-897.jpg,cmd,3
/content/drive/MyDrive/SKRIPSI/cassava-lora/data/train/cmd/train-cmd-178.jpg,cmd,3
/content/drive/MyDrive/SKRIPSI/cassava-lora/data/train/cmd/train-cmd-654.jpg,cmd,3
/content/drive/MyDrive/SKRIPSI/cassava-lora/data/train/cmd/train-cmd-589.jpg,cmd,3
/content/drive/MyDrive/SKRIPSI/cassava-lora/data/train/cmd/train-cmd-2231.jpg,cmd,3
/content/drive/MyDrive/SKRIPSI/cassava-lora/data/train/cbb/train-cbb-300.jpg,cbb,0
/content/drive/MyDrive/SKRIPSI/cassava-lora/data/train/cbsd/train-cbsd-676.jpg,cbsd,1
/content/drive/MyDrive/SKRIPSI/cassava-lora/data/train/cmd/train-cmd-516.jpg,cmd,3
/content/drive/MyDrive/SKRIPSI/cassava-lora/data/train/cbsd/train-cbsd-7.jpg,cbsd,1
/content/drive/MyDrive/SKRIPSI/cassava-lora/data/train/cmd/train-cmd-2547.jpg,cmd,3
/content/drive/MyDrive/SKRIPSI/cassava-lora/data/train/cbsd/train-cbsd-213.jpg,cbsd,1
/content/drive/MyDrive/SKRIPSI/cassava-lora/data/train/cmd/train-cmd-1599.jpg,cmd,3
/content/drive/MyDrive/SKRIPSI/cassava-lora/data/train/cbb/train-cbb-76.jpg,cbb,0
/content/drive/MyDrive/SKRIPSI/cassava-lora/data/train/cmd/train-cmd-1594.jpg,cmd,3
/content/drive/MyDrive/SKRIPSI/cassava-lora/data/train/cbsd/train-cbsd-1417.jpg,cbsd,1
/content/drive/MyDrive/SKRIPSI/cassava-lora/data/train/cgm/train-cgm-532.jpg,cgm,2
/content/drive/MyDrive/SKRIPSI/cassava-lora/data/train/cbsd/train-cbsd-872.jpg,cbsd,1
/content/drive/MyDrive/SKRIPSI/cassava-lora/data/train/cmd/train-cmd-703.jpg,cmd,3
/content/drive/MyDrive/SKRIPSI/cassava-lora/data/train/cbsd/train-cbsd-741.jpg,cbsd,1
/content/drive/MyDrive/SKRIPSI/cassava-lora/data/train/cbsd/train-cbsd-1072.jpg,cbsd,1
/content/drive/MyDrive/SKRIPSI/cassava-lora/data/train/cmd/train-cmd-2353.jpg,cmd,3
/content/drive/MyDrive/SKRIPSI/cassava-lora/data/train/cbsd/train-cbsd-1356.jpg,cbsd,1
/content/drive/MyDrive/SKRIPSI/cassava-lora/data/train/cgm/train-cgm-376.jpg,cgm,2
/content/drive/MyDrive/SKRIPSI/cassava-lora/data/train/cbsd/train-cbsd-265.jpg,cbsd,1
/content/drive/MyDrive/SKRIPSI/cassava-lora/data/train/cbsd/train-cbsd-896.jpg,cbsd,1
/content/drive/MyDrive/SKRIPSI/cassava-lora/data/train/cmd/train-cmd-2335.jpg,cmd,3
/content/drive/MyDrive/SKRIPSI/cassava-lora/data/train/cmd/train-cmd-405.jpg,cmd,3
/content/drive/MyDrive/SKRIPSI/cassava-lora/data/train/cmd/train-cmd-382.jpg,cmd,3
/content/drive/MyDrive/SKRIPSI/cassava-lora/data/train/cgm/train-cgm-265.jpg,cgm,2
/content/drive/MyDrive/SKRIPSI/cassava-lora/data/train/cmd/train-cmd-1780.jpg,cmd,3
/content/drive/MyDrive/SKRIPSI/cassava-lora/data/train/cbsd/train-cbsd-459.jpg,cbsd,1
/content/drive/MyDrive/SKRIPSI/cassava-lora/data/train/cmd/train-cmd-2102.jpg,cmd,3
/content/drive/MyDrive/SKRIPSI/cassava-lora/data/train/cbb/train-cbb-42.jpg,cbb,0
/content/drive/MyDrive/SKRIPSI/cassava-lora/data/train/healthy/train-healthy-297.jpg,healthy,4
/content/drive/MyDrive/SKRIPSI/cassava-lora/data/train/cmd/train-cmd-917.jpg,cmd,3
/content/drive/MyDrive/SKRIPSI/cassava-lora/data/train/cbsd/train-cbsd-582.jpg,cbsd,1
/content/drive/MyDrive/SKRIPSI/cassava-lora/data/train/cbb/train-cbb-246.jpg,cbb,0
/content/drive/MyDrive/SKRIPSI/cassava-lora/data/train/cmd/train-cmd-1899.jpg,cmd,3
/content/drive/MyDrive/SKRIPSI/cassava-lora/data/train/cmd/train-cmd-2522.jpg,cmd,3
/content/drive/MyDrive/SKRIPSI/cassava-lora/data/train/cbsd/train-cbsd-788.jpg,cbsd,1
/content/drive/MyDrive/SKRIPSI/cassava-lora/data/train/cbsd/train-cbsd-1252.jpg,cbsd,1
/content/drive/MyDrive/SKRIPSI/cassava-lora/data/train/cbsd/train-cbsd-856.jpg,cbsd,1
/content/drive/MyDrive/SKRIPSI/cassava-lora/data/train/cbsd/train-cbsd-277.jpg,cbsd,1
/content/drive/MyDrive/SKRIPSI/cassava-lora/data/train/cmd/train-cmd-2613.jpg,cmd,3
/content/drive/MyDrive/SKRIPSI/cassava-lora/data/train/cbsd/train-cbsd-961.jpg,cbsd,1
/content/drive/MyDrive/SKRIPSI/cassava-lora/data/train/cmd/train-cmd-1578.jpg,cmd,3
/content/drive/MyDrive/SKRIPSI/cassava-lora/data/train/cmd/train-cmd-2042.jpg,cmd,3
/content/drive/MyDrive/SKRIPSI/cassava-lora/data/train/cgm/train-cgm-162.jpg,cgm,2
/content/drive/MyDrive/SKRIPSI/cassava-lora/data/train/cbb/train-cbb-163.jpg,cbb,0
/content/drive/MyDrive/SKRIPSI/cassava-lora/data/train/cmd/train-cmd-2333.jpg,cmd,3
/content/drive/MyDrive/SKRIPSI/cassava-lora/data/train/cbb/train-cbb-169.jpg,cbb,0
/content/drive/MyDrive/SKRIPSI/cassava-lora/data/train/cmd/train-cmd-2649.jpg,cmd,3
/content/drive/MyDrive/SKRIPSI/cassava-lora/data/train/cmd/train-cmd-2013.jpg,cmd,3
/content/drive/MyDrive/SKRIPSI/cassava-lora/data/train/cmd/train-cmd-357.jpg,cmd,3
/content/drive/MyDrive/SKRIPSI/cassava-lora/data/train/cgm/train-cgm-595.jpg,cgm,2
/content/drive/MyDrive/SKRIPSI/cassava-lora/data/train/cmd/train-cmd-135.jpg,cmd,3
/content/drive/MyDrive/SKRIPSI/cassava-lora/data/train/cbsd/train-cbsd-439.jpg,cbsd,1
/content/drive/MyDrive/SKRIPSI/cassava-lora/data/train/cmd/train-cmd-1367.jpg,cmd,3
/content/drive/MyDrive/SKRIPSI/cassava-lora/data/train/cgm/train-cgm-189.jpg,cgm,2
/content/drive/MyDrive/SKRIPSI/cassava-lora/data/train/cbsd/train-cbsd-1148.jpg,cbsd,1
/content/drive/MyDrive/SKRIPSI/cassava-lora/data/train/cmd/train-cmd-1253.jpg,cmd,3
/content/drive/MyDrive/SKRIPSI/cassava-lora/data/train/cmd/train-cmd-2587.jpg,cmd,3
/content/drive/MyDrive/SKRIPSI/cassava-lora/data/train/cmd/train-cmd-133.jpg,cmd,3
/content/drive/MyDrive/SKRIPSI/cassava-lora/data/train/cbsd/train-cbsd-1176.jpg,cbsd,1
/content/drive/MyDrive/SKRIPSI/cassava-lora/data/train/cmd/train-cmd-1049.jpg,cmd,3
/content/drive/MyDrive/SKRIPSI/cassava-lora/data/train/cgm/train-cgm-260.jpg,cgm,2
/content/drive/MyDrive/SKRIPSI/cassava-lora/data/train/cbsd/train-cbsd-473.jpg,cbsd,1
/content/drive/MyDrive/SKRIPSI/cassava-lora/data/train/cbsd/train-cbsd-974.jpg,cbsd,1
/content/drive/MyDrive/SKRIPSI/cassava-lora/data/train/cmd/train-cmd-290.jpg,cmd,3
/content/drive/MyDrive/SKRIPSI/cassava-lora/data/train/cbb/train-cbb-286.jpg,cbb,0
/content/drive/MyDrive/SKRIPSI/cassava-lora/data/train/cbb/train-cbb-124.jpg,cbb,0
/content/drive/MyDrive/SKRIPSI/cassava-lora/data/train/cmd/train-cmd-650.jpg,cmd,3
/content/drive/MyDrive/SKRIPSI/cassava-lora/data/train/cbsd/train-cbsd-241.jpg,cbsd,1
/content/drive/MyDrive/SKRIPSI/cassava-lora/data/train/cmd/train-cmd-965.jpg,cmd,3
/content/drive/MyDrive/SKRIPSI/cassava-lora/data/train/cbb/train-cbb-109.jpg,cbb,0
/content/drive/MyDrive/SKRIPSI/cassava-lora/data/train/cmd/train-cmd-2594.jpg,cmd,3
/content/drive/MyDrive/SKRIPSI/cassava-lora/data/train/cmd/train-cmd-1417.jpg,cmd,3
/content/drive/MyDrive/SKRIPSI/cassava-lora/data/train/cbsd/train-cbsd-252.jpg,cbsd,1
/content/drive/MyDrive/SKRIPSI/cassava-lora/data/train/cmd/train-cmd-1841.jpg,cmd,3
/content/drive/MyDrive/SKRIPSI/cassava-lora/data/train/cbsd/train-cbsd-1114.jpg,cbsd,1
/content/drive/MyDrive/SKRIPSI/cassava-lora/data/train/cmd/train-cmd-692.jpg,cmd,3
/content/drive/MyDrive/SKRIPSI/cassava-lora/data/train/cbsd/train-cbsd-737.jpg,cbsd,1
/content/drive/MyDrive/SKRIPSI/cassava-lora/data/train/cmd/train-cmd-13.jpg,cmd,3
/content/drive/MyDrive/SKRIPSI/cassava-lora/data/train/cbsd/train-cbsd-1315.jpg,cbsd,1
/content/drive/MyDrive/SKRIPSI/cassava-lora/data/train/cmd/train-cmd-2027.jpg,cmd,3
/content/drive/MyDrive/SKRIPSI/cassava-lora/data/train/cbsd/train-cbsd-444.jpg,cbsd,1
/content/drive/MyDrive/SKRIPSI/cassava-lora/data/train/cbb/train-cbb-391.jpg,cbb,0
/content/drive/MyDrive/SKRIPSI/cassava-lora/data/train/healthy/train-healthy-175.jpg,healthy,4
/content/drive/MyDrive/SKRIPSI/cassava-lora/data/train/cbsd/train-cbsd-403.jpg,cbsd,1
/content/drive/MyDrive/SKRIPSI/cassava-lora/data/train/cgm/train-cgm-606.jpg,cgm,2
/content/drive/MyDrive/SKRIPSI/cassava-lora/data/train/cbsd/train-cbsd-1119.jpg,cbsd,1
/content/drive/MyDrive/SKRIPSI/cassava-lora/data/train/cbsd/train-cbsd-231.jpg,cbsd,1
/content/drive/MyDrive/SKRIPSI/cassava-lora/data/train/cmd/train-cmd-1727.jpg,cmd,3
/content/drive/MyDrive/SKRIPSI/cassava-lora/data/train/cmd/train-cmd-1921.jpg,cmd,3
/content/drive/MyDrive/SKRIPSI/cassava-lora/data/train/cmd/train-cmd-880.jpg,cmd,3
/content/drive/MyDrive/SKRIPSI/cassava-lora/data/train/cmd/train-cmd-490.jpg,cmd,3
/content/drive/MyDrive/SKRIPSI/cassava-lora/data/train/cbsd/train-cbsd-271.jpg,cbsd,1
/content/drive/MyDrive/SKRIPSI/cassava-lora/data/train/cmd/train-cmd-511.jpg,cmd,3
/content/drive/MyDrive/SKRIPSI/cassava-lora/data/train/cbb/train-cbb-166.jpg,cbb,0
/content/drive/MyDrive/SKRIPSI/cassava-lora/data/train/cgm/train-cgm-342.jpg,cgm,2
/content/drive/MyDrive/SKRIPSI/cassava-lora/data/train/cmd/train-cmd-408.jpg,cmd,3
/content/drive/MyDrive/SKRIPSI/cassava-lora/data/train/cmd/train-cmd-237.jpg,cmd,3
/content/drive/MyDrive/SKRIPSI/cassava-lora/data/train/cbb/train-cbb-176.jpg,cbb,0
/content/drive/MyDrive/SKRIPSI/cassava-lora/data/train/cgm/train-cgm-306.jpg,cgm,2
/content/drive/MyDrive/SKRIPSI/cassava-lora/data/train/cmd/train-cmd-289.jpg,cmd,3
/content/drive/MyDrive/SKRIPSI/cassava-lora/data/train/cmd/train-cmd-2411.jpg,cmd,3
/content/drive/MyDrive/SKRIPSI/cassava-lora/data/train/cgm/train-cgm-727.jpg,cgm,2
/content/drive/MyDrive/SKRIPSI/cassava-lora/data/train/cmd/train-cmd-2095.jpg,cmd,3
/content/drive/MyDrive/SKRIPSI/cassava-lora/data/train/cmd/train-cmd-2398.jpg,cmd,3
/content/drive/MyDrive/SKRIPSI/cassava-lora/data/train/cmd/train-cmd-759.jpg,cmd,3
/content/drive/MyDrive/SKRIPSI/cassava-lora/data/train/cmd/train-cmd-2484.jpg,cmd,3
/content/drive/MyDrive/SKRIPSI/cassava-lora/data/train/cmd/train-cmd-99.jpg,cmd,3
/content/drive/MyDrive/SKRIPSI/cassava-lora/data/train/cbsd/train-cbsd-1219.jpg,cbsd,1
/content/drive/MyDrive/SKRIPSI/cassava-lora/data/train/cmd/train-cmd-687.jpg,cmd,3
/content/drive/MyDrive/SKRIPSI/cassava-lora/data/train/cmd/train-cmd-326.jpg,cmd,3
/content/drive/MyDrive/SKRIPSI/cassava-lora/data/train/cgm/train-cgm-771.jpg,cgm,2
/content/drive/MyDrive/SKRIPSI/cassava-lora/data/train/cmd/train-cmd-1139.jpg,cmd,3
/content/drive/MyDrive/SKRIPSI/cassava-lora/data/train/cbb/train-cbb-49.jpg,cbb,0
/content/drive/MyDrive/SKRIPSI/cassava-lora/data/train/cbsd/train-cbsd-1286.jpg,cbsd,1
/content/drive/MyDrive/SKRIPSI/cassava-lora/data/train/cmd/train-cmd-435.jpg,cmd,3
/content/drive/MyDrive/SKRIPSI/cassava-lora/data/train/cgm/train-cgm-557.jpg,cgm,2
/content/drive/MyDrive/SKRIPSI/cassava-lora/data/train/cmd/train-cmd-941.jpg,cmd,3
/content/drive/MyDrive/SKRIPSI/cassava-lora/data/train/cbb/train-cbb-119.jpg,cbb,0
/content/drive/MyDrive/SKRIPSI/cassava-lora/data/train/cbsd/train-cbsd-338.jpg,cbsd,1
/content/drive/MyDrive/SKRIPSI/cassava-lora/data/train/cmd/train-cmd-106.jpg,cmd,3
/content/drive/MyDrive/SKRIPSI/cassava-lora/data/train/cmd/train-cmd-1920.jpg,cmd,3
/content/drive/MyDrive/SKRIPSI/cassava-lora/data/train/cmd/train-cmd-1087.jpg,cmd,3
/content/drive/MyDrive/SKRIPSI/cassava-lora/data/train/cgm/train-cgm-326.jpg,cgm,2
/content/drive/MyDrive/SKRIPSI/cassava-lora/data/train/cbb/train-cbb-289.jpg,cbb,0
/content/drive/MyDrive/SKRIPSI/cassava-lora/data/train/cgm/train-cgm-290.jpg,cgm,2
/content/drive/MyDrive/SKRIPSI/cassava-lora/data/train/cmd/train-cmd-775.jpg,cmd,3
/content/drive/MyDrive/SKRIPSI/cassava-lora/data/train/cmd/train-cmd-342.jpg,cmd,3
/content/drive/MyDrive/SKRIPSI/cassava-lora/data/train/cmd/train-cmd-2566.jpg,cmd,3
/content/drive/MyDrive/SKRIPSI/cassava-lora/data/train/cbsd/train-cbsd-431.jpg,cbsd,1
/content/drive/MyDrive/SKRIPSI/cassava-lora/data/train/cmd/train-cmd-2160.jpg,cmd,3
/content/drive/MyDrive/SKRIPSI/cassava-lora/data/train/cbb/train-cbb-152.jpg,cbb,0
/content/drive/MyDrive/SKRIPSI/cassava-lora/data/train/healthy/train-healthy-256.jpg,healthy,4
/content/drive/MyDrive/SKRIPSI/cassava-lora/data/train/cbsd/train-cbsd-193.jpg,cbsd,1
/content/drive/MyDrive/SKRIPSI/cassava-lora/data/train/cbsd/train-cbsd-1418.jpg,cbsd,1
/content/drive/MyDrive/SKRIPSI/cassava-lora/data/train/cmd/train-cmd-2382.jpg,cmd,3
/content/drive/MyDrive/SKRIPSI/cassava-lora/data/train/cbsd/train-cbsd-1010.jpg,cbsd,1
/content/drive/MyDrive/SKRIPSI/cassava-lora/data/train/cgm/train-cgm-515.jpg,cgm,2
/content/drive/MyDrive/SKRIPSI/cassava-lora/data/train/healthy/train-healthy-191.jpg,healthy,4
/content/drive/MyDrive/SKRIPSI/cassava-lora/data/train/cbsd/train-cbsd-324.jpg,cbsd,1
/content/drive/MyDrive/SKRIPSI/cassava-lora/data/train/cgm/train-cgm-503.jpg,cgm,2
/content/drive/MyDrive/SKRIPSI/cassava-lora/data/train/cmd/train-cmd-1041.jpg,cmd,3
/content/drive/MyDrive/SKRIPSI/cassava-lora/data/train/cbsd/train-cbsd-976.jpg,cbsd,1
/content/drive/MyDrive/SKRIPSI/cassava-lora/data/train/cbsd/train-cbsd-90.jpg,cbsd,1
/content/drive/MyDrive/SKRIPSI/cassava-lora/data/train/cmd/train-cmd-1586.jpg,cmd,3
/content/drive/MyDrive/SKRIPSI/cassava-lora/data/train/cmd/train-cmd-583.jpg,cmd,3
/content/drive/MyDrive/SKRIPSI/cassava-lora/data/train/healthy/train-healthy-157.jpg,healthy,4
/content/drive/MyDrive/SKRIPSI/cassava-lora/data/train/healthy/train-healthy-194.jpg,healthy,4
/content/drive/MyDrive/SKRIPSI/cassava-lora/data/train/cbsd/train-cbsd-826.jpg,cbsd,1
/content/drive/MyDrive/SKRIPSI/cassava-lora/data/train/cgm/train-cgm-581.jpg,cgm,2
/content/drive/MyDrive/SKRIPSI/cassava-lora/data/train/cbsd/train-cbsd-1043.jpg,cbsd,1
/content/drive/MyDrive/SKRIPSI/cassava-lora/data/train/cgm/train-cgm-728.jpg,cgm,2
/content/drive/MyDrive/SKRIPSI/cassava-lora/data/train/cmd/train-cmd-310.jpg,cmd,3
/content/drive/MyDrive/SKRIPSI/cassava-lora/data/train/cbsd/train-cbsd-1234.jpg,cbsd,1
/content/drive/MyDrive/SKRIPSI/cassava-lora/data/train/cmd/train-cmd-266.jpg,cmd,3
/content/drive/MyDrive/SKRIPSI/cassava-lora/data/train/cbsd/train-cbsd-795.jpg,cbsd,1
/content/drive/MyDrive/SKRIPSI/cassava-lora/data/train/cmd/train-cmd-847.jpg,cmd,3
/content/drive/MyDrive/SKRIPSI/cassava-lora/data/train/cbsd/train-cbsd-1055.jpg,cbsd,1
/content/drive/MyDrive/SKRIPSI/cassava-lora/data/train/cmd/train-cmd-1104.jpg,cmd,3
/content/drive/MyDrive/SKRIPSI/cassava-lora/data/train/cmd/train-cmd-2426.jpg,cmd,3
/content/drive/MyDrive/SKRIPSI/cassava-lora/data/train/cmd/train-cmd-1371.jpg,cmd,3
/content/drive/MyDrive/SKRIPSI/cassava-lora/data/train/cbsd/train-cbsd-116.jpg,cbsd,1
/content/drive/MyDrive/SKRIPSI/cassava-lora/data/train/cmd/train-cmd-2571.jpg,cmd,3
/content/drive/MyDrive/SKRIPSI/cassava-lora/data/train/cmd/train-cmd-2318.jpg,cmd,3
/content/drive/MyDrive/SKRIPSI/cassava-lora/data/train/cbb/train-cbb-249.jpg,cbb,0
/content/drive/MyDrive/SKRIPSI/cassava-lora/data/train/cbsd/train-cbsd-769.jpg,cbsd,1
/content/drive/MyDrive/SKRIPSI/cassava-lora/data/train/cmd/train-cmd-1527.jpg,cmd,3
/content/drive/MyDrive/SKRIPSI/cassava-lora/data/train/cmd/train-cmd-1053.jpg,cmd,3
/content/drive/MyDrive/SKRIPSI/cassava-lora/data/train/cgm/train-cgm-318.jpg,cgm,2
/content/drive/MyDrive/SKRIPSI/cassava-lora/data/train/healthy/train-healthy-223.jpg,healthy,4
/content/drive/MyDrive/SKRIPSI/cassava-lora/data/train/cbsd/train-cbsd-204.jpg,cbsd,1
/content/drive/MyDrive/SKRIPSI/cassava-lora/data/train/cbsd/train-cbsd-486.jpg,cbsd,1
/content/drive/MyDrive/SKRIPSI/cassava-lora/data/train/cbsd/train-cbsd-268.jpg,cbsd,1
/content/drive/MyDrive/SKRIPSI/cassava-lora/data/train/cgm/train-cgm-484.jpg,cgm,2
/content/drive/MyDrive/SKRIPSI/cassava-lora/data/train/cmd/train-cmd-1393.jpg,cmd,3
/content/drive/MyDrive/SKRIPSI/cassava-lora/data/train/cbsd/train-cbsd-1282.jpg,cbsd,1
/content/drive/MyDrive/SKRIPSI/cassava-lora/data/train/cmd/train-cmd-1634.jpg,cmd,3
/content/drive/MyDrive/SKRIPSI/cassava-lora/data/train/cmd/train-cmd-1400.jpg,cmd,3
/content/drive/MyDrive/SKRIPSI/cassava-lora/data/train/cmd/train-cmd-2565.jpg,cmd,3
/content/drive/MyDrive/SKRIPSI/cassava-lora/data/train/cbsd/train-cbsd-1087.jpg,cbsd,1
/content/drive/MyDrive/SKRIPSI/cassava-lora/data/train/cgm/train-cgm-702.jpg,cgm,2
/content/drive/MyDrive/SKRIPSI/cassava-lora/data/train/cmd/train-cmd-2028.jpg,cmd,3
/content/drive/MyDrive/SKRIPSI/cassava-lora/data/train/cbsd/train-cbsd-430.jpg,cbsd,1
/content/drive/MyDrive/SKRIPSI/cassava-lora/data/train/cbsd/train-cbsd-1088.jpg,cbsd,1
/content/drive/MyDrive/SKRIPSI/cassava-lora/data/train/cmd/train-cmd-1438.jpg,cmd,3
/content/drive/MyDrive/SKRIPSI/cassava-lora/data/train/cmd/train-cmd-228.jpg,cmd,3
/content/drive/MyDrive/SKRIPSI/cassava-lora/data/train/healthy/train-healthy-199.jpg,healthy,4
/content/drive/MyDrive/SKRIPSI/cassava-lora/data/train/cmd/train-cmd-1324.jpg,cmd,3
/content/drive/MyDrive/SKRIPSI/cassava-lora/data/train/cbsd/train-cbsd-164.jpg,cbsd,1
/content/drive/MyDrive/SKRIPSI/cassava-lora/data/train/cmd/train-cmd-257.jpg,cmd,3
/content/drive/MyDrive/SKRIPSI/cassava-lora/data/train/cmd/train-cmd-2305.jpg,cmd,3
/content/drive/MyDrive/SKRIPSI/cassava-lora/data/train/cmd/train-cmd-495.jpg,cmd,3
/content/drive/MyDrive/SKRIPSI/cassava-lora/data/train/cmd/train-cmd-328.jpg,cmd,3
/content/drive/MyDrive/SKRIPSI/cassava-lora/data/train/cmd/train-cmd-1057.jpg,cmd,3
/content/drive/MyDrive/SKRIPSI/cassava-lora/data/train/cmd/train-cmd-1731.jpg,cmd,3
/content/drive/MyDrive/SKRIPSI/cassava-lora/data/train/cbsd/train-cbsd-591.jpg,cbsd,1
/content/drive/MyDrive/SKRIPSI/cassava-lora/data/train/cmd/train-cmd-1936.jpg,cmd,3
/content/drive/MyDrive/SKRIPSI/cassava-lora/data/train/cmd/train-cmd-1455.jpg,cmd,3
/content/drive/MyDrive/SKRIPSI/cassava-lora/data/train/cbsd/train-cbsd-490.jpg,cbsd,1
/content/drive/MyDrive/SKRIPSI/cassava-lora/data/train/cmd/train-cmd-71.jpg,cmd,3
/content/drive/MyDrive/SKRIPSI/cassava-lora/data/train/cbb/train-cbb-223.jpg,cbb,0
/content/drive/MyDrive/SKRIPSI/cassava-lora/data/train/cmd/train-cmd-174.jpg,cmd,3
/content/drive/MyDrive/SKRIPSI/cassava-lora/data/train/healthy/train-healthy-75.jpg,healthy,4
/content/drive/MyDrive/SKRIPSI/cassava-lora/data/train/cbsd/train-cbsd-1342.jpg,cbsd,1
/content/drive/MyDrive/SKRIPSI/cassava-lora/data/train/cbsd/train-cbsd-1365.jpg,cbsd,1
/content/drive/MyDrive/SKRIPSI/cassava-lora/data/train/cmd/train-cmd-49.jpg,cmd,3
/content/drive/MyDrive/SKRIPSI/cassava-lora/data/train/cmd/train-cmd-555.jpg,cmd,3
/content/drive/MyDrive/SKRIPSI/cassava-lora/data/train/cmd/train-cmd-2236.jpg,cmd,3
/content/drive/MyDrive/SKRIPSI/cassava-lora/data/train/cgm/train-cgm-458.jpg,cgm,2
/content/drive/MyDrive/SKRIPSI/cassava-lora/data/train/cmd/train-cmd-1505.jpg,cmd,3
/content/drive/MyDrive/SKRIPSI/cassava-lora/data/train/cbsd/train-cbsd-1279.jpg,cbsd,1
/content/drive/MyDrive/SKRIPSI/cassava-lora/data/train/cgm/train-cgm-321.jpg,cgm,2
/content/drive/MyDrive/SKRIPSI/cassava-lora/data/train/cmd/train-cmd-1879.jpg,cmd,3
/content/drive/MyDrive/SKRIPSI/cassava-lora/data/train/cbb/train-cbb-448.jpg,cbb,0
/content/drive/MyDrive/SKRIPSI/cassava-lora/data/train/cbb/train-cbb-44.jpg,cbb,0
/content/drive/MyDrive/SKRIPSI/cassava-lora/data/train/cbsd/train-cbsd-545.jpg,cbsd,1
/content/drive/MyDrive/SKRIPSI/cassava-lora/data/train/cbb/train-cbb-84.jpg,cbb,0
/content/drive/MyDrive/SKRIPSI/cassava-lora/data/train/cmd/train-cmd-2097.jpg,cmd,3
/content/drive/MyDrive/SKRIPSI/cassava-lora/data/train/cmd/train-cmd-482.jpg,cmd,3
/content/drive/MyDrive/SKRIPSI/cassava-lora/data/train/cbsd/train-cbsd-678.jpg,cbsd,1
/content/drive/MyDrive/SKRIPSI/cassava-lora/data/train/cbb/train-cbb-429.jpg,cbb,0
/content/drive/MyDrive/SKRIPSI/cassava-lora/data/train/cgm/train-cgm-488.jpg,cgm,2
/content/drive/MyDrive/SKRIPSI/cassava-lora/data/train/cbb/train-cbb-345.jpg,cbb,0
/content/drive/MyDrive/SKRIPSI/cassava-lora/data/train/cgm/train-cgm-302.jpg,cgm,2
/content/drive/MyDrive/SKRIPSI/cassava-lora/data/train/cbsd/train-cbsd-298.jpg,cbsd,1
/content/drive/MyDrive/SKRIPSI/cassava-lora/data/train/cmd/train-cmd-2003.jpg,cmd,3
/content/drive/MyDrive/SKRIPSI/cassava-lora/data/train/cmd/train-cmd-288.jpg,cmd,3
/content/drive/MyDrive/SKRIPSI/cassava-lora/data/train/cmd/train-cmd-2089.jpg,cmd,3
/content/drive/MyDrive/SKRIPSI/cassava-lora/data/train/cbsd/train-cbsd-1099.jpg,cbsd,1
/content/drive/MyDrive/SKRIPSI/cassava-lora/data/train/cmd/train-cmd-2348.jpg,cmd,3
/content/drive/MyDrive/SKRIPSI/cassava-lora/data/train/cmd/train-cmd-1960.jpg,cmd,3
/content/drive/MyDrive/SKRIPSI/cassava-lora/data/train/cgm/train-cgm-666.jpg,cgm,2
/content/drive/MyDrive/SKRIPSI/cassava-lora/data/train/cmd/train-cmd-2017.jpg,cmd,3
/content/drive/MyDrive/SKRIPSI/cassava-lora/data/train/cmd/train-cmd-1414.jpg,cmd,3
/content/drive/MyDrive/SKRIPSI/cassava-lora/data/train/cmd/train-cmd-1133.jpg,cmd,3
/content/drive/MyDrive/SKRIPSI/cassava-lora/data/train/cgm/train-cgm-604.jpg,cgm,2
/content/drive/MyDrive/SKRIPSI/cassava-lora/data/train/cgm/train-cgm-192.jpg,cgm,2
/content/drive/MyDrive/SKRIPSI/cassava-lora/data/train/cmd/train-cmd-311.jpg,cmd,3
/content/drive/MyDrive/SKRIPSI/cassava-lora/data/train/cbsd/train-cbsd-1439.jpg,cbsd,1
/content/drive/MyDrive/SKRIPSI/cassava-lora/data/train/cmd/train-cmd-948.jpg,cmd,3
/content/drive/MyDrive/SKRIPSI/cassava-lora/data/train/cmd/train-cmd-1084.jpg,cmd,3
/content/drive/MyDrive/SKRIPSI/cassava-lora/data/train/cmd/train-cmd-888.jpg,cmd,3
/content/drive/MyDrive/SKRIPSI/cassava-lora/data/train/cmd/train-cmd-140.jpg,cmd,3
/content/drive/MyDrive/SKRIPSI/cassava-lora/data/train/healthy/train-healthy-114.jpg,healthy,4
/content/drive/MyDrive/SKRIPSI/cassava-lora/data/train/cmd/train-cmd-303.jpg,cmd,3
/content/drive/MyDrive/SKRIPSI/cassava-lora/data/train/cbsd/train-cbsd-325.jpg,cbsd,1
/content/drive/MyDrive/SKRIPSI/cassava-lora/data/train/cgm/train-cgm-280.jpg,cgm,2
/content/drive/MyDrive/SKRIPSI/cassava-lora/data/train/cbsd/train-cbsd-554.jpg,cbsd,1
/content/drive/MyDrive/SKRIPSI/cassava-lora/data/train/cmd/train-cmd-29.jpg,cmd,3
/content/drive/MyDrive/SKRIPSI/cassava-lora/data/train/cgm/train-cgm-182.jpg,cgm,2
/content/drive/MyDrive/SKRIPSI/cassava-lora/data/train/cmd/train-cmd-973.jpg,cmd,3
/content/drive/MyDrive/SKRIPSI/cassava-lora/data/train/cbb/train-cbb-21.jpg,cbb,0
/content/drive/MyDrive/SKRIPSI/cassava-lora/data/train/cgm/train-cgm-118.jpg,cgm,2
/content/drive/MyDrive/SKRIPSI/cassava-lora/data/train/cgm/train-cgm-205.jpg,cgm,2
/content/drive/MyDrive/SKRIPSI/cassava-lora/data/train/cbsd/train-cbsd-1213.jpg,cbsd,1
/content/drive/MyDrive/SKRIPSI/cassava-lora/data/train/cbb/train-cbb-138.jpg,cbb,0
/content/drive/MyDrive/SKRIPSI/cassava-lora/data/train/healthy/train-healthy-148.jpg,healthy,4
/content/drive/MyDrive/SKRIPSI/cassava-lora/data/train/cmd/train-cmd-1675.jpg,cmd,3
/content/drive/MyDrive/SKRIPSI/cassava-lora/data/train/cmd/train-cmd-346.jpg,cmd,3
/content/drive/MyDrive/SKRIPSI/cassava-lora/data/train/cbb/train-cbb-388.jpg,cbb,0
/content/drive/MyDrive/SKRIPSI/cassava-lora/data/train/cmd/train-cmd-464.jpg,cmd,3
/content/drive/MyDrive/SKRIPSI/cassava-lora/data/train/cgm/train-cgm-699.jpg,cgm,2
/content/drive/MyDrive/SKRIPSI/cassava-lora/data/train/cmd/train-cmd-1903.jpg,cmd,3
/content/drive/MyDrive/SKRIPSI/cassava-lora/data/train/cmd/train-cmd-523.jpg,cmd,3
/content/drive/MyDrive/SKRIPSI/cassava-lora/data/train/cbsd/train-cbsd-1416.jpg,cbsd,1
/content/drive/MyDrive/SKRIPSI/cassava-lora/data/train/cbsd/train-cbsd-21.jpg,cbsd,1
/content/drive/MyDrive/SKRIPSI/cassava-lora/data/train/cmd/train-cmd-397.jpg,cmd,3
/content/drive/MyDrive/SKRIPSI/cassava-lora/data/train/cmd/train-cmd-1426.jpg,cmd,3
/content/drive/MyDrive/SKRIPSI/cassava-lora/data/train/cmd/train-cmd-1009.jpg,cmd,3
/content/drive/MyDrive/SKRIPSI/cassava-lora/data/train/cmd/train-cmd-1774.jpg,cmd,3
/content/drive/MyDrive/SKRIPSI/cassava-lora/data/train/cmd/train-cmd-1337.jpg,cmd,3
/content/drive/MyDrive/SKRIPSI/cassava-lora/data/train/cbsd/train-cbsd-889.jpg,cbsd,1
/content/drive/MyDrive/SKRIPSI/cassava-lora/data/train/cgm/train-cgm-61.jpg,cgm,2
/content/drive/MyDrive/SKRIPSI/cassava-lora/data/train/cmd/train-cmd-2054.jpg,cmd,3
/content/drive/MyDrive/SKRIPSI/cassava-lora/data/train/cbsd/train-cbsd-397.jpg,cbsd,1
/content/drive/MyDrive/SKRIPSI/cassava-lora/data/train/cmd/train-cmd-630.jpg,cmd,3
/content/drive/MyDrive/SKRIPSI/cassava-lora/data/train/cbsd/train-cbsd-776.jpg,cbsd,1
/content/drive/MyDrive/SKRIPSI/cassava-lora/data/train/cgm/train-cgm-147.jpg,cgm,2
/content/drive/MyDrive/SKRIPSI/cassava-lora/data/train/cbsd/train-cbsd-1001.jpg,cbsd,1
/content/drive/MyDrive/SKRIPSI/cassava-lora/data/train/cbsd/train-cbsd-332.jpg,cbsd,1
/content/drive/MyDrive/SKRIPSI/cassava-lora/data/train/cmd/train-cmd-2452.jpg,cmd,3
/content/drive/MyDrive/SKRIPSI/cassava-lora/data/train/cmd/train-cmd-222.jpg,cmd,3
/content/drive/MyDrive/SKRIPSI/cassava-lora/data/train/cbsd/train-cbsd-1037.jpg,cbsd,1
/content/drive/MyDrive/SKRIPSI/cassava-lora/data/train/cbb/train-cbb-165.jpg,cbb,0
/content/drive/MyDrive/SKRIPSI/cassava-lora/data/train/cmd/train-cmd-1764.jpg,cmd,3
/content/drive/MyDrive/SKRIPSI/cassava-lora/data/train/cmd/train-cmd-2559.jpg,cmd,3
/content/drive/MyDrive/SKRIPSI/cassava-lora/data/train/cmd/train-cmd-1963.jpg,cmd,3
/content/drive/MyDrive/SKRIPSI/cassava-lora/data/train/cbsd/train-cbsd-537.jpg,cbsd,1
/content/drive/MyDrive/SKRIPSI/cassava-lora/data/train/cmd/train-cmd-1264.jpg,cmd,3
/content/drive/MyDrive/SKRIPSI/cassava-lora/data/train/cmd/train-cmd-1054.jpg,cmd,3
/content/drive/MyDrive/SKRIPSI/cassava-lora/data/train/cgm/train-cgm-350.jpg,cgm,2
/content/drive/MyDrive/SKRIPSI/cassava-lora/data/train/healthy/train-healthy-293.jpg,healthy,4
/content/drive/MyDrive/SKRIPSI/cassava-lora/data/train/cmd/train-cmd-1479.jpg,cmd,3
/content/drive/MyDrive/SKRIPSI/cassava-lora/data/train/cbb/train-cbb-43.jpg,cbb,0
/content/drive/MyDrive/SKRIPSI/cassava-lora/data/train/cbb/train-cbb-418.jpg,cbb,0
/content/drive/MyDrive/SKRIPSI/cassava-lora/data/train/cbsd/train-cbsd-1225.jpg,cbsd,1
/content/drive/MyDrive/SKRIPSI/cassava-lora/data/train/cbsd/train-cbsd-189.jpg,cbsd,1
/content/drive/MyDrive/SKRIPSI/cassava-lora/data/train/cmd/train-cmd-1331.jpg,cmd,3
/content/drive/MyDrive/SKRIPSI/cassava-lora/data/train/cmd/train-cmd-1101.jpg,cmd,3
/content/drive/MyDrive/SKRIPSI/cassava-lora/data/train/cbsd/train-cbsd-1054.jpg,cbsd,1
/content/drive/MyDrive/SKRIPSI/cassava-lora/data/train/cmd/train-cmd-16.jpg,cmd,3
/content/drive/MyDrive/SKRIPSI/cassava-lora/data/train/cbsd/train-cbsd-1104.jpg,cbsd,1
/content/drive/MyDrive/SKRIPSI/cassava-lora/data/train/cmd/train-cmd-2464.jpg,cmd,3
/content/drive/MyDrive/SKRIPSI/cassava-lora/data/train/cmd/train-cmd-2469.jpg,cmd,3
/content/drive/MyDrive/SKRIPSI/cassava-lora/data/train/cmd/train-cmd-534.jpg,cmd,3
/content/drive/MyDrive/SKRIPSI/cassava-lora/data/train/cmd/train-cmd-129.jpg,cmd,3
/content/drive/MyDrive/SKRIPSI/cassava-lora/data/train/cgm/train-cgm-537.jpg,cgm,2
/content/drive/MyDrive/SKRIPSI/cassava-lora/data/train/cmd/train-cmd-2319.jpg,cmd,3
/content/drive/MyDrive/SKRIPSI/cassava-lora/data/train/cmd/train-cmd-280.jpg,cmd,3
/content/drive/MyDrive/SKRIPSI/cassava-lora/data/train/cmd/train-cmd-2207.jpg,cmd,3
/content/drive/MyDrive/SKRIPSI/cassava-lora/data/train/cmd/train-cmd-1872.jpg,cmd,3
/content/drive/MyDrive/SKRIPSI/cassava-lora/data/train/cmd/train-cmd-773.jpg,cmd,3
/content/drive/MyDrive/SKRIPSI/cassava-lora/data/train/cmd/train-cmd-253.jpg,cmd,3
/content/drive/MyDrive/SKRIPSI/cassava-lora/data/train/cmd/train-cmd-473.jpg,cmd,3
/content/drive/MyDrive/SKRIPSI/cassava-lora/data/train/cmd/train-cmd-1489.jpg,cmd,3
/content/drive/MyDrive/SKRIPSI/cassava-lora/data/train/cbsd/train-cbsd-1364.jpg,cbsd,1
/content/drive/MyDrive/SKRIPSI/cassava-lora/data/train/cmd/train-cmd-1603.jpg,cmd,3
/content/drive/MyDrive/SKRIPSI/cassava-lora/data/train/cmd/train-cmd-1308.jpg,cmd,3
/content/drive/MyDrive/SKRIPSI/cassava-lora/data/train/cmd/train-cmd-1696.jpg,cmd,3
/content/drive/MyDrive/SKRIPSI/cassava-lora/data/train/cmd/train-cmd-823.jpg,cmd,3
/content/drive/MyDrive/SKRIPSI/cassava-lora/data/train/cbb/train-cbb-6.jpg,cbb,0
/content/drive/MyDrive/SKRIPSI/cassava-lora/data/train/cmd/train-cmd-2524.jpg,cmd,3
/content/drive/MyDrive/SKRIPSI/cassava-lora/data/train/cbsd/train-cbsd-1058.jpg,cbsd,1
/content/drive/MyDrive/SKRIPSI/cassava-lora/data/train/cmd/train-cmd-1288.jpg,cmd,3
/content/drive/MyDrive/SKRIPSI/cassava-lora/data/train/cgm/train-cgm-186.jpg,cgm,2
/content/drive/MyDrive/SKRIPSI/cassava-lora/data/train/cgm/train-cgm-135.jpg,cgm,2
/content/drive/MyDrive/SKRIPSI/cassava-lora/data/train/cbb/train-cbb-302.jpg,cbb,0
/content/drive/MyDrive/SKRIPSI/cassava-lora/data/train/cbsd/train-cbsd-865.jpg,cbsd,1
/content/drive/MyDrive/SKRIPSI/cassava-lora/data/train/cmd/train-cmd-1029.jpg,cmd,3
/content/drive/MyDrive/SKRIPSI/cassava-lora/data/train/cbb/train-cbb-183.jpg,cbb,0
/content/drive/MyDrive/SKRIPSI/cassava-lora/data/train/cmd/train-cmd-629.jpg,cmd,3
/content/drive/MyDrive/SKRIPSI/cassava-lora/data/train/cgm/train-cgm-514.jpg,cgm,2
/content/drive/MyDrive/SKRIPSI/cassava-lora/data/train/cmd/train-cmd-2185.jpg,cmd,3
/content/drive/MyDrive/SKRIPSI/cassava-lora/data/train/cmd/train-cmd-447.jpg,cmd,3
/content/drive/MyDrive/SKRIPSI/cassava-lora/data/train/cmd/train-cmd-849.jpg,cmd,3
/content/drive/MyDrive/SKRIPSI/cassava-lora/data/train/cbsd/train-cbsd-1161.jpg,cbsd,1
/content/drive/MyDrive/SKRIPSI/cassava-lora/data/train/cmd/train-cmd-1469.jpg,cmd,3
/content/drive/MyDrive/SKRIPSI/cassava-lora/data/train/cbsd/train-cbsd-846.jpg,cbsd,1
/content/drive/MyDrive/SKRIPSI/cassava-lora/data/train/cmd/train-cmd-796.jpg,cmd,3
/content/drive/MyDrive/SKRIPSI/cassava-lora/data/train/cbsd/train-cbsd-205.jpg,cbsd,1
/content/drive/MyDrive/SKRIPSI/cassava-lora/data/train/healthy/train-healthy-225.jpg,healthy,4
/content/drive/MyDrive/SKRIPSI/cassava-lora/data/train/cbsd/train-cbsd-717.jpg,cbsd,1
/content/drive/MyDrive/SKRIPSI/cassava-lora/data/train/cmd/train-cmd-2578.jpg,cmd,3
/content/drive/MyDrive/SKRIPSI/cassava-lora/data/train/cbb/train-cbb-19.jpg,cbb,0
/content/drive/MyDrive/SKRIPSI/cassava-lora/data/train/cmd/train-cmd-193.jpg,cmd,3
/content/drive/MyDrive/SKRIPSI/cassava-lora/data/train/cmd/train-cmd-2451.jpg,cmd,3
/content/drive/MyDrive/SKRIPSI/cassava-lora/data/train/cbb/train-cbb-238.jpg,cbb,0
/content/drive/MyDrive/SKRIPSI/cassava-lora/data/train/cmd/train-cmd-827.jpg,cmd,3
/content/drive/MyDrive/SKRIPSI/cassava-lora/data/train/cmd/train-cmd-1060.jpg,cmd,3
/content/drive/MyDrive/SKRIPSI/cassava-lora/data/train/cmd/train-cmd-2010.jpg,cmd,3
/content/drive/MyDrive/SKRIPSI/cassava-lora/data/train/cbsd/train-cbsd-515.jpg,cbsd,1
/content/drive/MyDrive/SKRIPSI/cassava-lora/data/train/cbsd/train-cbsd-1129.jpg,cbsd,1
/content/drive/MyDrive/SKRIPSI/cassava-lora/data/train/cmd/train-cmd-1687.jpg,cmd,3
/content/drive/MyDrive/SKRIPSI/cassava-lora/data/train/cmd/train-cmd-1384.jpg,cmd,3
/content/drive/MyDrive/SKRIPSI/cassava-lora/data/train/cmd/train-cmd-442.jpg,cmd,3
/content/drive/MyDrive/SKRIPSI/cassava-lora/data/train/cmd/train-cmd-134.jpg,cmd,3
/content/drive/MyDrive/SKRIPSI/cassava-lora/data/train/cbsd/train-cbsd-1136.jpg,cbsd,1
/content/drive/MyDrive/SKRIPSI/cassava-lora/data/train/cmd/train-cmd-2162.jpg,cmd,3
/content/drive/MyDrive/SKRIPSI/cassava-lora/data/train/cgm/train-cgm-735.jpg,cgm,2
/content/drive/MyDrive/SKRIPSI/cassava-lora/data/train/cbsd/train-cbsd-815.jpg,cbsd,1
/content/drive/MyDrive/SKRIPSI/cassava-lora/data/train/cmd/train-cmd-366.jpg,cmd,3
/content/drive/MyDrive/SKRIPSI/cassava-lora/data/train/cgm/train-cgm-555.jpg,cgm,2
/content/drive/MyDrive/SKRIPSI/cassava-lora/data/train/cbb/train-cbb-276.jpg,cbb,0
/content/drive/MyDrive/SKRIPSI/cassava-lora/data/train/cbsd/train-cbsd-183.jpg,cbsd,1
/content/drive/MyDrive/SKRIPSI/cassava-lora/data/train/cmd/train-cmd-1043.jpg,cmd,3
/content/drive/MyDrive/SKRIPSI/cassava-lora/data/train/cmd/train-cmd-1804.jpg,cmd,3
/content/drive/MyDrive/SKRIPSI/cassava-lora/data/train/cmd/train-cmd-165.jpg,cmd,3
/content/drive/MyDrive/SKRIPSI/cassava-lora/data/train/healthy/train-healthy-271.jpg,healthy,4
/content/drive/MyDrive/SKRIPSI/cassava-lora/data/train/cbb/train-cbb-390.jpg,cbb,0
/content/drive/MyDrive/SKRIPSI/cassava-lora/data/train/cmd/train-cmd-538.jpg,cmd,3
/content/drive/MyDrive/SKRIPSI/cassava-lora/data/train/cgm/train-cgm-214.jpg,cgm,2
/content/drive/MyDrive/SKRIPSI/cassava-lora/data/train/cgm/train-cgm-311.jpg,cgm,2
/content/drive/MyDrive/SKRIPSI/cassava-lora/data/train/cbsd/train-cbsd-419.jpg,cbsd,1
/content/drive/MyDrive/SKRIPSI/cassava-lora/data/train/cmd/train-cmd-260.jpg,cmd,3
/content/drive/MyDrive/SKRIPSI/cassava-lora/data/train/cmd/train-cmd-1557.jpg,cmd,3
/content/drive/MyDrive/SKRIPSI/cassava-lora/data/train/cbsd/train-cbsd-257.jpg,cbsd,1
/content/drive/MyDrive/SKRIPSI/cassava-lora/data/train/cgm/train-cgm-705.jpg,cgm,2
/content/drive/MyDrive/SKRIPSI/cassava-lora/data/train/cbsd/train-cbsd-1281.jpg,cbsd,1
/content/drive/MyDrive/SKRIPSI/cassava-lora/data/train/cmd/train-cmd-1678.jpg,cmd,3
/content/drive/MyDrive/SKRIPSI/cassava-lora/data/train/cmd/train-cmd-108.jpg,cmd,3
/content/drive/MyDrive/SKRIPSI/cassava-lora/data/train/cmd/train-cmd-830.jpg,cmd,3
/content/drive/MyDrive/SKRIPSI/cassava-lora/data/train/cgm/train-cgm-719.jpg,cgm,2
/content/drive/MyDrive/SKRIPSI/cassava-lora/data/train/cbsd/train-cbsd-151.jpg,cbsd,1
/content/drive/MyDrive/SKRIPSI/cassava-lora/data/train/cmd/train-cmd-1095.jpg,cmd,3
/content/drive/MyDrive/SKRIPSI/cassava-lora/data/train/cmd/train-cmd-1953.jpg,cmd,3
/content/drive/MyDrive/SKRIPSI/cassava-lora/data/train/cmd/train-cmd-1366.jpg,cmd,3
/content/drive/MyDrive/SKRIPSI/cassava-lora/data/train/cmd/train-cmd-1741.jpg,cmd,3
/content/drive/MyDrive/SKRIPSI/cassava-lora/data/train/cmd/train-cmd-1805.jpg,cmd,3
/content/drive/MyDrive/SKRIPSI/cassava-lora/data/train/cmd/train-cmd-525.jpg,cmd,3
/content/drive/MyDrive/SKRIPSI/cassava-lora/data/train/cmd/train-cmd-906.jpg,cmd,3
/content/drive/MyDrive/SKRIPSI/cassava-lora/data/train/cmd/train-cmd-1789.jpg,cmd,3
/content/drive/MyDrive/SKRIPSI/cassava-lora/data/train/cmd/train-cmd-256.jpg,cmd,3
/content/drive/MyDrive/SKRIPSI/cassava-lora/data/train/cmd/train-cmd-1452.jpg,cmd,3
/content/drive/MyDrive/SKRIPSI/cassava-lora/data/train/cmd/train-cmd-2518.jpg,cmd,3
/content/drive/MyDrive/SKRIPSI/cassava-lora/data/train/cmd/train-cmd-693.jpg,cmd,3
/content/drive/MyDrive/SKRIPSI/cassava-lora/data/train/cmd/train-cmd-736.jpg,cmd,3
/content/drive/MyDrive/SKRIPSI/cassava-lora/data/train/cmd/train-cmd-515.jpg,cmd,3
/content/drive/MyDrive/SKRIPSI/cassava-lora/data/train/cmd/train-cmd-1157.jpg,cmd,3
/content/drive/MyDrive/SKRIPSI/cassava-lora/data/train/cmd/train-cmd-1349.jpg,cmd,3
/content/drive/MyDrive/SKRIPSI/cassava-lora/data/train/cgm/train-cgm-540.jpg,cgm,2
/content/drive/MyDrive/SKRIPSI/cassava-lora/data/train/cbsd/train-cbsd-224.jpg,cbsd,1
/content/drive/MyDrive/SKRIPSI/cassava-lora/data/train/cbsd/train-cbsd-409.jpg,cbsd,1
/content/drive/MyDrive/SKRIPSI/cassava-lora/data/train/cmd/train-cmd-1038.jpg,cmd,3
/content/drive/MyDrive/SKRIPSI/cassava-lora/data/train/cmd/train-cmd-879.jpg,cmd,3
/content/drive/MyDrive/SKRIPSI/cassava-lora/data/train/cmd/train-cmd-1944.jpg,cmd,3
/content/drive/MyDrive/SKRIPSI/cassava-lora/data/train/cbb/train-cbb-89.jpg,cbb,0
/content/drive/MyDrive/SKRIPSI/cassava-lora/data/train/cbsd/train-cbsd-1310.jpg,cbsd,1
/content/drive/MyDrive/SKRIPSI/cassava-lora/data/train/cbsd/train-cbsd-491.jpg,cbsd,1
/content/drive/MyDrive/SKRIPSI/cassava-lora/data/train/cbsd/train-cbsd-449.jpg,cbsd,1
/content/drive/MyDrive/SKRIPSI/cassava-lora/data/train/cmd/train-cmd-982.jpg,cmd,3
/content/drive/MyDrive/SKRIPSI/cassava-lora/data/train/cbsd/train-cbsd-1184.jpg,cbsd,1
/content/drive/MyDrive/SKRIPSI/cassava-lora/data/train/cbb/train-cbb-378.jpg,cbb,0
/content/drive/MyDrive/SKRIPSI/cassava-lora/data/train/cbsd/train-cbsd-733.jpg,cbsd,1
/content/drive/MyDrive/SKRIPSI/cassava-lora/data/train/cmd/train-cmd-1931.jpg,cmd,3
/content/drive/MyDrive/SKRIPSI/cassava-lora/data/train/cmd/train-cmd-1136.jpg,cmd,3
/content/drive/MyDrive/SKRIPSI/cassava-lora/data/train/cgm/train-cgm-726.jpg,cgm,2
/content/drive/MyDrive/SKRIPSI/cassava-lora/data/train/cmd/train-cmd-1047.jpg,cmd,3
/content/drive/MyDrive/SKRIPSI/cassava-lora/data/train/cbsd/train-cbsd-350.jpg,cbsd,1
/content/drive/MyDrive/SKRIPSI/cassava-lora/data/train/cmd/train-cmd-1260.jpg,cmd,3
/content/drive/MyDrive/SKRIPSI/cassava-lora/data/train/cmd/train-cmd-1772.jpg,cmd,3
/content/drive/MyDrive/SKRIPSI/cassava-lora/data/train/healthy/train-healthy-120.jpg,healthy,4
/content/drive/MyDrive/SKRIPSI/cassava-lora/data/train/cbsd/train-cbsd-1077.jpg,cbsd,1
/content/drive/MyDrive/SKRIPSI/cassava-lora/data/train/cmd/train-cmd-179.jpg,cmd,3
/content/drive/MyDrive/SKRIPSI/cassava-lora/data/train/cbsd/train-cbsd-521.jpg,cbsd,1
/content/drive/MyDrive/SKRIPSI/cassava-lora/data/train/cbsd/train-cbsd-450.jpg,cbsd,1
/content/drive/MyDrive/SKRIPSI/cassava-lora/data/train/healthy/train-healthy-248.jpg,healthy,4
/content/drive/MyDrive/SKRIPSI/cassava-lora/data/train/cbsd/train-cbsd-979.jpg,cbsd,1
/content/drive/MyDrive/SKRIPSI/cassava-lora/data/train/cgm/train-cgm-59.jpg,cgm,2
/content/drive/MyDrive/SKRIPSI/cassava-lora/data/train/healthy/train-healthy-143.jpg,healthy,4
/content/drive/MyDrive/SKRIPSI/cassava-lora/data/train/cmd/train-cmd-2085.jpg,cmd,3
/content/drive/MyDrive/SKRIPSI/cassava-lora/data/train/cbsd/train-cbsd-1160.jpg,cbsd,1
/content/drive/MyDrive/SKRIPSI/cassava-lora/data/train/cbb/train-cbb-306.jpg,cbb,0
/content/drive/MyDrive/SKRIPSI/cassava-lora/data/train/cmd/train-cmd-1856.jpg,cmd,3
/content/drive/MyDrive/SKRIPSI/cassava-lora/data/train/cmd/train-cmd-2173.jpg,cmd,3
/content/drive/MyDrive/SKRIPSI/cassava-lora/data/train/cbb/train-cbb-155.jpg,cbb,0
/content/drive/MyDrive/SKRIPSI/cassava-lora/data/train/cmd/train-cmd-1621.jpg,cmd,3
/content/drive/MyDrive/SKRIPSI/cassava-lora/data/train/healthy/train-healthy-101.jpg,healthy,4
/content/drive/MyDrive/SKRIPSI/cassava-lora/data/train/cbsd/train-cbsd-756.jpg,cbsd,1
/content/drive/MyDrive/SKRIPSI/cassava-lora/data/train/cbsd/train-cbsd-901.jpg,cbsd,1
/content/drive/MyDrive/SKRIPSI/cassava-lora/data/train/cmd/train-cmd-784.jpg,cmd,3
/content/drive/MyDrive/SKRIPSI/cassava-lora/data/train/cbsd/train-cbsd-1338.jpg,cbsd,1
/content/drive/MyDrive/SKRIPSI/cassava-lora/data/train/cmd/train-cmd-437.jpg,cmd,3
/content/drive/MyDrive/SKRIPSI/cassava-lora/data/train/cbsd/train-cbsd-247.jpg,cbsd,1
/content/drive/MyDrive/SKRIPSI/cassava-lora/data/train/cmd/train-cmd-845.jpg,cmd,3
/content/drive/MyDrive/SKRIPSI/cassava-lora/data/train/cgm/train-cgm-241.jpg,cgm,2
/content/drive/MyDrive/SKRIPSI/cassava-lora/data/train/cmd/train-cmd-353.jpg,cmd,3
/content/drive/MyDrive/SKRIPSI/cassava-lora/data/train/cmd/train-cmd-360.jpg,cmd,3
/content/drive/MyDrive/SKRIPSI/cassava-lora/data/train/cbsd/train-cbsd-214.jpg,cbsd,1
/content/drive/MyDrive/SKRIPSI/cassava-lora/data/train/cmd/train-cmd-1172.jpg,cmd,3
/content/drive/MyDrive/SKRIPSI/cassava-lora/data/train/cgm/train-cgm-11.jpg,cgm,2
/content/drive/MyDrive/SKRIPSI/cassava-lora/data/train/cbsd/train-cbsd-1026.jpg,cbsd,1
/content/drive/MyDrive/SKRIPSI/cassava-lora/data/train/cbb/train-cbb-278.jpg,cbb,0
/content/drive/MyDrive/SKRIPSI/cassava-lora/data/train/cmd/train-cmd-101.jpg,cmd,3
/content/drive/MyDrive/SKRIPSI/cassava-lora/data/train/cgm/train-cgm-602.jpg,cgm,2
/content/drive/MyDrive/SKRIPSI/cassava-lora/data/train/healthy/train-healthy-178.jpg,healthy,4
/content/drive/MyDrive/SKRIPSI/cassava-lora/data/train/cbb/train-cbb-25.jpg,cbb,0
/content/drive/MyDrive/SKRIPSI/cassava-lora/data/train/cbsd/train-cbsd-997.jpg,cbsd,1
/content/drive/MyDrive/SKRIPSI/cassava-lora/data/train/cmd/train-cmd-1338.jpg,cmd,3
/content/drive/MyDrive/SKRIPSI/cassava-lora/data/train/healthy/train-healthy-52.jpg,healthy,4
/content/drive/MyDrive/SKRIPSI/cassava-lora/data/train/cmd/train-cmd-530.jpg,cmd,3
/content/drive/MyDrive/SKRIPSI/cassava-lora/data/train/cmd/train-cmd-644.jpg,cmd,3
/content/drive/MyDrive/SKRIPSI/cassava-lora/data/train/cbsd/train-cbsd-155.jpg,cbsd,1
/content/drive/MyDrive/SKRIPSI/cassava-lora/data/train/cmd/train-cmd-454.jpg,cmd,3
/content/drive/MyDrive/SKRIPSI/cassava-lora/data/train/cmd/train-cmd-1674.jpg,cmd,3
/content/drive/MyDrive/SKRIPSI/cassava-lora/data/train/cmd/train-cmd-1069.jpg,cmd,3
/content/drive/MyDrive/SKRIPSI/cassava-lora/data/train/cmd/train-cmd-626.jpg,cmd,3
/content/drive/MyDrive/SKRIPSI/cassava-lora/data/train/cmd/train-cmd-176.jpg,cmd,3
/content/drive/MyDrive/SKRIPSI/cassava-lora/data/train/cmd/train-cmd-1474.jpg,cmd,3
/content/drive/MyDrive/SKRIPSI/cassava-lora/data/train/healthy/train-healthy-299.jpg,healthy,4
/content/drive/MyDrive/SKRIPSI/cassava-lora/data/train/cmd/train-cmd-389.jpg,cmd,3
/content/drive/MyDrive/SKRIPSI/cassava-lora/data/train/cmd/train-cmd-2562.jpg,cmd,3
/content/drive/MyDrive/SKRIPSI/cassava-lora/data/train/cmd/train-cmd-1382.jpg,cmd,3
/content/drive/MyDrive/SKRIPSI/cassava-lora/data/train/healthy/train-healthy-188.jpg,healthy,4
/content/drive/MyDrive/SKRIPSI/cassava-lora/data/train/healthy/train-healthy-92.jpg,healthy,4
/content/drive/MyDrive/SKRIPSI/cassava-lora/data/train/cbsd/train-cbsd-622.jpg,cbsd,1
/content/drive/MyDrive/SKRIPSI/cassava-lora/data/train/cmd/train-cmd-1169.jpg,cmd,3
/content/drive/MyDrive/SKRIPSI/cassava-lora/data/train/cbsd/train-cbsd-441.jpg,cbsd,1
/content/drive/MyDrive/SKRIPSI/cassava-lora/data/train/cbsd/train-cbsd-1394.jpg,cbsd,1
/content/drive/MyDrive/SKRIPSI/cassava-lora/data/train/healthy/train-healthy-127.jpg,healthy,4
/content/drive/MyDrive/SKRIPSI/cassava-lora/data/train/cbb/train-cbb-48.jpg,cbb,0
/content/drive/MyDrive/SKRIPSI/cassava-lora/data/train/cmd/train-cmd-572.jpg,cmd,3
/content/drive/MyDrive/SKRIPSI/cassava-lora/data/train/cmd/train-cmd-492.jpg,cmd,3
/content/drive/MyDrive/SKRIPSI/cassava-lora/data/train/cgm/train-cgm-710.jpg,cgm,2
/content/drive/MyDrive/SKRIPSI/cassava-lora/data/train/cmd/train-cmd-467.jpg,cmd,3
/content/drive/MyDrive/SKRIPSI/cassava-lora/data/train/healthy/train-healthy-244.jpg,healthy,4
/content/drive/MyDrive/SKRIPSI/cassava-lora/data/train/cmd/train-cmd-1302.jpg,cmd,3
/content/drive/MyDrive/SKRIPSI/cassava-lora/data/train/cmd/train-cmd-1391.jpg,cmd,3
/content/drive/MyDrive/SKRIPSI/cassava-lora/data/train/cmd/train-cmd-1361.jpg,cmd,3
/content/drive/MyDrive/SKRIPSI/cassava-lora/data/train/cmd/train-cmd-816.jpg,cmd,3
/content/drive/MyDrive/SKRIPSI/cassava-lora/data/train/cbsd/train-cbsd-177.jpg,cbsd,1
/content/drive/MyDrive/SKRIPSI/cassava-lora/data/train/cbsd/train-cbsd-1294.jpg,cbsd,1
/content/drive/MyDrive/SKRIPSI/cassava-lora/data/train/cmd/train-cmd-1935.jpg,cmd,3
/content/drive/MyDrive/SKRIPSI/cassava-lora/data/train/cbsd/train-cbsd-840.jpg,cbsd,1
/content/drive/MyDrive/SKRIPSI/cassava-lora/data/train/cmd/train-cmd-414.jpg,cmd,3
/content/drive/MyDrive/SKRIPSI/cassava-lora/data/train/cbsd/train-cbsd-1247.jpg,cbsd,1
/content/drive/MyDrive/SKRIPSI/cassava-lora/data/train/cbsd/train-cbsd-666.jpg,cbsd,1
/content/drive/MyDrive/SKRIPSI/cassava-lora/data/train/healthy/train-healthy-261.jpg,healthy,4
/content/drive/MyDrive/SKRIPSI/cassava-lora/data/train/cgm/train-cgm-21.jpg,cgm,2
/content/drive/MyDrive/SKRIPSI/cassava-lora/data/train/cbsd/train-cbsd-719.jpg,cbsd,1
/content/drive/MyDrive/SKRIPSI/cassava-lora/data/train/cbb/train-cbb-16.jpg,cbb,0
/content/drive/MyDrive/SKRIPSI/cassava-lora/data/train/cbsd/train-cbsd-1438.jpg,cbsd,1
/content/drive/MyDrive/SKRIPSI/cassava-lora/data/train/cgm/train-cgm-384.jpg,cgm,2
/content/drive/MyDrive/SKRIPSI/cassava-lora/data/train/cmd/train-cmd-2068.jpg,cmd,3
/content/drive/MyDrive/SKRIPSI/cassava-lora/data/train/cmd/train-cmd-1724.jpg,cmd,3
/content/drive/MyDrive/SKRIPSI/cassava-lora/data/train/cmd/train-cmd-1205.jpg,cmd,3
/content/drive/MyDrive/SKRIPSI/cassava-lora/data/train/cgm/train-cgm-556.jpg,cgm,2
/content/drive/MyDrive/SKRIPSI/cassava-lora/data/train/cgm/train-cgm-3.jpg,cgm,2
/content/drive/MyDrive/SKRIPSI/cassava-lora/data/train/cmd/train-cmd-1290.jpg,cmd,3
/content/drive/MyDrive/SKRIPSI/cassava-lora/data/train/cmd/train-cmd-1020.jpg,cmd,3
/content/drive/MyDrive/SKRIPSI/cassava-lora/data/train/cmd/train-cmd-2596.jpg,cmd,3
/content/drive/MyDrive/SKRIPSI/cassava-lora/data/train/cmd/train-cmd-171.jpg,cmd,3
/content/drive/MyDrive/SKRIPSI/cassava-lora/data/train/cgm/train-cgm-761.jpg,cgm,2
/content/drive/MyDrive/SKRIPSI/cassava-lora/data/train/cmd/train-cmd-199.jpg,cmd,3
/content/drive/MyDrive/SKRIPSI/cassava-lora/data/train/cmd/train-cmd-2564.jpg,cmd,3
/content/drive/MyDrive/SKRIPSI/cassava-lora/data/train/cbb/train-cbb-385.jpg,cbb,0
/content/drive/MyDrive/SKRIPSI/cassava-lora/data/train/cmd/train-cmd-2142.jpg,cmd,3
/content/drive/MyDrive/SKRIPSI/cassava-lora/data/train/cbsd/train-cbsd-654.jpg,cbsd,1
/content/drive/MyDrive/SKRIPSI/cassava-lora/data/train/cbb/train-cbb-404.jpg,cbb,0
/content/drive/MyDrive/SKRIPSI/cassava-lora/data/train/cbsd/train-cbsd-880.jpg,cbsd,1
/content/drive/MyDrive/SKRIPSI/cassava-lora/data/train/cmd/train-cmd-87.jpg,cmd,3
/content/drive/MyDrive/SKRIPSI/cassava-lora/data/train/cbsd/train-cbsd-551.jpg,cbsd,1
/content/drive/MyDrive/SKRIPSI/cassava-lora/data/train/cgm/train-cgm-450.jpg,cgm,2
/content/drive/MyDrive/SKRIPSI/cassava-lora/data/train/cmd/train-cmd-1280.jpg,cmd,3
/content/drive/MyDrive/SKRIPSI/cassava-lora/data/train/cmd/train-cmd-1456.jpg,cmd,3
/content/drive/MyDrive/SKRIPSI/cassava-lora/data/train/healthy/train-healthy-228.jpg,healthy,4
/content/drive/MyDrive/SKRIPSI/cassava-lora/data/train/cgm/train-cgm-37.jpg,cgm,2
/content/drive/MyDrive/SKRIPSI/cassava-lora/data/train/cbsd/train-cbsd-660.jpg,cbsd,1
/content/drive/MyDrive/SKRIPSI/cassava-lora/data/train/cbsd/train-cbsd-454.jpg,cbsd,1
/content/drive/MyDrive/SKRIPSI/cassava-lora/data/train/cmd/train-cmd-436.jpg,cmd,3
/content/drive/MyDrive/SKRIPSI/cassava-lora/data/train/cgm/train-cgm-33.jpg,cgm,2
/content/drive/MyDrive/SKRIPSI/cassava-lora/data/train/cbsd/train-cbsd-1245.jpg,cbsd,1
/content/drive/MyDrive/SKRIPSI/cassava-lora/data/train/cmd/train-cmd-2583.jpg,cmd,3
/content/drive/MyDrive/SKRIPSI/cassava-lora/data/train/cmd/train-cmd-1461.jpg,cmd,3
/content/drive/MyDrive/SKRIPSI/cassava-lora/data/train/cbsd/train-cbsd-209.jpg,cbsd,1
/content/drive/MyDrive/SKRIPSI/cassava-lora/data/train/cbsd/train-cbsd-847.jpg,cbsd,1
/content/drive/MyDrive/SKRIPSI/cassava-lora/data/train/cbsd/train-cbsd-988.jpg,cbsd,1
/content/drive/MyDrive/SKRIPSI/cassava-lora/data/train/cbb/train-cbb-420.jpg,cbb,0
/content/drive/MyDrive/SKRIPSI/cassava-lora/data/train/cbb/train-cbb-446.jpg,cbb,0
/content/drive/MyDrive/SKRIPSI/cassava-lora/data/train/healthy/train-healthy-156.jpg,healthy,4
/content/drive/MyDrive/SKRIPSI/cassava-lora/data/train/cbb/train-cbb-435.jpg,cbb,0
/content/drive/MyDrive/SKRIPSI/cassava-lora/data/train/cmd/train-cmd-622.jpg,cmd,3
/content/drive/MyDrive/SKRIPSI/cassava-lora/data/train/cmd/train-cmd-23.jpg,cmd,3
/content/drive/MyDrive/SKRIPSI/cassava-lora/data/train/cbsd/train-cbsd-1426.jpg,cbsd,1
/content/drive/MyDrive/SKRIPSI/cassava-lora/data/train/cmd/train-cmd-2056.jpg,cmd,3
/content/drive/MyDrive/SKRIPSI/cassava-lora/data/train/cmd/train-cmd-322.jpg,cmd,3
/content/drive/MyDrive/SKRIPSI/cassava-lora/data/train/cmd/train-cmd-1388.jpg,cmd,3
/content/drive/MyDrive/SKRIPSI/cassava-lora/data/train/cbsd/train-cbsd-907.jpg,cbsd,1
/content/drive/MyDrive/SKRIPSI/cassava-lora/data/train/cmd/train-cmd-172.jpg,cmd,3
/content/drive/MyDrive/SKRIPSI/cassava-lora/data/train/cmd/train-cmd-2346.jpg,cmd,3
/content/drive/MyDrive/SKRIPSI/cassava-lora/data/train/cgm/train-cgm-617.jpg,cgm,2
/content/drive/MyDrive/SKRIPSI/cassava-lora/data/train/cbsd/train-cbsd-1222.jpg,cbsd,1
/content/drive/MyDrive/SKRIPSI/cassava-lora/data/train/cgm/train-cgm-403.jpg,cgm,2
/content/drive/MyDrive/SKRIPSI/cassava-lora/data/train/cmd/train-cmd-947.jpg,cmd,3
/content/drive/MyDrive/SKRIPSI/cassava-lora/data/train/cbb/train-cbb-181.jpg,cbb,0
/content/drive/MyDrive/SKRIPSI/cassava-lora/data/train/cbsd/train-cbsd-62.jpg,cbsd,1
/content/drive/MyDrive/SKRIPSI/cassava-lora/data/train/cmd/train-cmd-1164.jpg,cmd,3
/content/drive/MyDrive/SKRIPSI/cassava-lora/data/train/cmd/train-cmd-1307.jpg,cmd,3
/content/drive/MyDrive/SKRIPSI/cassava-lora/data/train/cmd/train-cmd-2498.jpg,cmd,3
/content/drive/MyDrive/SKRIPSI/cassava-lora/data/train/cmd/train-cmd-385.jpg,cmd,3
/content/drive/MyDrive/SKRIPSI/cassava-lora/data/train/cmd/train-cmd-1444.jpg,cmd,3
/content/drive/MyDrive/SKRIPSI/cassava-lora/data/train/cmd/train-cmd-802.jpg,cmd,3
/content/drive/MyDrive/SKRIPSI/cassava-lora/data/train/cmd/train-cmd-1857.jpg,cmd,3
/content/drive/MyDrive/SKRIPSI/cassava-lora/data/train/cbb/train-cbb-342.jpg,cbb,0
/content/drive/MyDrive/SKRIPSI/cassava-lora/data/train/cbsd/train-cbsd-677.jpg,cbsd,1
/content/drive/MyDrive/SKRIPSI/cassava-lora/data/train/cmd/train-cmd-971.jpg,cmd,3
/content/drive/MyDrive/SKRIPSI/cassava-lora/data/train/cbsd/train-cbsd-1430.jpg,cbsd,1
/content/drive/MyDrive/SKRIPSI/cassava-lora/data/train/cmd/train-cmd-1596.jpg,cmd,3
/content/drive/MyDrive/SKRIPSI/cassava-lora/data/train/cmd/train-cmd-371.jpg,cmd,3
/content/drive/MyDrive/SKRIPSI/cassava-lora/data/train/cgm/train-cgm-671.jpg,cgm,2
/content/drive/MyDrive/SKRIPSI/cassava-lora/data/train/cmd/train-cmd-1406.jpg,cmd,3
/content/drive/MyDrive/SKRIPSI/cassava-lora/data/train/healthy/train-healthy-128.jpg,healthy,4
/content/drive/MyDrive/SKRIPSI/cassava-lora/data/train/cgm/train-cgm-95.jpg,cgm,2
/content/drive/MyDrive/SKRIPSI/cassava-lora/data/train/cbb/train-cbb-265.jpg,cbb,0
/content/drive/MyDrive/SKRIPSI/cassava-lora/data/train/cmd/train-cmd-2098.jpg,cmd,3
/content/drive/MyDrive/SKRIPSI/cassava-lora/data/train/cmd/train-cmd-1902.jpg,cmd,3
/content/drive/MyDrive/SKRIPSI/cassava-lora/data/train/cmd/train-cmd-533.jpg,cmd,3
/content/drive/MyDrive/SKRIPSI/cassava-lora/data/train/cmd/train-cmd-753.jpg,cmd,3
/content/drive/MyDrive/SKRIPSI/cassava-lora/data/train/cmd/train-cmd-2145.jpg,cmd,3
/content/drive/MyDrive/SKRIPSI/cassava-lora/data/train/cgm/train-cgm-708.jpg,cgm,2
/content/drive/MyDrive/SKRIPSI/cassava-lora/data/train/cmd/train-cmd-795.jpg,cmd,3
/content/drive/MyDrive/SKRIPSI/cassava-lora/data/train/healthy/train-healthy-184.jpg,healthy,4
/content/drive/MyDrive/SKRIPSI/cassava-lora/data/train/cgm/train-cgm-171.jpg,cgm,2
/content/drive/MyDrive/SKRIPSI/cassava-lora/data/train/cmd/train-cmd-836.jpg,cmd,3
/content/drive/MyDrive/SKRIPSI/cassava-lora/data/train/cgm/train-cgm-96.jpg,cgm,2
/content/drive/MyDrive/SKRIPSI/cassava-lora/data/train/cmd/train-cmd-745.jpg,cmd,3
/content/drive/MyDrive/SKRIPSI/cassava-lora/data/train/cgm/train-cgm-230.jpg,cgm,2
/content/drive/MyDrive/SKRIPSI/cassava-lora/data/train/cmd/train-cmd-844.jpg,cmd,3
/content/drive/MyDrive/SKRIPSI/cassava-lora/data/train/cmd/train-cmd-682.jpg,cmd,3
/content/drive/MyDrive/SKRIPSI/cassava-lora/data/train/cmd/train-cmd-1849.jpg,cmd,3
/content/drive/MyDrive/SKRIPSI/cassava-lora/data/train/cmd/train-cmd-1742.jpg,cmd,3
/content/drive/MyDrive/SKRIPSI/cassava-lora/data/train/healthy/train-healthy-33.jpg,healthy,4
/content/drive/MyDrive/SKRIPSI/cassava-lora/data/train/cgm/train-cgm-489.jpg,cgm,2
/content/drive/MyDrive/SKRIPSI/cassava-lora/data/train/healthy/train-healthy-97.jpg,healthy,4
/content/drive/MyDrive/SKRIPSI/cassava-lora/data/train/cmd/train-cmd-1415.jpg,cmd,3
/content/drive/MyDrive/SKRIPSI/cassava-lora/data/train/cbb/train-cbb-112.jpg,cbb,0
/content/drive/MyDrive/SKRIPSI/cassava-lora/data/train/cmd/train-cmd-1986.jpg,cmd,3
/content/drive/MyDrive/SKRIPSI/cassava-lora/data/train/cmd/train-cmd-1420.jpg,cmd,3
/content/drive/MyDrive/SKRIPSI/cassava-lora/data/train/cbsd/train-cbsd-166.jpg,cbsd,1
/content/drive/MyDrive/SKRIPSI/cassava-lora/data/train/cbsd/train-cbsd-5.jpg,cbsd,1
/content/drive/MyDrive/SKRIPSI/cassava-lora/data/train/cmd/train-cmd-2113.jpg,cmd,3
/content/drive/MyDrive/SKRIPSI/cassava-lora/data/train/cmd/train-cmd-2500.jpg,cmd,3
/content/drive/MyDrive/SKRIPSI/cassava-lora/data/train/cmd/train-cmd-896.jpg,cmd,3
/content/drive/MyDrive/SKRIPSI/cassava-lora/data/train/healthy/train-healthy-251.jpg,healthy,4
/content/drive/MyDrive/SKRIPSI/cassava-lora/data/train/cbsd/train-cbsd-301.jpg,cbsd,1
/content/drive/MyDrive/SKRIPSI/cassava-lora/data/train/cbsd/train-cbsd-1306.jpg,cbsd,1
/content/drive/MyDrive/SKRIPSI/cassava-lora/data/train/cmd/train-cmd-1472.jpg,cmd,3
/content/drive/MyDrive/SKRIPSI/cassava-lora/data/train/cmd/train-cmd-1203.jpg,cmd,3
/content/drive/MyDrive/SKRIPSI/cassava-lora/data/train/cbsd/train-cbsd-577.jpg,cbsd,1
/content/drive/MyDrive/SKRIPSI/cassava-lora/data/train/cmd/train-cmd-2009.jpg,cmd,3
/content/drive/MyDrive/SKRIPSI/cassava-lora/data/train/cmd/train-cmd-197.jpg,cmd,3
/content/drive/MyDrive/SKRIPSI/cassava-lora/data/train/healthy/train-healthy-89.jpg,healthy,4
/content/drive/MyDrive/SKRIPSI/cassava-lora/data/train/cbsd/train-cbsd-1187.jpg,cbsd,1
/content/drive/MyDrive/SKRIPSI/cassava-lora/data/train/cmd/train-cmd-1249.jpg,cmd,3
/content/drive/MyDrive/SKRIPSI/cassava-lora/data/train/cbsd/train-cbsd-1015.jpg,cbsd,1
/content/drive/MyDrive/SKRIPSI/cassava-lora/data/train/healthy/train-healthy-62.jpg,healthy,4
/content/drive/MyDrive/SKRIPSI/cassava-lora/data/train/cmd/train-cmd-544.jpg,cmd,3
/content/drive/MyDrive/SKRIPSI/cassava-lora/data/train/cgm/train-cgm-383.jpg,cgm,2
/content/drive/MyDrive/SKRIPSI/cassava-lora/data/train/cmd/train-cmd-1117.jpg,cmd,3
/content/drive/MyDrive/SKRIPSI/cassava-lora/data/train/cmd/train-cmd-733.jpg,cmd,3
/content/drive/MyDrive/SKRIPSI/cassava-lora/data/train/cbsd/train-cbsd-722.jpg,cbsd,1
/content/drive/MyDrive/SKRIPSI/cassava-lora/data/train/cbsd/train-cbsd-229.jpg,cbsd,1
/content/drive/MyDrive/SKRIPSI/cassava-lora/data/train/cmd/train-cmd-2039.jpg,cmd,3
/content/drive/MyDrive/SKRIPSI/cassava-lora/data/train/cbsd/train-cbsd-434.jpg,cbsd,1
/content/drive/MyDrive/SKRIPSI/cassava-lora/data/train/cbb/train-cbb-231.jpg,cbb,0
/content/drive/MyDrive/SKRIPSI/cassava-lora/data/train/cmd/train-cmd-212.jpg,cmd,3
/content/drive/MyDrive/SKRIPSI/cassava-lora/data/train/cbsd/train-cbsd-857.jpg,cbsd,1
/content/drive/MyDrive/SKRIPSI/cassava-lora/data/train/cbsd/train-cbsd-1046.jpg,cbsd,1
/content/drive/MyDrive/SKRIPSI/cassava-lora/data/train/cmd/train-cmd-1340.jpg,cmd,3
/content/drive/MyDrive/SKRIPSI/cassava-lora/data/train/cbsd/train-cbsd-202.jpg,cbsd,1
/content/drive/MyDrive/SKRIPSI/cassava-lora/data/train/cmd/train-cmd-2092.jpg,cmd,3
/content/drive/MyDrive/SKRIPSI/cassava-lora/data/train/cbsd/train-cbsd-651.jpg,cbsd,1
/content/drive/MyDrive/SKRIPSI/cassava-lora/data/train/cmd/train-cmd-608.jpg,cmd,3
/content/drive/MyDrive/SKRIPSI/cassava-lora/data/train/cgm/train-cgm-481.jpg,cgm,2
/content/drive/MyDrive/SKRIPSI/cassava-lora/data/train/cbsd/train-cbsd-1387.jpg,cbsd,1
/content/drive/MyDrive/SKRIPSI/cassava-lora/data/train/cgm/train-cgm-591.jpg,cgm,2
/content/drive/MyDrive/SKRIPSI/cassava-lora/data/train/cbsd/train-cbsd-134.jpg,cbsd,1
/content/drive/MyDrive/SKRIPSI/cassava-lora/data/train/cgm/train-cgm-629.jpg,cgm,2
/content/drive/MyDrive/SKRIPSI/cassava-lora/data/train/cmd/train-cmd-673.jpg,cmd,3
/content/drive/MyDrive/SKRIPSI/cassava-lora/data/train/cmd/train-cmd-2067.jpg,cmd,3
/content/drive/MyDrive/SKRIPSI/cassava-lora/data/train/cbsd/train-cbsd-1414.jpg,cbsd,1
/content/drive/MyDrive/SKRIPSI/cassava-lora/data/train/cmd/train-cmd-1462.jpg,cmd,3
/content/drive/MyDrive/SKRIPSI/cassava-lora/data/train/cmd/train-cmd-2211.jpg,cmd,3
/content/drive/MyDrive/SKRIPSI/cassava-lora/data/train/cmd/train-cmd-974.jpg,cmd,3
/content/drive/MyDrive/SKRIPSI/cassava-lora/data/train/cbsd/train-cbsd-1360.jpg,cbsd,1
/content/drive/MyDrive/SKRIPSI/cassava-lora/data/train/cmd/train-cmd-2222.jpg,cmd,3
/content/drive/MyDrive/SKRIPSI/cassava-lora/data/train/cmd/train-cmd-241.jpg,cmd,3
/content/drive/MyDrive/SKRIPSI/cassava-lora/data/train/cgm/train-cgm-758.jpg,cgm,2
/content/drive/MyDrive/SKRIPSI/cassava-lora/data/train/cbsd/train-cbsd-314.jpg,cbsd,1
/content/drive/MyDrive/SKRIPSI/cassava-lora/data/train/cmd/train-cmd-1782.jpg,cmd,3
/content/drive/MyDrive/SKRIPSI/cassava-lora/data/train/cmd/train-cmd-584.jpg,cmd,3
/content/drive/MyDrive/SKRIPSI/cassava-lora/data/train/cmd/train-cmd-458.jpg,cmd,3
/content/drive/MyDrive/SKRIPSI/cassava-lora/data/train/cbsd/train-cbsd-538.jpg,cbsd,1
/content/drive/MyDrive/SKRIPSI/cassava-lora/data/train/cmd/train-cmd-1076.jpg,cmd,3
/content/drive/MyDrive/SKRIPSI/cassava-lora/data/train/cgm/train-cgm-505.jpg,cgm,2
/content/drive/MyDrive/SKRIPSI/cassava-lora/data/train/cbsd/train-cbsd-323.jpg,cbsd,1
/content/drive/MyDrive/SKRIPSI/cassava-lora/data/train/cgm/train-cgm-751.jpg,cgm,2
/content/drive/MyDrive/SKRIPSI/cassava-lora/data/train/cmd/train-cmd-925.jpg,cmd,3
/content/drive/MyDrive/SKRIPSI/cassava-lora/data/train/cbsd/train-cbsd-583.jpg,cbsd,1
/content/drive/MyDrive/SKRIPSI/cassava-lora/data/train/cbb/train-cbb-80.jpg,cbb,0
/content/drive/MyDrive/SKRIPSI/cassava-lora/data/train/cbsd/train-cbsd-1063.jpg,cbsd,1
/content/drive/MyDrive/SKRIPSI/cassava-lora/data/train/cgm/train-cgm-374.jpg,cgm,2
/content/drive/MyDrive/SKRIPSI/cassava-lora/data/train/cgm/train-cgm-84.jpg,cgm,2
/content/drive/MyDrive/SKRIPSI/cassava-lora/data/train/healthy/train-healthy-246.jpg,healthy,4
/content/drive/MyDrive/SKRIPSI/cassava-lora/data/train/cmd/train-cmd-1023.jpg,cmd,3
/content/drive/MyDrive/SKRIPSI/cassava-lora/data/train/cmd/train-cmd-2195.jpg,cmd,3
/content/drive/MyDrive/SKRIPSI/cassava-lora/data/train/cgm/train-cgm-32.jpg,cgm,2
/content/drive/MyDrive/SKRIPSI/cassava-lora/data/train/cgm/train-cgm-696.jpg,cgm,2
/content/drive/MyDrive/SKRIPSI/cassava-lora/data/train/cmd/train-cmd-1292.jpg,cmd,3
/content/drive/MyDrive/SKRIPSI/cassava-lora/data/train/cmd/train-cmd-1664.jpg,cmd,3
/content/drive/MyDrive/SKRIPSI/cassava-lora/data/train/cgm/train-cgm-684.jpg,cgm,2
/content/drive/MyDrive/SKRIPSI/cassava-lora/data/train/healthy/train-healthy-277.jpg,healthy,4
/content/drive/MyDrive/SKRIPSI/cassava-lora/data/train/cmd/train-cmd-354.jpg,cmd,3
/content/drive/MyDrive/SKRIPSI/cassava-lora/data/train/cgm/train-cgm-500.jpg,cgm,2
/content/drive/MyDrive/SKRIPSI/cassava-lora/data/train/cmd/train-cmd-615.jpg,cmd,3
/content/drive/MyDrive/SKRIPSI/cassava-lora/data/train/cbsd/train-cbsd-1288.jpg,cbsd,1
/content/drive/MyDrive/SKRIPSI/cassava-lora/data/train/cmd/train-cmd-1004.jpg,cmd,3
/content/drive/MyDrive/SKRIPSI/cassava-lora/data/train/cbsd/train-cbsd-244.jpg,cbsd,1
/content/drive/MyDrive/SKRIPSI/cassava-lora/data/train/cbsd/train-cbsd-1331.jpg,cbsd,1
/content/drive/MyDrive/SKRIPSI/cassava-lora/data/train/cbsd/train-cbsd-1251.jpg,cbsd,1
/content/drive/MyDrive/SKRIPSI/cassava-lora/data/train/cmd/train-cmd-330.jpg,cmd,3
/content/drive/MyDrive/SKRIPSI/cassava-lora/data/train/cbsd/train-cbsd-1324.jpg,cbsd,1
/content/drive/MyDrive/SKRIPSI/cassava-lora/data/train/cbsd/train-cbsd-1.jpg,cbsd,1
/content/drive/MyDrive/SKRIPSI/cassava-lora/data/train/cgm/train-cgm-26.jpg,cgm,2
/content/drive/MyDrive/SKRIPSI/cassava-lora/data/train/cmd/train-cmd-1635.jpg,cmd,3
/content/drive/MyDrive/SKRIPSI/cassava-lora/data/train/cmd/train-cmd-1199.jpg,cmd,3
/content/drive/MyDrive/SKRIPSI/cassava-lora/data/train/cgm/train-cgm-322.jpg,cgm,2
/content/drive/MyDrive/SKRIPSI/cassava-lora/data/train/healthy/train-healthy-147.jpg,healthy,4
/content/drive/MyDrive/SKRIPSI/cassava-lora/data/train/cmd/train-cmd-939.jpg,cmd,3
/content/drive/MyDrive/SKRIPSI/cassava-lora/data/train/cbsd/train-cbsd-211.jpg,cbsd,1
/content/drive/MyDrive/SKRIPSI/cassava-lora/data/train/cbsd/train-cbsd-633.jpg,cbsd,1
/content/drive/MyDrive/SKRIPSI/cassava-lora/data/train/cmd/train-cmd-1509.jpg,cmd,3
/content/drive/MyDrive/SKRIPSI/cassava-lora/data/train/cbsd/train-cbsd-602.jpg,cbsd,1
/content/drive/MyDrive/SKRIPSI/cassava-lora/data/train/cbsd/train-cbsd-1202.jpg,cbsd,1
/content/drive/MyDrive/SKRIPSI/cassava-lora/data/train/cbsd/train-cbsd-373.jpg,cbsd,1
/content/drive/MyDrive/SKRIPSI/cassava-lora/data/train/cmd/train-cmd-2070.jpg,cmd,3
/content/drive/MyDrive/SKRIPSI/cassava-lora/data/train/cmd/train-cmd-238.jpg,cmd,3
/content/drive/MyDrive/SKRIPSI/cassava-lora/data/train/healthy/train-healthy-177.jpg,healthy,4
/content/drive/MyDrive/SKRIPSI/cassava-lora/data/train/cmd/train-cmd-506.jpg,cmd,3
/content/drive/MyDrive/SKRIPSI/cassava-lora/data/train/cgm/train-cgm-220.jpg,cgm,2
/content/drive/MyDrive/SKRIPSI/cassava-lora/data/train/cbsd/train-cbsd-1309.jpg,cbsd,1
/content/drive/MyDrive/SKRIPSI/cassava-lora/data/train/cgm/train-cgm-713.jpg,cgm,2
/content/drive/MyDrive/SKRIPSI/cassava-lora/data/train/cmd/train-cmd-716.jpg,cmd,3
/content/drive/MyDrive/SKRIPSI/cassava-lora/data/train/cgm/train-cgm-256.jpg,cgm,2
/content/drive/MyDrive/SKRIPSI/cassava-lora/data/train/cbsd/train-cbsd-340.jpg,cbsd,1
/content/drive/MyDrive/SKRIPSI/cassava-lora/data/train/cmd/train-cmd-2625.jpg,cmd,3
/content/drive/MyDrive/SKRIPSI/cassava-lora/data/train/cbsd/train-cbsd-1125.jpg,cbsd,1
/content/drive/MyDrive/SKRIPSI/cassava-lora/data/train/healthy/train-healthy-210.jpg,healthy,4
/content/drive/MyDrive/SKRIPSI/cassava-lora/data/train/healthy/train-healthy-139.jpg,healthy,4
/content/drive/MyDrive/SKRIPSI/cassava-lora/data/train/cbsd/train-cbsd-1415.jpg,cbsd,1
/content/drive/MyDrive/SKRIPSI/cassava-lora/data/train/healthy/train-healthy-91.jpg,healthy,4
/content/drive/MyDrive/SKRIPSI/cassava-lora/data/train/cmd/train-cmd-1648.jpg,cmd,3
/content/drive/MyDrive/SKRIPSI/cassava-lora/data/train/cbsd/train-cbsd-272.jpg,cbsd,1
/content/drive/MyDrive/SKRIPSI/cassava-lora/data/train/cbsd/train-cbsd-817.jpg,cbsd,1
/content/drive/MyDrive/SKRIPSI/cassava-lora/data/train/cmd/train-cmd-2446.jpg,cmd,3
/content/drive/MyDrive/SKRIPSI/cassava-lora/data/train/cbsd/train-cbsd-388.jpg,cbsd,1
/content/drive/MyDrive/SKRIPSI/cassava-lora/data/train/cbsd/train-cbsd-1290.jpg,cbsd,1
/content/drive/MyDrive/SKRIPSI/cassava-lora/data/train/cmd/train-cmd-942.jpg,cmd,3
/content/drive/MyDrive/SKRIPSI/cassava-lora/data/train/cmd/train-cmd-1537.jpg,cmd,3
/content/drive/MyDrive/SKRIPSI/cassava-lora/data/train/cmd/train-cmd-989.jpg,cmd,3
/content/drive/MyDrive/SKRIPSI/cassava-lora/data/train/cmd/train-cmd-2354.jpg,cmd,3
/content/drive/MyDrive/SKRIPSI/cassava-lora/data/train/cmd/train-cmd-270.jpg,cmd,3
/content/drive/MyDrive/SKRIPSI/cassava-lora/data/train/cmd/train-cmd-501.jpg,cmd,3
/content/drive/MyDrive/SKRIPSI/cassava-lora/data/train/cmd/train-cmd-292.jpg,cmd,3
/content/drive/MyDrive/SKRIPSI/cassava-lora/data/train/cmd/train-cmd-1934.jpg,cmd,3
/content/drive/MyDrive/SKRIPSI/cassava-lora/data/train/cmd/train-cmd-1796.jpg,cmd,3
/content/drive/MyDrive/SKRIPSI/cassava-lora/data/train/cbsd/train-cbsd-435.jpg,cbsd,1
/content/drive/MyDrive/SKRIPSI/cassava-lora/data/train/cbsd/train-cbsd-318.jpg,cbsd,1
/content/drive/MyDrive/SKRIPSI/cassava-lora/data/train/cmd/train-cmd-2133.jpg,cmd,3
/content/drive/MyDrive/SKRIPSI/cassava-lora/data/train/cmd/train-cmd-1766.jpg,cmd,3
/content/drive/MyDrive/SKRIPSI/cassava-lora/data/train/cbsd/train-cbsd-576.jpg,cbsd,1
/content/drive/MyDrive/SKRIPSI/cassava-lora/data/train/cbsd/train-cbsd-947.jpg,cbsd,1
/content/drive/MyDrive/SKRIPSI/cassava-lora/data/train/cmd/train-cmd-1159.jpg,cmd,3
/content/drive/MyDrive/SKRIPSI/cassava-lora/data/train/cbsd/train-cbsd-827.jpg,cbsd,1
/content/drive/MyDrive/SKRIPSI/cassava-lora/data/train/healthy/train-healthy-102.jpg,healthy,4
/content/drive/MyDrive/SKRIPSI/cassava-lora/data/train/cmd/train-cmd-601.jpg,cmd,3
/content/drive/MyDrive/SKRIPSI/cassava-lora/data/train/cgm/train-cgm-389.jpg,cgm,2
/content/drive/MyDrive/SKRIPSI/cassava-lora/data/train/cmd/train-cmd-1702.jpg,cmd,3
/content/drive/MyDrive/SKRIPSI/cassava-lora/data/train/cbb/train-cbb-209.jpg,cbb,0
/content/drive/MyDrive/SKRIPSI/cassava-lora/data/train/cbsd/train-cbsd-668.jpg,cbsd,1
/content/drive/MyDrive/SKRIPSI/cassava-lora/data/train/cmd/train-cmd-2533.jpg,cmd,3
/content/drive/MyDrive/SKRIPSI/cassava-lora/data/train/cbsd/train-cbsd-114.jpg,cbsd,1
/content/drive/MyDrive/SKRIPSI/cassava-lora/data/train/healthy/train-healthy-294.jpg,healthy,4
/content/drive/MyDrive/SKRIPSI/cassava-lora/data/train/cmd/train-cmd-975.jpg,cmd,3
/content/drive/MyDrive/SKRIPSI/cassava-lora/data/train/cgm/train-cgm-295.jpg,cgm,2
/content/drive/MyDrive/SKRIPSI/cassava-lora/data/train/cmd/train-cmd-2448.jpg,cmd,3
/content/drive/MyDrive/SKRIPSI/cassava-lora/data/train/cmd/train-cmd-1279.jpg,cmd,3
/content/drive/MyDrive/SKRIPSI/cassava-lora/data/train/cmd/train-cmd-1132.jpg,cmd,3
/content/drive/MyDrive/SKRIPSI/cassava-lora/data/train/cmd/train-cmd-2265.jpg,cmd,3
/content/drive/MyDrive/SKRIPSI/cassava-lora/data/train/cmd/train-cmd-487.jpg,cmd,3
/content/drive/MyDrive/SKRIPSI/cassava-lora/data/train/cmd/train-cmd-2418.jpg,cmd,3
/content/drive/MyDrive/SKRIPSI/cassava-lora/data/train/cgm/train-cgm-709.jpg,cgm,2
/content/drive/MyDrive/SKRIPSI/cassava-lora/data/train/cbb/train-cbb-277.jpg,cbb,0
/content/drive/MyDrive/SKRIPSI/cassava-lora/data/train/cmd/train-cmd-1681.jpg,cmd,3
/content/drive/MyDrive/SKRIPSI/cassava-lora/data/train/cmd/train-cmd-793.jpg,cmd,3
/content/drive/MyDrive/SKRIPSI/cassava-lora/data/train/cmd/train-cmd-2177.jpg,cmd,3
/content/drive/MyDrive/SKRIPSI/cassava-lora/data/train/cbsd/train-cbsd-1023.jpg,cbsd,1
/content/drive/MyDrive/SKRIPSI/cassava-lora/data/train/cmd/train-cmd-2619.jpg,cmd,3
/content/drive/MyDrive/SKRIPSI/cassava-lora/data/train/cgm/train-cgm-254.jpg,cgm,2
/content/drive/MyDrive/SKRIPSI/cassava-lora/data/train/cbsd/train-cbsd-262.jpg,cbsd,1
/content/drive/MyDrive/SKRIPSI/cassava-lora/data/train/healthy/train-healthy-0.jpg,healthy,4
/content/drive/MyDrive/SKRIPSI/cassava-lora/data/train/cmd/train-cmd-713.jpg,cmd,3
/content/drive/MyDrive/SKRIPSI/cassava-lora/data/train/cgm/train-cgm-714.jpg,cgm,2
/content/drive/MyDrive/SKRIPSI/cassava-lora/data/train/cgm/train-cgm-52.jpg,cgm,2
/content/drive/MyDrive/SKRIPSI/cassava-lora/data/train/cbsd/train-cbsd-17.jpg,cbsd,1
/content/drive/MyDrive/SKRIPSI/cassava-lora/data/train/cbb/train-cbb-284.jpg,cbb,0
/content/drive/MyDrive/SKRIPSI/cassava-lora/data/train/cbsd/train-cbsd-892.jpg,cbsd,1
/content/drive/MyDrive/SKRIPSI/cassava-lora/data/train/cmd/train-cmd-1001.jpg,cmd,3
/content/drive/MyDrive/SKRIPSI/cassava-lora/data/train/cmd/train-cmd-1105.jpg,cmd,3
/content/drive/MyDrive/SKRIPSI/cassava-lora/data/train/cbsd/train-cbsd-530.jpg,cbsd,1
/content/drive/MyDrive/SKRIPSI/cassava-lora/data/train/cmd/train-cmd-2352.jpg,cmd,3
/content/drive/MyDrive/SKRIPSI/cassava-lora/data/train/cmd/train-cmd-2131.jpg,cmd,3
/content/drive/MyDrive/SKRIPSI/cassava-lora/data/train/cgm/train-cgm-460.jpg,cgm,2
/content/drive/MyDrive/SKRIPSI/cassava-lora/data/train/cbsd/train-cbsd-477.jpg,cbsd,1
/content/drive/MyDrive/SKRIPSI/cassava-lora/data/train/cbsd/train-cbsd-810.jpg,cbsd,1
/content/drive/MyDrive/SKRIPSI/cassava-lora/data/train/cmd/train-cmd-1173.jpg,cmd,3
/content/drive/MyDrive/SKRIPSI/cassava-lora/data/train/cmd/train-cmd-2325.jpg,cmd,3
/content/drive/MyDrive/SKRIPSI/cassava-lora/data/train/cmd/train-cmd-1945.jpg,cmd,3
/content/drive/MyDrive/SKRIPSI/cassava-lora/data/train/cmd/train-cmd-25.jpg,cmd,3
/content/drive/MyDrive/SKRIPSI/cassava-lora/data/train/cbsd/train-cbsd-744.jpg,cbsd,1
/content/drive/MyDrive/SKRIPSI/cassava-lora/data/train/cbb/train-cbb-419.jpg,cbb,0
/content/drive/MyDrive/SKRIPSI/cassava-lora/data/train/cmd/train-cmd-609.jpg,cmd,3
/content/drive/MyDrive/SKRIPSI/cassava-lora/data/train/cmd/train-cmd-1609.jpg,cmd,3
/content/drive/MyDrive/SKRIPSI/cassava-lora/data/train/cbsd/train-cbsd-408.jpg,cbsd,1
/content/drive/MyDrive/SKRIPSI/cassava-lora/data/train/cmd/train-cmd-2569.jpg,cmd,3
/content/drive/MyDrive/SKRIPSI/cassava-lora/data/train/cbsd/train-cbsd-875.jpg,cbsd,1
/content/drive/MyDrive/SKRIPSI/cassava-lora/data/train/cmd/train-cmd-1102.jpg,cmd,3
/content/drive/MyDrive/SKRIPSI/cassava-lora/data/train/cmd/train-cmd-428.jpg,cmd,3
/content/drive/MyDrive/SKRIPSI/cassava-lora/data/train/cbsd/train-cbsd-45.jpg,cbsd,1
/content/drive/MyDrive/SKRIPSI/cassava-lora/data/train/healthy/train-healthy-247.jpg,healthy,4
/content/drive/MyDrive/SKRIPSI/cassava-lora/data/train/cgm/train-cgm-357.jpg,cgm,2
/content/drive/MyDrive/SKRIPSI/cassava-lora/data/train/cgm/train-cgm-158.jpg,cgm,2
/content/drive/MyDrive/SKRIPSI/cassava-lora/data/train/cgm/train-cgm-65.jpg,cgm,2
/content/drive/MyDrive/SKRIPSI/cassava-lora/data/train/healthy/train-healthy-243.jpg,healthy,4
/content/drive/MyDrive/SKRIPSI/cassava-lora/data/train/cbsd/train-cbsd-944.jpg,cbsd,1
/content/drive/MyDrive/SKRIPSI/cassava-lora/data/train/cgm/train-cgm-421.jpg,cgm,2
/content/drive/MyDrive/SKRIPSI/cassava-lora/data/train/cmd/train-cmd-1703.jpg,cmd,3
/content/drive/MyDrive/SKRIPSI/cassava-lora/data/train/cbb/train-cbb-5.jpg,cbb,0
/content/drive/MyDrive/SKRIPSI/cassava-lora/data/train/cmd/train-cmd-2321.jpg,cmd,3
/content/drive/MyDrive/SKRIPSI/cassava-lora/data/train/cbb/train-cbb-423.jpg,cbb,0
/content/drive/MyDrive/SKRIPSI/cassava-lora/data/train/cbsd/train-cbsd-532.jpg,cbsd,1
/content/drive/MyDrive/SKRIPSI/cassava-lora/data/train/cbsd/train-cbsd-594.jpg,cbsd,1
/content/drive/MyDrive/SKRIPSI/cassava-lora/data/train/healthy/train-healthy-64.jpg,healthy,4
/content/drive/MyDrive/SKRIPSI/cassava-lora/data/train/healthy/train-healthy-18.jpg,healthy,4
/content/drive/MyDrive/SKRIPSI/cassava-lora/data/train/cbsd/train-cbsd-1257.jpg,cbsd,1
/content/drive/MyDrive/SKRIPSI/cassava-lora/data/train/cmd/train-cmd-1807.jpg,cmd,3
/content/drive/MyDrive/SKRIPSI/cassava-lora/data/train/cmd/train-cmd-820.jpg,cmd,3
/content/drive/MyDrive/SKRIPSI/cassava-lora/data/train/cmd/train-cmd-726.jpg,cmd,3
/content/drive/MyDrive/SKRIPSI/cassava-lora/data/train/cbsd/train-cbsd-832.jpg,cbsd,1
/content/drive/MyDrive/SKRIPSI/cassava-lora/data/train/cbsd/train-cbsd-1002.jpg,cbsd,1
/content/drive/MyDrive/SKRIPSI/cassava-lora/data/train/cbsd/train-cbsd-864.jpg,cbsd,1
/content/drive/MyDrive/SKRIPSI/cassava-lora/data/train/healthy/train-healthy-301.jpg,healthy,4
/content/drive/MyDrive/SKRIPSI/cassava-lora/data/train/healthy/train-healthy-150.jpg,healthy,4
/content/drive/MyDrive/SKRIPSI/cassava-lora/data/train/cbb/train-cbb-458.jpg,cbb,0
/content/drive/MyDrive/SKRIPSI/cassava-lora/data/train/cbsd/train-cbsd-80.jpg,cbsd,1
/content/drive/MyDrive/SKRIPSI/cassava-lora/data/train/cbsd/train-cbsd-226.jpg,cbsd,1
/content/drive/MyDrive/SKRIPSI/cassava-lora/data/train/cbsd/train-cbsd-754.jpg,cbsd,1
/content/drive/MyDrive/SKRIPSI/cassava-lora/data/train/cbsd/train-cbsd-801.jpg,cbsd,1
/content/drive/MyDrive/SKRIPSI/cassava-lora/data/train/cmd/train-cmd-205.jpg,cmd,3
/content/drive/MyDrive/SKRIPSI/cassava-lora/data/train/cmd/train-cmd-935.jpg,cmd,3
/content/drive/MyDrive/SKRIPSI/cassava-lora/data/train/cbsd/train-cbsd-716.jpg,cbsd,1
/content/drive/MyDrive/SKRIPSI/cassava-lora/data/train/cgm/train-cgm-590.jpg,cgm,2
/content/drive/MyDrive/SKRIPSI/cassava-lora/data/train/healthy/train-healthy-200.jpg,healthy,4
/content/drive/MyDrive/SKRIPSI/cassava-lora/data/train/cbsd/train-cbsd-1217.jpg,cbsd,1
/content/drive/MyDrive/SKRIPSI/cassava-lora/data/train/cmd/train-cmd-1923.jpg,cmd,3
/content/drive/MyDrive/SKRIPSI/cassava-lora/data/train/cbsd/train-cbsd-657.jpg,cbsd,1
/content/drive/MyDrive/SKRIPSI/cassava-lora/data/train/healthy/train-healthy-186.jpg,healthy,4
/content/drive/MyDrive/SKRIPSI/cassava-lora/data/train/cbb/train-cbb-104.jpg,cbb,0
/content/drive/MyDrive/SKRIPSI/cassava-lora/data/train/cbb/train-cbb-384.jpg,cbb,0
/content/drive/MyDrive/SKRIPSI/cassava-lora/data/train/cgm/train-cgm-675.jpg,cgm,2
/content/drive/MyDrive/SKRIPSI/cassava-lora/data/train/cmd/train-cmd-1373.jpg,cmd,3
/content/drive/MyDrive/SKRIPSI/cassava-lora/data/train/cbsd/train-cbsd-282.jpg,cbsd,1
/content/drive/MyDrive/SKRIPSI/cassava-lora/data/train/cmd/train-cmd-1187.jpg,cmd,3
/content/drive/MyDrive/SKRIPSI/cassava-lora/data/train/cmd/train-cmd-1862.jpg,cmd,3
/content/drive/MyDrive/SKRIPSI/cassava-lora/data/train/cbb/train-cbb-130.jpg,cbb,0
/content/drive/MyDrive/SKRIPSI/cassava-lora/data/train/cbsd/train-cbsd-1370.jpg,cbsd,1
/content/drive/MyDrive/SKRIPSI/cassava-lora/data/train/cmd/train-cmd-1026.jpg,cmd,3
/content/drive/MyDrive/SKRIPSI/cassava-lora/data/train/cbsd/train-cbsd-936.jpg,cbsd,1
/content/drive/MyDrive/SKRIPSI/cassava-lora/data/train/cgm/train-cgm-243.jpg,cgm,2
/content/drive/MyDrive/SKRIPSI/cassava-lora/data/train/cmd/train-cmd-1368.jpg,cmd,3
/content/drive/MyDrive/SKRIPSI/cassava-lora/data/train/cgm/train-cgm-664.jpg,cgm,2
/content/drive/MyDrive/SKRIPSI/cassava-lora/data/train/cmd/train-cmd-2184.jpg,cmd,3
/content/drive/MyDrive/SKRIPSI/cassava-lora/data/train/cbsd/train-cbsd-196.jpg,cbsd,1
/content/drive/MyDrive/SKRIPSI/cassava-lora/data/train/cmd/train-cmd-762.jpg,cmd,3
/content/drive/MyDrive/SKRIPSI/cassava-lora/data/train/cmd/train-cmd-950.jpg,cmd,3
/content/drive/MyDrive/SKRIPSI/cassava-lora/data/train/cmd/train-cmd-951.jpg,cmd,3
/content/drive/MyDrive/SKRIPSI/cassava-lora/data/train/cmd/train-cmd-2525.jpg,cmd,3
/content/drive/MyDrive/SKRIPSI/cassava-lora/data/train/cbsd/train-cbsd-1154.jpg,cbsd,1
/content/drive/MyDrive/SKRIPSI/cassava-lora/data/train/cbsd/train-cbsd-381.jpg,cbsd,1
/content/drive/MyDrive/SKRIPSI/cassava-lora/data/train/cmd/train-cmd-1826.jpg,cmd,3
/content/drive/MyDrive/SKRIPSI/cassava-lora/data/train/cmd/train-cmd-1141.jpg,cmd,3
/content/drive/MyDrive/SKRIPSI/cassava-lora/data/train/cmd/train-cmd-86.jpg,cmd,3
/content/drive/MyDrive/SKRIPSI/cassava-lora/data/train/cmd/train-cmd-2364.jpg,cmd,3
/content/drive/MyDrive/SKRIPSI/cassava-lora/data/train/cmd/train-cmd-1865.jpg,cmd,3
/content/drive/MyDrive/SKRIPSI/cassava-lora/data/train/cmd/train-cmd-1957.jpg,cmd,3
/content/drive/MyDrive/SKRIPSI/cassava-lora/data/train/cmd/train-cmd-737.jpg,cmd,3
/content/drive/MyDrive/SKRIPSI/cassava-lora/data/train/healthy/train-healthy-15.jpg,healthy,4
/content/drive/MyDrive/SKRIPSI/cassava-lora/data/train/cmd/train-cmd-1615.jpg,cmd,3
/content/drive/MyDrive/SKRIPSI/cassava-lora/data/train/cbb/train-cbb-54.jpg,cbb,0
/content/drive/MyDrive/SKRIPSI/cassava-lora/data/train/cmd/train-cmd-791.jpg,cmd,3
/content/drive/MyDrive/SKRIPSI/cassava-lora/data/train/cgm/train-cgm-731.jpg,cgm,2
/content/drive/MyDrive/SKRIPSI/cassava-lora/data/train/healthy/train-healthy-72.jpg,healthy,4
/content/drive/MyDrive/SKRIPSI/cassava-lora/data/train/cmd/train-cmd-2178.jpg,cmd,3
/content/drive/MyDrive/SKRIPSI/cassava-lora/data/train/cgm/train-cgm-669.jpg,cgm,2
/content/drive/MyDrive/SKRIPSI/cassava-lora/data/train/cmd/train-cmd-1572.jpg,cmd,3
/content/drive/MyDrive/SKRIPSI/cassava-lora/data/train/cbsd/train-cbsd-400.jpg,cbsd,1
/content/drive/MyDrive/SKRIPSI/cassava-lora/data/train/cmd/train-cmd-398.jpg,cmd,3
/content/drive/MyDrive/SKRIPSI/cassava-lora/data/train/cgm/train-cgm-17.jpg,cgm,2
/content/drive/MyDrive/SKRIPSI/cassava-lora/data/train/cmd/train-cmd-2493.jpg,cmd,3
/content/drive/MyDrive/SKRIPSI/cassava-lora/data/train/cgm/train-cgm-524.jpg,cgm,2
/content/drive/MyDrive/SKRIPSI/cassava-lora/data/train/cmd/train-cmd-313.jpg,cmd,3
/content/drive/MyDrive/SKRIPSI/cassava-lora/data/train/cbsd/train-cbsd-53.jpg,cbsd,1
/content/drive/MyDrive/SKRIPSI/cassava-lora/data/train/cmd/train-cmd-2657.jpg,cmd,3
/content/drive/MyDrive/SKRIPSI/cassava-lora/data/train/cbsd/train-cbsd-563.jpg,cbsd,1
/content/drive/MyDrive/SKRIPSI/cassava-lora/data/train/cmd/train-cmd-373.jpg,cmd,3
/content/drive/MyDrive/SKRIPSI/cassava-lora/data/train/cmd/train-cmd-1695.jpg,cmd,3
/content/drive/MyDrive/SKRIPSI/cassava-lora/data/train/cbb/train-cbb-273.jpg,cbb,0
/content/drive/MyDrive/SKRIPSI/cassava-lora/data/train/cgm/train-cgm-98.jpg,cgm,2
/content/drive/MyDrive/SKRIPSI/cassava-lora/data/train/cmd/train-cmd-1372.jpg,cmd,3
/content/drive/MyDrive/SKRIPSI/cassava-lora/data/train/cbsd/train-cbsd-256.jpg,cbsd,1
/content/drive/MyDrive/SKRIPSI/cassava-lora/data/train/cmd/train-cmd-1442.jpg,cmd,3
/content/drive/MyDrive/SKRIPSI/cassava-lora/data/train/cmd/train-cmd-949.jpg,cmd,3
/content/drive/MyDrive/SKRIPSI/cassava-lora/data/train/cmd/train-cmd-1999.jpg,cmd,3
/content/drive/MyDrive/SKRIPSI/cassava-lora/data/train/cmd/train-cmd-2242.jpg,cmd,3
/content/drive/MyDrive/SKRIPSI/cassava-lora/data/train/cbb/train-cbb-465.jpg,cbb,0
/content/drive/MyDrive/SKRIPSI/cassava-lora/data/train/cmd/train-cmd-1837.jpg,cmd,3
/content/drive/MyDrive/SKRIPSI/cassava-lora/data/train/cmd/train-cmd-991.jpg,cmd,3
/content/drive/MyDrive/SKRIPSI/cassava-lora/data/train/cmd/train-cmd-518.jpg,cmd,3
/content/drive/MyDrive/SKRIPSI/cassava-lora/data/train/cbsd/train-cbsd-1304.jpg,cbsd,1
/content/drive/MyDrive/SKRIPSI/cassava-lora/data/train/cgm/train-cgm-305.jpg,cgm,2
/content/drive/MyDrive/SKRIPSI/cassava-lora/data/train/cmd/train-cmd-885.jpg,cmd,3
/content/drive/MyDrive/SKRIPSI/cassava-lora/data/train/cmd/train-cmd-375.jpg,cmd,3
/content/drive/MyDrive/SKRIPSI/cassava-lora/data/train/healthy/train-healthy-43.jpg,healthy,4
/content/drive/MyDrive/SKRIPSI/cassava-lora/data/train/cbsd/train-cbsd-606.jpg,cbsd,1
/content/drive/MyDrive/SKRIPSI/cassava-lora/data/train/cmd/train-cmd-1028.jpg,cmd,3
/content/drive/MyDrive/SKRIPSI/cassava-lora/data/train/cbb/train-cbb-373.jpg,cbb,0
/content/drive/MyDrive/SKRIPSI/cassava-lora/data/train/cgm/train-cgm-60.jpg,cgm,2
/content/drive/MyDrive/SKRIPSI/cassava-lora/data/train/cbsd/train-cbsd-160.jpg,cbsd,1
/content/drive/MyDrive/SKRIPSI/cassava-lora/data/train/healthy/train-healthy-111.jpg,healthy,4
/content/drive/MyDrive/SKRIPSI/cassava-lora/data/train/cgm/train-cgm-235.jpg,cgm,2
/content/drive/MyDrive/SKRIPSI/cassava-lora/data/train/cbsd/train-cbsd-752.jpg,cbsd,1
/content/drive/MyDrive/SKRIPSI/cassava-lora/data/train/cmd/train-cmd-637.jpg,cmd,3
/content/drive/MyDrive/SKRIPSI/cassava-lora/data/train/cmd/train-cmd-2179.jpg,cmd,3
/content/drive/MyDrive/SKRIPSI/cassava-lora/data/train/cgm/train-cgm-442.jpg,cgm,2
/content/drive/MyDrive/SKRIPSI/cassava-lora/data/train/healthy/train-healthy-262.jpg,healthy,4
/content/drive/MyDrive/SKRIPSI/cassava-lora/data/train/healthy/train-healthy-23.jpg,healthy,4
/content/drive/MyDrive/SKRIPSI/cassava-lora/data/train/cbsd/train-cbsd-290.jpg,cbsd,1
/content/drive/MyDrive/SKRIPSI/cassava-lora/data/train/cmd/train-cmd-1948.jpg,cmd,3
/content/drive/MyDrive/SKRIPSI/cassava-lora/data/train/cmd/train-cmd-1698.jpg,cmd,3
/content/drive/MyDrive/SKRIPSI/cassava-lora/data/train/cmd/train-cmd-1177.jpg,cmd,3
/content/drive/MyDrive/SKRIPSI/cassava-lora/data/train/cmd/train-cmd-2074.jpg,cmd,3
/content/drive/MyDrive/SKRIPSI/cassava-lora/data/train/cbb/train-cbb-41.jpg,cbb,0
/content/drive/MyDrive/SKRIPSI/cassava-lora/data/train/cgm/train-cgm-736.jpg,cgm,2
/content/drive/MyDrive/SKRIPSI/cassava-lora/data/train/cbb/train-cbb-68.jpg,cbb,0
/content/drive/MyDrive/SKRIPSI/cassava-lora/data/train/cgm/train-cgm-610.jpg,cgm,2
/content/drive/MyDrive/SKRIPSI/cassava-lora/data/train/healthy/train-healthy-163.jpg,healthy,4
/content/drive/MyDrive/SKRIPSI/cassava-lora/data/train/cmd/train-cmd-380.jpg,cmd,3
/content/drive/MyDrive/SKRIPSI/cassava-lora/data/train/cbb/train-cbb-257.jpg,cbb,0
/content/drive/MyDrive/SKRIPSI/cassava-lora/data/train/cgm/train-cgm-29.jpg,cgm,2
/content/drive/MyDrive/SKRIPSI/cassava-lora/data/train/cmd/train-cmd-1328.jpg,cmd,3
/content/drive/MyDrive/SKRIPSI/cassava-lora/data/train/cmd/train-cmd-1951.jpg,cmd,3
/content/drive/MyDrive/SKRIPSI/cassava-lora/data/train/cmd/train-cmd-249.jpg,cmd,3
/content/drive/MyDrive/SKRIPSI/cassava-lora/data/train/cmd/train-cmd-1225.jpg,cmd,3
/content/drive/MyDrive/SKRIPSI/cassava-lora/data/train/cmd/train-cmd-2235.jpg,cmd,3
/content/drive/MyDrive/SKRIPSI/cassava-lora/data/train/cmd/train-cmd-19.jpg,cmd,3
/content/drive/MyDrive/SKRIPSI/cassava-lora/data/train/cbb/train-cbb-195.jpg,cbb,0
/content/drive/MyDrive/SKRIPSI/cassava-lora/data/train/cmd/train-cmd-898.jpg,cmd,3
/content/drive/MyDrive/SKRIPSI/cassava-lora/data/train/cmd/train-cmd-1626.jpg,cmd,3
/content/drive/MyDrive/SKRIPSI/cassava-lora/data/train/healthy/train-healthy-116.jpg,healthy,4
/content/drive/MyDrive/SKRIPSI/cassava-lora/data/train/cbb/train-cbb-208.jpg,cbb,0
/content/drive/MyDrive/SKRIPSI/cassava-lora/data/train/cbsd/train-cbsd-108.jpg,cbsd,1
/content/drive/MyDrive/SKRIPSI/cassava-lora/data/train/cgm/train-cgm-527.jpg,cgm,2
/content/drive/MyDrive/SKRIPSI/cassava-lora/data/train/cmd/train-cmd-676.jpg,cmd,3
/content/drive/MyDrive/SKRIPSI/cassava-lora/data/train/cmd/train-cmd-2087.jpg,cmd,3
/content/drive/MyDrive/SKRIPSI/cassava-lora/data/train/cmd/train-cmd-254.jpg,cmd,3
/content/drive/MyDrive/SKRIPSI/cassava-lora/data/train/cgm/train-cgm-748.jpg,cgm,2
/content/drive/MyDrive/SKRIPSI/cassava-lora/data/train/cbsd/train-cbsd-15.jpg,cbsd,1
/content/drive/MyDrive/SKRIPSI/cassava-lora/data/train/cmd/train-cmd-546.jpg,cmd,3
/content/drive/MyDrive/SKRIPSI/cassava-lora/data/train/cbsd/train-cbsd-1346.jpg,cbsd,1
/content/drive/MyDrive/SKRIPSI/cassava-lora/data/train/cbsd/train-cbsd-1384.jpg,cbsd,1
/content/drive/MyDrive/SKRIPSI/cassava-lora/data/train/cbsd/train-cbsd-236.jpg,cbsd,1
/content/drive/MyDrive/SKRIPSI/cassava-lora/data/train/cbsd/train-cbsd-100.jpg,cbsd,1
/content/drive/MyDrive/SKRIPSI/cassava-lora/data/train/cmd/train-cmd-347.jpg,cmd,3
/content/drive/MyDrive/SKRIPSI/cassava-lora/data/train/cgm/train-cgm-117.jpg,cgm,2
/content/drive/MyDrive/SKRIPSI/cassava-lora/data/train/healthy/train-healthy-142.jpg,healthy,4
/content/drive/MyDrive/SKRIPSI/cassava-lora/data/train/cbsd/train-cbsd-371.jpg,cbsd,1
/content/drive/MyDrive/SKRIPSI/cassava-lora/data/train/cmd/train-cmd-1769.jpg,cmd,3
/content/drive/MyDrive/SKRIPSI/cassava-lora/data/train/cmd/train-cmd-2431.jpg,cmd,3
/content/drive/MyDrive/SKRIPSI/cassava-lora/data/train/cmd/train-cmd-2299.jpg,cmd,3
/content/drive/MyDrive/SKRIPSI/cassava-lora/data/train/healthy/train-healthy-190.jpg,healthy,4
/content/drive/MyDrive/SKRIPSI/cassava-lora/data/train/cmd/train-cmd-430.jpg,cmd,3
/content/drive/MyDrive/SKRIPSI/cassava-lora/data/train/cmd/train-cmd-1250.jpg,cmd,3
/content/drive/MyDrive/SKRIPSI/cassava-lora/data/train/healthy/train-healthy-171.jpg,healthy,4
/content/drive/MyDrive/SKRIPSI/cassava-lora/data/train/cbsd/train-cbsd-567.jpg,cbsd,1
/content/drive/MyDrive/SKRIPSI/cassava-lora/data/train/cgm/train-cgm-199.jpg,cgm,2
/content/drive/MyDrive/SKRIPSI/cassava-lora/data/train/cbsd/train-cbsd-592.jpg,cbsd,1
/content/drive/MyDrive/SKRIPSI/cassava-lora/data/train/cgm/train-cgm-522.jpg,cgm,2
/content/drive/MyDrive/SKRIPSI/cassava-lora/data/train/cbsd/train-cbsd-787.jpg,cbsd,1
/content/drive/MyDrive/SKRIPSI/cassava-lora/data/train/cmd/train-cmd-1348.jpg,cmd,3
/content/drive/MyDrive/SKRIPSI/cassava-lora/data/train/cbb/train-cbb-63.jpg,cbb,0
/content/drive/MyDrive/SKRIPSI/cassava-lora/data/train/cbsd/train-cbsd-289.jpg,cbsd,1
/content/drive/MyDrive/SKRIPSI/cassava-lora/data/train/cbsd/train-cbsd-779.jpg,cbsd,1
/content/drive/MyDrive/SKRIPSI/cassava-lora/data/train/cgm/train-cgm-494.jpg,cgm,2
/content/drive/MyDrive/SKRIPSI/cassava-lora/data/train/cmd/train-cmd-799.jpg,cmd,3
/content/drive/MyDrive/SKRIPSI/cassava-lora/data/train/healthy/train-healthy-132.jpg,healthy,4
/content/drive/MyDrive/SKRIPSI/cassava-lora/data/train/cmd/train-cmd-34.jpg,cmd,3
/content/drive/MyDrive/SKRIPSI/cassava-lora/data/train/cgm/train-cgm-686.jpg,cgm,2
/content/drive/MyDrive/SKRIPSI/cassava-lora/data/train/cmd/train-cmd-1639.jpg,cmd,3
/content/drive/MyDrive/SKRIPSI/cassava-lora/data/train/cbb/train-cbb-322.jpg,cbb,0
/content/drive/MyDrive/SKRIPSI/cassava-lora/data/train/cmd/train-cmd-1752.jpg,cmd,3
/content/drive/MyDrive/SKRIPSI/cassava-lora/data/train/cgm/train-cgm-261.jpg,cgm,2
/content/drive/MyDrive/SKRIPSI/cassava-lora/data/train/cmd/train-cmd-1917.jpg,cmd,3
/content/drive/MyDrive/SKRIPSI/cassava-lora/data/train/cmd/train-cmd-1065.jpg,cmd,3
/content/drive/MyDrive/SKRIPSI/cassava-lora/data/train/healthy/train-healthy-118.jpg,healthy,4
/content/drive/MyDrive/SKRIPSI/cassava-lora/data/train/cbsd/train-cbsd-406.jpg,cbsd,1
/content/drive/MyDrive/SKRIPSI/cassava-lora/data/train/cbsd/train-cbsd-227.jpg,cbsd,1
/content/drive/MyDrive/SKRIPSI/cassava-lora/data/train/cmd/train-cmd-2104.jpg,cmd,3
/content/drive/MyDrive/SKRIPSI/cassava-lora/data/train/cmd/train-cmd-774.jpg,cmd,3
/content/drive/MyDrive/SKRIPSI/cassava-lora/data/train/cmd/train-cmd-2283.jpg,cmd,3
/content/drive/MyDrive/SKRIPSI/cassava-lora/data/train/cmd/train-cmd-2445.jpg,cmd,3
/content/drive/MyDrive/SKRIPSI/cassava-lora/data/train/cbsd/train-cbsd-1075.jpg,cbsd,1
/content/drive/MyDrive/SKRIPSI/cassava-lora/data/train/cgm/train-cgm-30.jpg,cgm,2
/content/drive/MyDrive/SKRIPSI/cassava-lora/data/train/cbb/train-cbb-355.jpg,cbb,0
/content/drive/MyDrive/SKRIPSI/cassava-lora/data/train/cmd/train-cmd-121.jpg,cmd,3
/content/drive/MyDrive/SKRIPSI/cassava-lora/data/train/cbsd/train-cbsd-958.jpg,cbsd,1
/content/drive/MyDrive/SKRIPSI/cassava-lora/data/train/cgm/train-cgm-593.jpg,cgm,2
/content/drive/MyDrive/SKRIPSI/cassava-lora/data/train/cbb/train-cbb-102.jpg,cbb,0
/content/drive/MyDrive/SKRIPSI/cassava-lora/data/train/cgm/train-cgm-547.jpg,cgm,2
/content/drive/MyDrive/SKRIPSI/cassava-lora/data/train/cgm/train-cgm-319.jpg,cgm,2
/content/drive/MyDrive/SKRIPSI/cassava-lora/data/train/cmd/train-cmd-2499.jpg,cmd,3
/content/drive/MyDrive/SKRIPSI/cassava-lora/data/train/cmd/train-cmd-2005.jpg,cmd,3
/content/drive/MyDrive/SKRIPSI/cassava-lora/data/train/cbsd/train-cbsd-1090.jpg,cbsd,1
/content/drive/MyDrive/SKRIPSI/cassava-lora/data/train/cmd/train-cmd-1822.jpg,cmd,3
/content/drive/MyDrive/SKRIPSI/cassava-lora/data/train/cmd/train-cmd-2298.jpg,cmd,3
/content/drive/MyDrive/SKRIPSI/cassava-lora/data/train/cbsd/train-cbsd-1237.jpg,cbsd,1
/content/drive/MyDrive/SKRIPSI/cassava-lora/data/train/cmd/train-cmd-593.jpg,cmd,3
/content/drive/MyDrive/SKRIPSI/cassava-lora/data/train/cgm/train-cgm-367.jpg,cgm,2
/content/drive/MyDrive/SKRIPSI/cassava-lora/data/train/cmd/train-cmd-2134.jpg,cmd,3
/content/drive/MyDrive/SKRIPSI/cassava-lora/data/train/cbsd/train-cbsd-102.jpg,cbsd,1
/content/drive/MyDrive/SKRIPSI/cassava-lora/data/train/cbsd/train-cbsd-806.jpg,cbsd,1
/content/drive/MyDrive/SKRIPSI/cassava-lora/data/train/cmd/train-cmd-911.jpg,cmd,3
/content/drive/MyDrive/SKRIPSI/cassava-lora/data/train/cmd/train-cmd-706.jpg,cmd,3
/content/drive/MyDrive/SKRIPSI/cassava-lora/data/train/cbsd/train-cbsd-998.jpg,cbsd,1
/content/drive/MyDrive/SKRIPSI/cassava-lora/data/train/cmd/train-cmd-145.jpg,cmd,3
/content/drive/MyDrive/SKRIPSI/cassava-lora/data/train/cgm/train-cgm-487.jpg,cgm,2
/content/drive/MyDrive/SKRIPSI/cassava-lora/data/train/healthy/train-healthy-96.jpg,healthy,4
/content/drive/MyDrive/SKRIPSI/cassava-lora/data/train/cmd/train-cmd-1984.jpg,cmd,3
/content/drive/MyDrive/SKRIPSI/cassava-lora/data/train/cmd/train-cmd-708.jpg,cmd,3
/content/drive/MyDrive/SKRIPSI/cassava-lora/data/train/cmd/train-cmd-301.jpg,cmd,3
/content/drive/MyDrive/SKRIPSI/cassava-lora/data/train/cbsd/train-cbsd-63.jpg,cbsd,1
/content/drive/MyDrive/SKRIPSI/cassava-lora/data/train/cbsd/train-cbsd-542.jpg,cbsd,1
/content/drive/MyDrive/SKRIPSI/cassava-lora/data/train/cmd/train-cmd-666.jpg,cmd,3
/content/drive/MyDrive/SKRIPSI/cassava-lora/data/train/cgm/train-cgm-594.jpg,cgm,2
/content/drive/MyDrive/SKRIPSI/cassava-lora/data/train/cmd/train-cmd-1432.jpg,cmd,3
/content/drive/MyDrive/SKRIPSI/cassava-lora/data/train/cmd/train-cmd-1677.jpg,cmd,3
/content/drive/MyDrive/SKRIPSI/cassava-lora/data/train/cbsd/train-cbsd-128.jpg,cbsd,1
/content/drive/MyDrive/SKRIPSI/cassava-lora/data/train/cbsd/train-cbsd-1013.jpg,cbsd,1
/content/drive/MyDrive/SKRIPSI/cassava-lora/data/train/cmd/train-cmd-1974.jpg,cmd,3
/content/drive/MyDrive/SKRIPSI/cassava-lora/data/train/cmd/train-cmd-547.jpg,cmd,3
/content/drive/MyDrive/SKRIPSI/cassava-lora/data/train/cbsd/train-cbsd-1198.jpg,cbsd,1
/content/drive/MyDrive/SKRIPSI/cassava-lora/data/train/cbsd/train-cbsd-511.jpg,cbsd,1
/content/drive/MyDrive/SKRIPSI/cassava-lora/data/train/cmd/train-cmd-1011.jpg,cmd,3
/content/drive/MyDrive/SKRIPSI/cassava-lora/data/train/cbsd/train-cbsd-457.jpg,cbsd,1
/content/drive/MyDrive/SKRIPSI/cassava-lora/data/train/cgm/train-cgm-191.jpg,cgm,2
/content/drive/MyDrive/SKRIPSI/cassava-lora/data/train/healthy/train-healthy-219.jpg,healthy,4
/content/drive/MyDrive/SKRIPSI/cassava-lora/data/train/cbsd/train-cbsd-682.jpg,cbsd,1
/content/drive/MyDrive/SKRIPSI/cassava-lora/data/train/cmd/train-cmd-1925.jpg,cmd,3
/content/drive/MyDrive/SKRIPSI/cassava-lora/data/train/cbsd/train-cbsd-390.jpg,cbsd,1
/content/drive/MyDrive/SKRIPSI/cassava-lora/data/train/cbsd/train-cbsd-143.jpg,cbsd,1
/content/drive/MyDrive/SKRIPSI/cassava-lora/data/train/cgm/train-cgm-571.jpg,cgm,2
/content/drive/MyDrive/SKRIPSI/cassava-lora/data/train/cmd/train-cmd-1103.jpg,cmd,3
/content/drive/MyDrive/SKRIPSI/cassava-lora/data/train/cmd/train-cmd-1321.jpg,cmd,3
/content/drive/MyDrive/SKRIPSI/cassava-lora/data/train/cmd/train-cmd-738.jpg,cmd,3
/content/drive/MyDrive/SKRIPSI/cassava-lora/data/train/cmd/train-cmd-2106.jpg,cmd,3
/content/drive/MyDrive/SKRIPSI/cassava-lora/data/train/cmd/train-cmd-1548.jpg,cmd,3
/content/drive/MyDrive/SKRIPSI/cassava-lora/data/train/cmd/train-cmd-2291.jpg,cmd,3
/content/drive/MyDrive/SKRIPSI/cassava-lora/data/train/cbsd/train-cbsd-528.jpg,cbsd,1
/content/drive/MyDrive/SKRIPSI/cassava-lora/data/train/cbsd/train-cbsd-96.jpg,cbsd,1
/content/drive/MyDrive/SKRIPSI/cassava-lora/data/train/cbsd/train-cbsd-470.jpg,cbsd,1
/content/drive/MyDrive/SKRIPSI/cassava-lora/data/train/cbb/train-cbb-204.jpg,cbb,0
/content/drive/MyDrive/SKRIPSI/cassava-lora/data/train/cmd/train-cmd-2349.jpg,cmd,3
/content/drive/MyDrive/SKRIPSI/cassava-lora/data/train/healthy/train-healthy-40.jpg,healthy,4
/content/drive/MyDrive/SKRIPSI/cassava-lora/data/train/cmd/train-cmd-37.jpg,cmd,3
/content/drive/MyDrive/SKRIPSI/cassava-lora/data/train/cgm/train-cgm-355.jpg,cgm,2
/content/drive/MyDrive/SKRIPSI/cassava-lora/data/train/cmd/train-cmd-1666.jpg,cmd,3
/content/drive/MyDrive/SKRIPSI/cassava-lora/data/train/cgm/train-cgm-635.jpg,cgm,2
/content/drive/MyDrive/SKRIPSI/cassava-lora/data/train/cmd/train-cmd-2259.jpg,cmd,3
/content/drive/MyDrive/SKRIPSI/cassava-lora/data/train/cmd/train-cmd-2117.jpg,cmd,3
/content/drive/MyDrive/SKRIPSI/cassava-lora/data/train/cbb/train-cbb-135.jpg,cbb,0
/content/drive/MyDrive/SKRIPSI/cassava-lora/data/train/cmd/train-cmd-2041.jpg,cmd,3
/content/drive/MyDrive/SKRIPSI/cassava-lora/data/train/cbsd/train-cbsd-479.jpg,cbsd,1
/content/drive/MyDrive/SKRIPSI/cassava-lora/data/train/cbsd/train-cbsd-915.jpg,cbsd,1
/content/drive/MyDrive/SKRIPSI/cassava-lora/data/train/cbsd/train-cbsd-383.jpg,cbsd,1
/content/drive/MyDrive/SKRIPSI/cassava-lora/data/train/cmd/train-cmd-1898.jpg,cmd,3
/content/drive/MyDrive/SKRIPSI/cassava-lora/data/train/cmd/train-cmd-480.jpg,cmd,3
/content/drive/MyDrive/SKRIPSI/cassava-lora/data/train/cmd/train-cmd-554.jpg,cmd,3
/content/drive/MyDrive/SKRIPSI/cassava-lora/data/train/cbsd/train-cbsd-589.jpg,cbsd,1
/content/drive/MyDrive/SKRIPSI/cassava-lora/data/train/cmd/train-cmd-1369.jpg,cmd,3
/content/drive/MyDrive/SKRIPSI/cassava-lora/data/train/cmd/train-cmd-882.jpg,cmd,3
/content/drive/MyDrive/SKRIPSI/cassava-lora/data/train/cmd/train-cmd-1467.jpg,cmd,3
/content/drive/MyDrive/SKRIPSI/cassava-lora/data/train/cbb/train-cbb-126.jpg,cbb,0
/content/drive/MyDrive/SKRIPSI/cassava-lora/data/train/cgm/train-cgm-212.jpg,cgm,2
/content/drive/MyDrive/SKRIPSI/cassava-lora/data/train/cbsd/train-cbsd-475.jpg,cbsd,1
/content/drive/MyDrive/SKRIPSI/cassava-lora/data/train/cbsd/train-cbsd-802.jpg,cbsd,1
/content/drive/MyDrive/SKRIPSI/cassava-lora/data/train/cmd/train-cmd-2202.jpg,cmd,3
/content/drive/MyDrive/SKRIPSI/cassava-lora/data/train/cmd/train-cmd-1055.jpg,cmd,3
/content/drive/MyDrive/SKRIPSI/cassava-lora/data/train/cmd/train-cmd-1140.jpg,cmd,3
/content/drive/MyDrive/SKRIPSI/cassava-lora/data/train/cgm/train-cgm-517.jpg,cgm,2
/content/drive/MyDrive/SKRIPSI/cassava-lora/data/train/cmd/train-cmd-1109.jpg,cmd,3
/content/drive/MyDrive/SKRIPSI/cassava-lora/data/train/cmd/train-cmd-524.jpg,cmd,3
/content/drive/MyDrive/SKRIPSI/cassava-lora/data/train/cgm/train-cgm-286.jpg,cgm,2
/content/drive/MyDrive/SKRIPSI/cassava-lora/data/train/cmd/train-cmd-1261.jpg,cmd,3
/content/drive/MyDrive/SKRIPSI/cassava-lora/data/train/cbsd/train-cbsd-1191.jpg,cbsd,1
/content/drive/MyDrive/SKRIPSI/cassava-lora/data/train/cmd/train-cmd-1892.jpg,cmd,3
/content/drive/MyDrive/SKRIPSI/cassava-lora/data/train/cmd/train-cmd-901.jpg,cmd,3
/content/drive/MyDrive/SKRIPSI/cassava-lora/data/train/cmd/train-cmd-2450.jpg,cmd,3
/content/drive/MyDrive/SKRIPSI/cassava-lora/data/train/cgm/train-cgm-400.jpg,cgm,2
/content/drive/MyDrive/SKRIPSI/cassava-lora/data/train/cmd/train-cmd-1155.jpg,cmd,3
/content/drive/MyDrive/SKRIPSI/cassava-lora/data/train/cmd/train-cmd-1893.jpg,cmd,3
/content/drive/MyDrive/SKRIPSI/cassava-lora/data/train/cbb/train-cbb-426.jpg,cbb,0
/content/drive/MyDrive/SKRIPSI/cassava-lora/data/train/cmd/train-cmd-2254.jpg,cmd,3
/content/drive/MyDrive/SKRIPSI/cassava-lora/data/train/cmd/train-cmd-2538.jpg,cmd,3
/content/drive/MyDrive/SKRIPSI/cassava-lora/data/train/cbsd/train-cbsd-367.jpg,cbsd,1
/content/drive/MyDrive/SKRIPSI/cassava-lora/data/train/cmd/train-cmd-1263.jpg,cmd,3
/content/drive/MyDrive/SKRIPSI/cassava-lora/data/train/cgm/train-cgm-526.jpg,cgm,2
/content/drive/MyDrive/SKRIPSI/cassava-lora/data/train/cgm/train-cgm-25.jpg,cgm,2
/content/drive/MyDrive/SKRIPSI/cassava-lora/data/train/cgm/train-cgm-752.jpg,cgm,2
/content/drive/MyDrive/SKRIPSI/cassava-lora/data/train/cgm/train-cgm-41.jpg,cgm,2
/content/drive/MyDrive/SKRIPSI/cassava-lora/data/train/cmd/train-cmd-213.jpg,cmd,3
/content/drive/MyDrive/SKRIPSI/cassava-lora/data/train/cmd/train-cmd-103.jpg,cmd,3
/content/drive/MyDrive/SKRIPSI/cassava-lora/data/train/cbb/train-cbb-316.jpg,cbb,0
/content/drive/MyDrive/SKRIPSI/cassava-lora/data/train/cmd/train-cmd-141.jpg,cmd,3
/content/drive/MyDrive/SKRIPSI/cassava-lora/data/train/cmd/train-cmd-1336.jpg,cmd,3
/content/drive/MyDrive/SKRIPSI/cassava-lora/data/train/cmd/train-cmd-1154.jpg,cmd,3
/content/drive/MyDrive/SKRIPSI/cassava-lora/data/train/cgm/train-cgm-724.jpg,cgm,2
/content/drive/MyDrive/SKRIPSI/cassava-lora/data/train/cbsd/train-cbsd-1000.jpg,cbsd,1
/content/drive/MyDrive/SKRIPSI/cassava-lora/data/train/cgm/train-cgm-551.jpg,cgm,2
/content/drive/MyDrive/SKRIPSI/cassava-lora/data/train/cmd/train-cmd-1423.jpg,cmd,3
/content/drive/MyDrive/SKRIPSI/cassava-lora/data/train/cmd/train-cmd-576.jpg,cmd,3
/content/drive/MyDrive/SKRIPSI/cassava-lora/data/train/cgm/train-cgm-80.jpg,cgm,2
/content/drive/MyDrive/SKRIPSI/cassava-lora/data/train/cmd/train-cmd-1149.jpg,cmd,3
/content/drive/MyDrive/SKRIPSI/cassava-lora/data/train/cmd/train-cmd-1839.jpg,cmd,3
/content/drive/MyDrive/SKRIPSI/cassava-lora/data/train/cmd/train-cmd-2047.jpg,cmd,3
/content/drive/MyDrive/SKRIPSI/cassava-lora/data/train/cgm/train-cgm-548.jpg,cgm,2
/content/drive/MyDrive/SKRIPSI/cassava-lora/data/train/cmd/train-cmd-1138.jpg,cmd,3
/content/drive/MyDrive/SKRIPSI/cassava-lora/data/train/cbb/train-cbb-230.jpg,cbb,0
/content/drive/MyDrive/SKRIPSI/cassava-lora/data/train/cgm/train-cgm-262.jpg,cgm,2
/content/drive/MyDrive/SKRIPSI/cassava-lora/data/train/cbsd/train-cbsd-1242.jpg,cbsd,1
/content/drive/MyDrive/SKRIPSI/cassava-lora/data/train/cmd/train-cmd-2327.jpg,cmd,3
/content/drive/MyDrive/SKRIPSI/cassava-lora/data/train/cmd/train-cmd-2553.jpg,cmd,3
/content/drive/MyDrive/SKRIPSI/cassava-lora/data/train/cbsd/train-cbsd-1157.jpg,cbsd,1
/content/drive/MyDrive/SKRIPSI/cassava-lora/data/train/cmd/train-cmd-372.jpg,cmd,3
/content/drive/MyDrive/SKRIPSI/cassava-lora/data/train/healthy/train-healthy-20.jpg,healthy,4
/content/drive/MyDrive/SKRIPSI/cassava-lora/data/train/cmd/train-cmd-2430.jpg,cmd,3
/content/drive/MyDrive/SKRIPSI/cassava-lora/data/train/cmd/train-cmd-471.jpg,cmd,3
/content/drive/MyDrive/SKRIPSI/cassava-lora/data/train/cgm/train-cgm-445.jpg,cgm,2
/content/drive/MyDrive/SKRIPSI/cassava-lora/data/train/cmd/train-cmd-1111.jpg,cmd,3
/content/drive/MyDrive/SKRIPSI/cassava-lora/data/train/cbsd/train-cbsd-559.jpg,cbsd,1
/content/drive/MyDrive/SKRIPSI/cassava-lora/data/train/cbsd/train-cbsd-330.jpg,cbsd,1
/content/drive/MyDrive/SKRIPSI/cassava-lora/data/train/cbsd/train-cbsd-1212.jpg,cbsd,1
/content/drive/MyDrive/SKRIPSI/cassava-lora/data/train/cbsd/train-cbsd-1016.jpg,cbsd,1
/content/drive/MyDrive/SKRIPSI/cassava-lora/data/train/cgm/train-cgm-377.jpg,cgm,2
/content/drive/MyDrive/SKRIPSI/cassava-lora/data/train/cmd/train-cmd-1027.jpg,cmd,3
/content/drive/MyDrive/SKRIPSI/cassava-lora/data/train/cbb/train-cbb-45.jpg,cbb,0
/content/drive/MyDrive/SKRIPSI/cassava-lora/data/train/cbsd/train-cbsd-233.jpg,cbsd,1
/content/drive/MyDrive/SKRIPSI/cassava-lora/data/train/cmd/train-cmd-157.jpg,cmd,3
/content/drive/MyDrive/SKRIPSI/cassava-lora/data/train/cmd/train-cmd-1245.jpg,cmd,3
/content/drive/MyDrive/SKRIPSI/cassava-lora/data/train/cbsd/train-cbsd-1278.jpg,cbsd,1
/content/drive/MyDrive/SKRIPSI/cassava-lora/data/train/cmd/train-cmd-147.jpg,cmd,3
/content/drive/MyDrive/SKRIPSI/cassava-lora/data/train/cmd/train-cmd-1189.jpg,cmd,3
/content/drive/MyDrive/SKRIPSI/cassava-lora/data/train/cmd/train-cmd-2001.jpg,cmd,3
/content/drive/MyDrive/SKRIPSI/cassava-lora/data/train/cbsd/train-cbsd-181.jpg,cbsd,1
/content/drive/MyDrive/SKRIPSI/cassava-lora/data/train/cmd/train-cmd-1676.jpg,cmd,3
/content/drive/MyDrive/SKRIPSI/cassava-lora/data/train/cmd/train-cmd-1316.jpg,cmd,3
/content/drive/MyDrive/SKRIPSI/cassava-lora/data/train/cgm/train-cgm-309.jpg,cgm,2
/content/drive/MyDrive/SKRIPSI/cassava-lora/data/train/cbb/train-cbb-114.jpg,cbb,0
/content/drive/MyDrive/SKRIPSI/cassava-lora/data/train/cmd/train-cmd-1268.jpg,cmd,3
/content/drive/MyDrive/SKRIPSI/cassava-lora/data/train/cbb/train-cbb-125.jpg,cbb,0
/content/drive/MyDrive/SKRIPSI/cassava-lora/data/train/cmd/train-cmd-780.jpg,cmd,3
/content/drive/MyDrive/SKRIPSI/cassava-lora/data/train/cbsd/train-cbsd-571.jpg,cbsd,1
/content/drive/MyDrive/SKRIPSI/cassava-lora/data/train/cgm/train-cgm-161.jpg,cgm,2
/content/drive/MyDrive/SKRIPSI/cassava-lora/data/train/cgm/train-cgm-165.jpg,cgm,2
/content/drive/MyDrive/SKRIPSI/cassava-lora/data/train/cmd/train-cmd-729.jpg,cmd,3
/content/drive/MyDrive/SKRIPSI/cassava-lora/data/train/cmd/train-cmd-1021.jpg,cmd,3
/content/drive/MyDrive/SKRIPSI/cassava-lora/data/train/cbsd/train-cbsd-735.jpg,cbsd,1
/content/drive/MyDrive/SKRIPSI/cassava-lora/data/train/cbsd/train-cbsd-1062.jpg,cbsd,1
/content/drive/MyDrive/SKRIPSI/cassava-lora/data/train/cmd/train-cmd-200.jpg,cmd,3
/content/drive/MyDrive/SKRIPSI/cassava-lora/data/train/cgm/train-cgm-621.jpg,cgm,2
/content/drive/MyDrive/SKRIPSI/cassava-lora/data/train/cmd/train-cmd-1558.jpg,cmd,3
/content/drive/MyDrive/SKRIPSI/cassava-lora/data/train/cbsd/train-cbsd-1274.jpg,cbsd,1
/content/drive/MyDrive/SKRIPSI/cassava-lora/data/train/cmd/train-cmd-2103.jpg,cmd,3
/content/drive/MyDrive/SKRIPSI/cassava-lora/data/train/cgm/train-cgm-257.jpg,cgm,2
/content/drive/MyDrive/SKRIPSI/cassava-lora/data/train/cmd/train-cmd-2310.jpg,cmd,3
/content/drive/MyDrive/SKRIPSI/cassava-lora/data/train/cmd/train-cmd-1686.jpg,cmd,3
/content/drive/MyDrive/SKRIPSI/cassava-lora/data/train/cmd/train-cmd-1464.jpg,cmd,3
/content/drive/MyDrive/SKRIPSI/cassava-lora/data/train/cmd/train-cmd-1799.jpg,cmd,3
/content/drive/MyDrive/SKRIPSI/cassava-lora/data/train/cbsd/train-cbsd-841.jpg,cbsd,1
/content/drive/MyDrive/SKRIPSI/cassava-lora/data/train/cbsd/train-cbsd-696.jpg,cbsd,1
/content/drive/MyDrive/SKRIPSI/cassava-lora/data/train/cbb/train-cbb-440.jpg,cbb,0
/content/drive/MyDrive/SKRIPSI/cassava-lora/data/train/cbsd/train-cbsd-586.jpg,cbsd,1
/content/drive/MyDrive/SKRIPSI/cassava-lora/data/train/cgm/train-cgm-652.jpg,cgm,2
/content/drive/MyDrive/SKRIPSI/cassava-lora/data/train/cbb/train-cbb-320.jpg,cbb,0
/content/drive/MyDrive/SKRIPSI/cassava-lora/data/train/cbb/train-cbb-299.jpg,cbb,0
/content/drive/MyDrive/SKRIPSI/cassava-lora/data/train/cbb/train-cbb-245.jpg,cbb,0
/content/drive/MyDrive/SKRIPSI/cassava-lora/data/train/cgm/train-cgm-478.jpg,cgm,2
/content/drive/MyDrive/SKRIPSI/cassava-lora/data/train/healthy/train-healthy-237.jpg,healthy,4
/content/drive/MyDrive/SKRIPSI/cassava-lora/data/train/cmd/train-cmd-2479.jpg,cmd,3
/content/drive/MyDrive/SKRIPSI/cassava-lora/data/train/cbb/train-cbb-62.jpg,cbb,0
/content/drive/MyDrive/SKRIPSI/cassava-lora/data/train/cgm/train-cgm-410.jpg,cgm,2
/content/drive/MyDrive/SKRIPSI/cassava-lora/data/train/cgm/train-cgm-570.jpg,cgm,2
/content/drive/MyDrive/SKRIPSI/cassava-lora/data/train/cmd/train-cmd-1035.jpg,cmd,3
/content/drive/MyDrive/SKRIPSI/cassava-lora/data/train/cmd/train-cmd-2449.jpg,cmd,3
/content/drive/MyDrive/SKRIPSI/cassava-lora/data/train/cmd/train-cmd-1270.jpg,cmd,3
/content/drive/MyDrive/SKRIPSI/cassava-lora/data/train/cmd/train-cmd-1174.jpg,cmd,3
/content/drive/MyDrive/SKRIPSI/cassava-lora/data/train/cgm/train-cgm-508.jpg,cgm,2
/content/drive/MyDrive/SKRIPSI/cassava-lora/data/train/cmd/train-cmd-1298.jpg,cmd,3
/content/drive/MyDrive/SKRIPSI/cassava-lora/data/train/cbsd/train-cbsd-264.jpg,cbsd,1
/content/drive/MyDrive/SKRIPSI/cassava-lora/data/train/cmd/train-cmd-1506.jpg,cmd,3
/content/drive/MyDrive/SKRIPSI/cassava-lora/data/train/cgm/train-cgm-519.jpg,cgm,2
/content/drive/MyDrive/SKRIPSI/cassava-lora/data/train/cmd/train-cmd-2188.jpg,cmd,3
/content/drive/MyDrive/SKRIPSI/cassava-lora/data/train/cmd/train-cmd-1933.jpg,cmd,3
/content/drive/MyDrive/SKRIPSI/cassava-lora/data/train/cmd/train-cmd-2387.jpg,cmd,3
/content/drive/MyDrive/SKRIPSI/cassava-lora/data/train/cbsd/train-cbsd-1092.jpg,cbsd,1
/content/drive/MyDrive/SKRIPSI/cassava-lora/data/train/cbsd/train-cbsd-147.jpg,cbsd,1
/content/drive/MyDrive/SKRIPSI/cassava-lora/data/train/cmd/train-cmd-1633.jpg,cmd,3
/content/drive/MyDrive/SKRIPSI/cassava-lora/data/train/cbsd/train-cbsd-162.jpg,cbsd,1
/content/drive/MyDrive/SKRIPSI/cassava-lora/data/train/cbsd/train-cbsd-630.jpg,cbsd,1
/content/drive/MyDrive/SKRIPSI/cassava-lora/data/train/cbsd/train-cbsd-1313.jpg,cbsd,1
/content/drive/MyDrive/SKRIPSI/cassava-lora/data/train/healthy/train-healthy-106.jpg,healthy,4
/content/drive/MyDrive/SKRIPSI/cassava-lora/data/train/cmd/train-cmd-536.jpg,cmd,3
/content/drive/MyDrive/SKRIPSI/cassava-lora/data/train/cmd/train-cmd-1952.jpg,cmd,3
/content/drive/MyDrive/SKRIPSI/cassava-lora/data/train/cbsd/train-cbsd-98.jpg,cbsd,1
/content/drive/MyDrive/SKRIPSI/cassava-lora/data/train/healthy/train-healthy-270.jpg,healthy,4
/content/drive/MyDrive/SKRIPSI/cassava-lora/data/train/cmd/train-cmd-403.jpg,cmd,3
/content/drive/MyDrive/SKRIPSI/cassava-lora/data/train/cmd/train-cmd-340.jpg,cmd,3
/content/drive/MyDrive/SKRIPSI/cassava-lora/data/train/cgm/train-cgm-439.jpg,cgm,2
/content/drive/MyDrive/SKRIPSI/cassava-lora/data/train/cbsd/train-cbsd-580.jpg,cbsd,1
/content/drive/MyDrive/SKRIPSI/cassava-lora/data/train/cmd/train-cmd-2517.jpg,cmd,3
/content/drive/MyDrive/SKRIPSI/cassava-lora/data/train/cbb/train-cbb-26.jpg,cbb,0
/content/drive/MyDrive/SKRIPSI/cassava-lora/data/train/cbb/train-cbb-173.jpg,cbb,0
/content/drive/MyDrive/SKRIPSI/cassava-lora/data/train/cgm/train-cgm-223.jpg,cgm,2
/content/drive/MyDrive/SKRIPSI/cassava-lora/data/train/cgm/train-cgm-325.jpg,cgm,2
/content/drive/MyDrive/SKRIPSI/cassava-lora/data/train/cbsd/train-cbsd-1124.jpg,cbsd,1
/content/drive/MyDrive/SKRIPSI/cassava-lora/data/train/cbb/train-cbb-406.jpg,cbb,0
/content/drive/MyDrive/SKRIPSI/cassava-lora/data/train/cmd/train-cmd-2623.jpg,cmd,3
/content/drive/MyDrive/SKRIPSI/cassava-lora/data/train/cgm/train-cgm-97.jpg,cgm,2
/content/drive/MyDrive/SKRIPSI/cassava-lora/data/train/healthy/train-healthy-185.jpg,healthy,4
/content/drive/MyDrive/SKRIPSI/cassava-lora/data/train/cbsd/train-cbsd-1375.jpg,cbsd,1
/content/drive/MyDrive/SKRIPSI/cassava-lora/data/train/cgm/train-cgm-572.jpg,cgm,2
/content/drive/MyDrive/SKRIPSI/cassava-lora/data/train/cgm/train-cgm-552.jpg,cgm,2
/content/drive/MyDrive/SKRIPSI/cassava-lora/data/train/cbsd/train-cbsd-605.jpg,cbsd,1
/content/drive/MyDrive/SKRIPSI/cassava-lora/data/train/cbsd/train-cbsd-76.jpg,cbsd,1
/content/drive/MyDrive/SKRIPSI/cassava-lora/data/train/cbsd/train-cbsd-81.jpg,cbsd,1
/content/drive/MyDrive/SKRIPSI/cassava-lora/data/train/cbsd/train-cbsd-437.jpg,cbsd,1
/content/drive/MyDrive/SKRIPSI/cassava-lora/data/train/cmd/train-cmd-876.jpg,cmd,3
/content/drive/MyDrive/SKRIPSI/cassava-lora/data/train/cbb/train-cbb-254.jpg,cbb,0
/content/drive/MyDrive/SKRIPSI/cassava-lora/data/train/cbsd/train-cbsd-805.jpg,cbsd,1
/content/drive/MyDrive/SKRIPSI/cassava-lora/data/train/cgm/train-cgm-83.jpg,cgm,2
/content/drive/MyDrive/SKRIPSI/cassava-lora/data/train/cmd/train-cmd-929.jpg,cmd,3
/content/drive/MyDrive/SKRIPSI/cassava-lora/data/train/cmd/train-cmd-2461.jpg,cmd,3
/content/drive/MyDrive/SKRIPSI/cassava-lora/data/train/cmd/train-cmd-1343.jpg,cmd,3
/content/drive/MyDrive/SKRIPSI/cassava-lora/data/train/cgm/train-cgm-430.jpg,cgm,2
/content/drive/MyDrive/SKRIPSI/cassava-lora/data/train/cgm/train-cgm-589.jpg,cgm,2
/content/drive/MyDrive/SKRIPSI/cassava-lora/data/train/cmd/train-cmd-2561.jpg,cmd,3
/content/drive/MyDrive/SKRIPSI/cassava-lora/data/train/cbsd/train-cbsd-672.jpg,cbsd,1
/content/drive/MyDrive/SKRIPSI/cassava-lora/data/train/cbb/train-cbb-60.jpg,cbb,0
/content/drive/MyDrive/SKRIPSI/cassava-lora/data/train/cmd/train-cmd-263.jpg,cmd,3
/content/drive/MyDrive/SKRIPSI/cassava-lora/data/train/cgm/train-cgm-585.jpg,cgm,2
/content/drive/MyDrive/SKRIPSI/cassava-lora/data/train/cmd/train-cmd-245.jpg,cmd,3
/content/drive/MyDrive/SKRIPSI/cassava-lora/data/train/cbsd/train-cbsd-922.jpg,cbsd,1
/content/drive/MyDrive/SKRIPSI/cassava-lora/data/train/cmd/train-cmd-2582.jpg,cmd,3
/content/drive/MyDrive/SKRIPSI/cassava-lora/data/train/cbsd/train-cbsd-681.jpg,cbsd,1
/content/drive/MyDrive/SKRIPSI/cassava-lora/data/train/cmd/train-cmd-686.jpg,cmd,3
/content/drive/MyDrive/SKRIPSI/cassava-lora/data/train/cmd/train-cmd-1969.jpg,cmd,3
/content/drive/MyDrive/SKRIPSI/cassava-lora/data/train/cbsd/train-cbsd-366.jpg,cbsd,1
/content/drive/MyDrive/SKRIPSI/cassava-lora/data/train/cmd/train-cmd-1697.jpg,cmd,3
/content/drive/MyDrive/SKRIPSI/cassava-lora/data/train/cbb/train-cbb-334.jpg,cbb,0
/content/drive/MyDrive/SKRIPSI/cassava-lora/data/train/cmd/train-cmd-1602.jpg,cmd,3
/content/drive/MyDrive/SKRIPSI/cassava-lora/data/train/cgm/train-cgm-419.jpg,cgm,2
/content/drive/MyDrive/SKRIPSI/cassava-lora/data/train/cbb/train-cbb-349.jpg,cbb,0
/content/drive/MyDrive/SKRIPSI/cassava-lora/data/train/cbsd/train-cbsd-838.jpg,cbsd,1
/content/drive/MyDrive/SKRIPSI/cassava-lora/data/train/cmd/train-cmd-2544.jpg,cmd,3
/content/drive/MyDrive/SKRIPSI/cassava-lora/data/train/cgm/train-cgm-528.jpg,cgm,2
/content/drive/MyDrive/SKRIPSI/cassava-lora/data/train/cgm/train-cgm-330.jpg,cgm,2
/content/drive/MyDrive/SKRIPSI/cassava-lora/data/train/cmd/train-cmd-2425.jpg,cmd,3
/content/drive/MyDrive/SKRIPSI/cassava-lora/data/train/cmd/train-cmd-1061.jpg,cmd,3
/content/drive/MyDrive/SKRIPSI/cassava-lora/data/train/cmd/train-cmd-215.jpg,cmd,3
/content/drive/MyDrive/SKRIPSI/cassava-lora/data/train/cbsd/train-cbsd-640.jpg,cbsd,1
/content/drive/MyDrive/SKRIPSI/cassava-lora/data/train/cmd/train-cmd-1098.jpg,cmd,3
/content/drive/MyDrive/SKRIPSI/cassava-lora/data/train/cbsd/train-cbsd-12.jpg,cbsd,1
/content/drive/MyDrive/SKRIPSI/cassava-lora/data/train/cmd/train-cmd-874.jpg,cmd,3
/content/drive/MyDrive/SKRIPSI/cassava-lora/data/train/cmd/train-cmd-1779.jpg,cmd,3
/content/drive/MyDrive/SKRIPSI/cassava-lora/data/train/cmd/train-cmd-1122.jpg,cmd,3
/content/drive/MyDrive/SKRIPSI/cassava-lora/data/train/healthy/train-healthy-302.jpg,healthy,4
/content/drive/MyDrive/SKRIPSI/cassava-lora/data/train/cbb/train-cbb-353.jpg,cbb,0
/content/drive/MyDrive/SKRIPSI/cassava-lora/data/train/cmd/train-cmd-535.jpg,cmd,3
/content/drive/MyDrive/SKRIPSI/cassava-lora/data/train/cgm/train-cgm-674.jpg,cgm,2
/content/drive/MyDrive/SKRIPSI/cassava-lora/data/train/cbsd/train-cbsd-873.jpg,cbsd,1
/content/drive/MyDrive/SKRIPSI/cassava-lora/data/train/cmd/train-cmd-540.jpg,cmd,3
/content/drive/MyDrive/SKRIPSI/cassava-lora/data/train/cmd/train-cmd-1797.jpg,cmd,3
/content/drive/MyDrive/SKRIPSI/cassava-lora/data/train/cmd/train-cmd-1258.jpg,cmd,3
/content/drive/MyDrive/SKRIPSI/cassava-lora/data/train/cbsd/train-cbsd-1240.jpg,cbsd,1
/content/drive/MyDrive/SKRIPSI/cassava-lora/data/train/cmd/train-cmd-164.jpg,cmd,3
/content/drive/MyDrive/SKRIPSI/cassava-lora/data/train/healthy/train-healthy-159.jpg,healthy,4
/content/drive/MyDrive/SKRIPSI/cassava-lora/data/train/cgm/train-cgm-7.jpg,cgm,2
/content/drive/MyDrive/SKRIPSI/cassava-lora/data/train/healthy/train-healthy-287.jpg,healthy,4
/content/drive/MyDrive/SKRIPSI/cassava-lora/data/train/cbsd/train-cbsd-1367.jpg,cbsd,1
/content/drive/MyDrive/SKRIPSI/cassava-lora/data/train/cbsd/train-cbsd-1329.jpg,cbsd,1
/content/drive/MyDrive/SKRIPSI/cassava-lora/data/train/cgm/train-cgm-569.jpg,cgm,2
/content/drive/MyDrive/SKRIPSI/cassava-lora/data/train/cgm/train-cgm-559.jpg,cgm,2
/content/drive/MyDrive/SKRIPSI/cassava-lora/data/train/cbsd/train-cbsd-1366.jpg,cbsd,1
/content/drive/MyDrive/SKRIPSI/cassava-lora/data/train/cgm/train-cgm-304.jpg,cgm,2
/content/drive/MyDrive/SKRIPSI/cassava-lora/data/train/cgm/train-cgm-133.jpg,cgm,2
/content/drive/MyDrive/SKRIPSI/cassava-lora/data/train/cbsd/train-cbsd-575.jpg,cbsd,1
/content/drive/MyDrive/SKRIPSI/cassava-lora/data/train/cmd/train-cmd-1498.jpg,cmd,3
/content/drive/MyDrive/SKRIPSI/cassava-lora/data/train/cmd/train-cmd-261.jpg,cmd,3
/content/drive/MyDrive/SKRIPSI/cassava-lora/data/train/cbsd/train-cbsd-428.jpg,cbsd,1
/content/drive/MyDrive/SKRIPSI/cassava-lora/data/train/cmd/train-cmd-2646.jpg,cmd,3
/content/drive/MyDrive/SKRIPSI/cassava-lora/data/train/cbb/train-cbb-438.jpg,cbb,0
/content/drive/MyDrive/SKRIPSI/cassava-lora/data/train/cmd/train-cmd-1347.jpg,cmd,3
/content/drive/MyDrive/SKRIPSI/cassava-lora/data/train/cbsd/train-cbsd-1233.jpg,cbsd,1
/content/drive/MyDrive/SKRIPSI/cassava-lora/data/train/cmd/train-cmd-2378.jpg,cmd,3
/content/drive/MyDrive/SKRIPSI/cassava-lora/data/train/cmd/train-cmd-2546.jpg,cmd,3
/content/drive/MyDrive/SKRIPSI/cassava-lora/data/train/cmd/train-cmd-2233.jpg,cmd,3
/content/drive/MyDrive/SKRIPSI/cassava-lora/data/train/cmd/train-cmd-2052.jpg,cmd,3
/content/drive/MyDrive/SKRIPSI/cassava-lora/data/train/cbsd/train-cbsd-510.jpg,cbsd,1
/content/drive/MyDrive/SKRIPSI/cassava-lora/data/train/cbsd/train-cbsd-1326.jpg,cbsd,1
/content/drive/MyDrive/SKRIPSI/cassava-lora/data/train/cbsd/train-cbsd-167.jpg,cbsd,1
/content/drive/MyDrive/SKRIPSI/cassava-lora/data/train/healthy/train-healthy-77.jpg,healthy,4
/content/drive/MyDrive/SKRIPSI/cassava-lora/data/train/cbsd/train-cbsd-220.jpg,cbsd,1
/content/drive/MyDrive/SKRIPSI/cassava-lora/data/train/cbsd/train-cbsd-16.jpg,cbsd,1
/content/drive/MyDrive/SKRIPSI/cassava-lora/data/train/cgm/train-cgm-645.jpg,cgm,2
/content/drive/MyDrive/SKRIPSI/cassava-lora/data/train/cbsd/train-cbsd-1020.jpg,cbsd,1
/content/drive/MyDrive/SKRIPSI/cassava-lora/data/train/cbsd/train-cbsd-1377.jpg,cbsd,1
/content/drive/MyDrive/SKRIPSI/cassava-lora/data/train/cmd/train-cmd-2221.jpg,cmd,3
/content/drive/MyDrive/SKRIPSI/cassava-lora/data/train/cgm/train-cgm-566.jpg,cgm,2
/content/drive/MyDrive/SKRIPSI/cassava-lora/data/train/cmd/train-cmd-1855.jpg,cmd,3
/content/drive/MyDrive/SKRIPSI/cassava-lora/data/train/cbsd/train-cbsd-1155.jpg,cbsd,1
/content/drive/MyDrive/SKRIPSI/cassava-lora/data/train/cbsd/train-cbsd-534.jpg,cbsd,1
/content/drive/MyDrive/SKRIPSI/cassava-lora/data/train/cmd/train-cmd-432.jpg,cmd,3
/content/drive/MyDrive/SKRIPSI/cassava-lora/data/train/healthy/train-healthy-249.jpg,healthy,4
/content/drive/MyDrive/SKRIPSI/cassava-lora/data/train/cmd/train-cmd-2386.jpg,cmd,3
/content/drive/MyDrive/SKRIPSI/cassava-lora/data/train/healthy/train-healthy-38.jpg,healthy,4
/content/drive/MyDrive/SKRIPSI/cassava-lora/data/train/cgm/train-cgm-168.jpg,cgm,2
/content/drive/MyDrive/SKRIPSI/cassava-lora/data/train/cbsd/train-cbsd-1397.jpg,cbsd,1
/content/drive/MyDrive/SKRIPSI/cassava-lora/data/train/cgm/train-cgm-550.jpg,cgm,2
/content/drive/MyDrive/SKRIPSI/cassava-lora/data/train/cbsd/train-cbsd-736.jpg,cbsd,1
/content/drive/MyDrive/SKRIPSI/cassava-lora/data/train/cbsd/train-cbsd-1060.jpg,cbsd,1
/content/drive/MyDrive/SKRIPSI/cassava-lora/data/train/cbsd/train-cbsd-140.jpg,cbsd,1
/content/drive/MyDrive/SKRIPSI/cassava-lora/data/train/cmd/train-cmd-1852.jpg,cmd,3
/content/drive/MyDrive/SKRIPSI/cassava-lora/data/train/healthy/train-healthy-264.jpg,healthy,4
/content/drive/MyDrive/SKRIPSI/cassava-lora/data/train/cmd/train-cmd-826.jpg,cmd,3
/content/drive/MyDrive/SKRIPSI/cassava-lora/data/train/cmd/train-cmd-2155.jpg,cmd,3
/content/drive/MyDrive/SKRIPSI/cassava-lora/data/train/cmd/train-cmd-434.jpg,cmd,3
/content/drive/MyDrive/SKRIPSI/cassava-lora/data/train/cmd/train-cmd-1523.jpg,cmd,3
/content/drive/MyDrive/SKRIPSI/cassava-lora/data/train/cmd/train-cmd-1329.jpg,cmd,3
/content/drive/MyDrive/SKRIPSI/cassava-lora/data/train/cmd/train-cmd-2397.jpg,cmd,3
/content/drive/MyDrive/SKRIPSI/cassava-lora/data/train/cbsd/train-cbsd-283.jpg,cbsd,1
/content/drive/MyDrive/SKRIPSI/cassava-lora/data/train/cbsd/train-cbsd-1195.jpg,cbsd,1
/content/drive/MyDrive/SKRIPSI/cassava-lora/data/train/cbb/train-cbb-228.jpg,cbb,0
/content/drive/MyDrive/SKRIPSI/cassava-lora/data/train/cmd/train-cmd-1971.jpg,cmd,3
/content/drive/MyDrive/SKRIPSI/cassava-lora/data/train/cmd/train-cmd-635.jpg,cmd,3
/content/drive/MyDrive/SKRIPSI/cassava-lora/data/train/cmd/train-cmd-1248.jpg,cmd,3
/content/drive/MyDrive/SKRIPSI/cassava-lora/data/train/cgm/train-cgm-608.jpg,cgm,2
/content/drive/MyDrive/SKRIPSI/cassava-lora/data/train/cbsd/train-cbsd-1106.jpg,cbsd,1
/content/drive/MyDrive/SKRIPSI/cassava-lora/data/train/cmd/train-cmd-1901.jpg,cmd,3
/content/drive/MyDrive/SKRIPSI/cassava-lora/data/train/cmd/train-cmd-2551.jpg,cmd,3
/content/drive/MyDrive/SKRIPSI/cassava-lora/data/train/cbsd/train-cbsd-973.jpg,cbsd,1
/content/drive/MyDrive/SKRIPSI/cassava-lora/data/train/cmd/train-cmd-1494.jpg,cmd,3
/content/drive/MyDrive/SKRIPSI/cassava-lora/data/train/cmd/train-cmd-1215.jpg,cmd,3
/content/drive/MyDrive/SKRIPSI/cassava-lora/data/train/cbsd/train-cbsd-207.jpg,cbsd,1
/content/drive/MyDrive/SKRIPSI/cassava-lora/data/train/cmd/train-cmd-410.jpg,cmd,3
/content/drive/MyDrive/SKRIPSI/cassava-lora/data/train/cbsd/train-cbsd-173.jpg,cbsd,1
/content/drive/MyDrive/SKRIPSI/cassava-lora/data/train/cmd/train-cmd-117.jpg,cmd,3
/content/drive/MyDrive/SKRIPSI/cassava-lora/data/train/cmd/train-cmd-2244.jpg,cmd,3
/content/drive/MyDrive/SKRIPSI/cassava-lora/data/train/cmd/train-cmd-742.jpg,cmd,3
/content/drive/MyDrive/SKRIPSI/cassava-lora/data/train/cgm/train-cgm-463.jpg,cgm,2
/content/drive/MyDrive/SKRIPSI/cassava-lora/data/train/healthy/train-healthy-125.jpg,healthy,4
/content/drive/MyDrive/SKRIPSI/cassava-lora/data/train/cmd/train-cmd-1755.jpg,cmd,3
/content/drive/MyDrive/SKRIPSI/cassava-lora/data/train/cbb/train-cbb-2.jpg,cbb,0
/content/drive/MyDrive/SKRIPSI/cassava-lora/data/train/cbsd/train-cbsd-122.jpg,cbsd,1
/content/drive/MyDrive/SKRIPSI/cassava-lora/data/train/cbsd/train-cbsd-1243.jpg,cbsd,1
/content/drive/MyDrive/SKRIPSI/cassava-lora/data/train/cmd/train-cmd-2416.jpg,cmd,3
/content/drive/MyDrive/SKRIPSI/cassava-lora/data/train/cmd/train-cmd-2276.jpg,cmd,3
/content/drive/MyDrive/SKRIPSI/cassava-lora/data/train/cmd/train-cmd-741.jpg,cmd,3
/content/drive/MyDrive/SKRIPSI/cassava-lora/data/train/cmd/train-cmd-1304.jpg,cmd,3
/content/drive/MyDrive/SKRIPSI/cassava-lora/data/train/cmd/train-cmd-2073.jpg,cmd,3
/content/drive/MyDrive/SKRIPSI/cassava-lora/data/train/cgm/train-cgm-341.jpg,cgm,2
/content/drive/MyDrive/SKRIPSI/cassava-lora/data/train/cmd/train-cmd-2130.jpg,cmd,3
/content/drive/MyDrive/SKRIPSI/cassava-lora/data/train/cbsd/train-cbsd-615.jpg,cbsd,1
/content/drive/MyDrive/SKRIPSI/cassava-lora/data/train/cbsd/train-cbsd-843.jpg,cbsd,1
/content/drive/MyDrive/SKRIPSI/cassava-lora/data/train/cbsd/train-cbsd-1228.jpg,cbsd,1
/content/drive/MyDrive/SKRIPSI/cassava-lora/data/train/cbb/train-cbb-226.jpg,cbb,0
/content/drive/MyDrive/SKRIPSI/cassava-lora/data/train/cmd/train-cmd-1088.jpg,cmd,3
/content/drive/MyDrive/SKRIPSI/cassava-lora/data/train/cbsd/train-cbsd-396.jpg,cbsd,1
/content/drive/MyDrive/SKRIPSI/cassava-lora/data/train/cmd/train-cmd-79.jpg,cmd,3
/content/drive/MyDrive/SKRIPSI/cassava-lora/data/train/cmd/train-cmd-1045.jpg,cmd,3
/content/drive/MyDrive/SKRIPSI/cassava-lora/data/train/cbsd/train-cbsd-230.jpg,cbsd,1
/content/drive/MyDrive/SKRIPSI/cassava-lora/data/train/cmd/train-cmd-46.jpg,cmd,3
/content/drive/MyDrive/SKRIPSI/cassava-lora/data/train/cmd/train-cmd-1412.jpg,cmd,3
/content/drive/MyDrive/SKRIPSI/cassava-lora/data/train/cmd/train-cmd-455.jpg,cmd,3
/content/drive/MyDrive/SKRIPSI/cassava-lora/data/train/cgm/train-cgm-612.jpg,cgm,2
/content/drive/MyDrive/SKRIPSI/cassava-lora/data/train/cmd/train-cmd-592.jpg,cmd,3
/content/drive/MyDrive/SKRIPSI/cassava-lora/data/train/cmd/train-cmd-1492.jpg,cmd,3
/content/drive/MyDrive/SKRIPSI/cassava-lora/data/train/cgm/train-cgm-343.jpg,cgm,2
/content/drive/MyDrive/SKRIPSI/cassava-lora/data/train/cbsd/train-cbsd-665.jpg,cbsd,1
/content/drive/MyDrive/SKRIPSI/cassava-lora/data/train/cmd/train-cmd-1545.jpg,cmd,3
/content/drive/MyDrive/SKRIPSI/cassava-lora/data/train/cmd/train-cmd-1419.jpg,cmd,3
/content/drive/MyDrive/SKRIPSI/cassava-lora/data/train/cgm/train-cgm-580.jpg,cgm,2
/content/drive/MyDrive/SKRIPSI/cassava-lora/data/train/cbsd/train-cbsd-1275.jpg,cbsd,1
/content/drive/MyDrive/SKRIPSI/cassava-lora/data/train/cbb/train-cbb-3.jpg,cbb,0
/content/drive/MyDrive/SKRIPSI/cassava-lora/data/train/cmd/train-cmd-1315.jpg,cmd,3
/content/drive/MyDrive/SKRIPSI/cassava-lora/data/train/cmd/train-cmd-2313.jpg,cmd,3
/content/drive/MyDrive/SKRIPSI/cassava-lora/data/train/cmd/train-cmd-1468.jpg,cmd,3
/content/drive/MyDrive/SKRIPSI/cassava-lora/data/train/cbb/train-cbb-328.jpg,cbb,0
/content/drive/MyDrive/SKRIPSI/cassava-lora/data/train/cbsd/train-cbsd-950.jpg,cbsd,1
/content/drive/MyDrive/SKRIPSI/cassava-lora/data/train/cbsd/train-cbsd-929.jpg,cbsd,1
/content/drive/MyDrive/SKRIPSI/cassava-lora/data/train/cbsd/train-cbsd-194.jpg,cbsd,1
/content/drive/MyDrive/SKRIPSI/cassava-lora/data/train/cmd/train-cmd-2601.jpg,cmd,3
/content/drive/MyDrive/SKRIPSI/cassava-lora/data/train/cbsd/train-cbsd-514.jpg,cbsd,1
/content/drive/MyDrive/SKRIPSI/cassava-lora/data/train/cbsd/train-cbsd-476.jpg,cbsd,1
/content/drive/MyDrive/SKRIPSI/cassava-lora/data/train/cbb/train-cbb-312.jpg,cbb,0
/content/drive/MyDrive/SKRIPSI/cassava-lora/data/train/cgm/train-cgm-653.jpg,cgm,2
/content/drive/MyDrive/SKRIPSI/cassava-lora/data/train/cgm/train-cgm-637.jpg,cgm,2
/content/drive/MyDrive/SKRIPSI/cassava-lora/data/train/cmd/train-cmd-1710.jpg,cmd,3
/content/drive/MyDrive/SKRIPSI/cassava-lora/data/train/cmd/train-cmd-1511.jpg,cmd,3
/content/drive/MyDrive/SKRIPSI/cassava-lora/data/train/cmd/train-cmd-1416.jpg,cmd,3
/content/drive/MyDrive/SKRIPSI/cassava-lora/data/train/cmd/train-cmd-833.jpg,cmd,3
/content/drive/MyDrive/SKRIPSI/cassava-lora/data/train/cmd/train-cmd-1650.jpg,cmd,3
/content/drive/MyDrive/SKRIPSI/cassava-lora/data/train/cmd/train-cmd-453.jpg,cmd,3
/content/drive/MyDrive/SKRIPSI/cassava-lora/data/train/cmd/train-cmd-1277.jpg,cmd,3
/content/drive/MyDrive/SKRIPSI/cassava-lora/data/train/cmd/train-cmd-679.jpg,cmd,3
/content/drive/MyDrive/SKRIPSI/cassava-lora/data/train/cmd/train-cmd-2006.jpg,cmd,3
/content/drive/MyDrive/SKRIPSI/cassava-lora/data/train/cbb/train-cbb-415.jpg,cbb,0
/content/drive/MyDrive/SKRIPSI/cassava-lora/data/train/cbb/train-cbb-214.jpg,cbb,0
/content/drive/MyDrive/SKRIPSI/cassava-lora/data/train/cbsd/train-cbsd-837.jpg,cbsd,1
/content/drive/MyDrive/SKRIPSI/cassava-lora/data/train/cmd/train-cmd-1482.jpg,cmd,3
/content/drive/MyDrive/SKRIPSI/cassava-lora/data/train/healthy/train-healthy-71.jpg,healthy,4
/content/drive/MyDrive/SKRIPSI/cassava-lora/data/train/cgm/train-cgm-31.jpg,cgm,2
/content/drive/MyDrive/SKRIPSI/cassava-lora/data/train/cbsd/train-cbsd-612.jpg,cbsd,1
/content/drive/MyDrive/SKRIPSI/cassava-lora/data/train/cbsd/train-cbsd-1298.jpg,cbsd,1
/content/drive/MyDrive/SKRIPSI/cassava-lora/data/train/cgm/train-cgm-270.jpg,cgm,2
/content/drive/MyDrive/SKRIPSI/cassava-lora/data/train/cbsd/train-cbsd-448.jpg,cbsd,1
/content/drive/MyDrive/SKRIPSI/cassava-lora/data/train/cgm/train-cgm-88.jpg,cgm,2
/content/drive/MyDrive/SKRIPSI/cassava-lora/data/train/cbsd/train-cbsd-743.jpg,cbsd,1
/content/drive/MyDrive/SKRIPSI/cassava-lora/data/train/cmd/train-cmd-835.jpg,cmd,3
/content/drive/MyDrive/SKRIPSI/cassava-lora/data/train/cbsd/train-cbsd-78.jpg,cbsd,1
/content/drive/MyDrive/SKRIPSI/cassava-lora/data/train/cmd/train-cmd-2225.jpg,cmd,3
/content/drive/MyDrive/SKRIPSI/cassava-lora/data/train/cgm/train-cgm-688.jpg,cgm,2
/content/drive/MyDrive/SKRIPSI/cassava-lora/data/train/cmd/train-cmd-1310.jpg,cmd,3
/content/drive/MyDrive/SKRIPSI/cassava-lora/data/train/cbsd/train-cbsd-171.jpg,cbsd,1
/content/drive/MyDrive/SKRIPSI/cassava-lora/data/train/cmd/train-cmd-1357.jpg,cmd,3
/content/drive/MyDrive/SKRIPSI/cassava-lora/data/train/cmd/train-cmd-2172.jpg,cmd,3
/content/drive/MyDrive/SKRIPSI/cassava-lora/data/train/cmd/train-cmd-1556.jpg,cmd,3
/content/drive/MyDrive/SKRIPSI/cassava-lora/data/train/cbsd/train-cbsd-546.jpg,cbsd,1
/content/drive/MyDrive/SKRIPSI/cassava-lora/data/train/cbsd/train-cbsd-1419.jpg,cbsd,1
/content/drive/MyDrive/SKRIPSI/cassava-lora/data/train/cmd/train-cmd-878.jpg,cmd,3
/content/drive/MyDrive/SKRIPSI/cassava-lora/data/train/cgm/train-cgm-697.jpg,cgm,2
/content/drive/MyDrive/SKRIPSI/cassava-lora/data/train/cmd/train-cmd-449.jpg,cmd,3
/content/drive/MyDrive/SKRIPSI/cassava-lora/data/train/cbsd/train-cbsd-902.jpg,cbsd,1
/content/drive/MyDrive/SKRIPSI/cassava-lora/data/train/cbsd/train-cbsd-1236.jpg,cbsd,1
/content/drive/MyDrive/SKRIPSI/cassava-lora/data/train/cmd/train-cmd-722.jpg,cmd,3
/content/drive/MyDrive/SKRIPSI/cassava-lora/data/train/cgm/train-cgm-401.jpg,cgm,2
/content/drive/MyDrive/SKRIPSI/cassava-lora/data/train/cmd/train-cmd-1746.jpg,cmd,3
/content/drive/MyDrive/SKRIPSI/cassava-lora/data/train/cbb/train-cbb-171.jpg,cbb,0
/content/drive/MyDrive/SKRIPSI/cassava-lora/data/train/cmd/train-cmd-2255.jpg,cmd,3
/content/drive/MyDrive/SKRIPSI/cassava-lora/data/train/cbsd/train-cbsd-1271.jpg,cbsd,1
/content/drive/MyDrive/SKRIPSI/cassava-lora/data/train/cbb/train-cbb-365.jpg,cbb,0
/content/drive/MyDrive/SKRIPSI/cassava-lora/data/train/cbsd/train-cbsd-653.jpg,cbsd,1
/content/drive/MyDrive/SKRIPSI/cassava-lora/data/train/cmd/train-cmd-183.jpg,cmd,3
/content/drive/MyDrive/SKRIPSI/cassava-lora/data/train/cbb/train-cbb-218.jpg,cbb,0
/content/drive/MyDrive/SKRIPSI/cassava-lora/data/train/cbsd/train-cbsd-587.jpg,cbsd,1
/content/drive/MyDrive/SKRIPSI/cassava-lora/data/train/cmd/train-cmd-887.jpg,cmd,3
/content/drive/MyDrive/SKRIPSI/cassava-lora/data/train/healthy/train-healthy-17.jpg,healthy,4
/content/drive/MyDrive/SKRIPSI/cassava-lora/data/train/cbsd/train-cbsd-611.jpg,cbsd,1
/content/drive/MyDrive/SKRIPSI/cassava-lora/data/train/cmd/train-cmd-1424.jpg,cmd,3
/content/drive/MyDrive/SKRIPSI/cassava-lora/data/train/cmd/train-cmd-456.jpg,cmd,3
/content/drive/MyDrive/SKRIPSI/cassava-lora/data/train/cmd/train-cmd-1242.jpg,cmd,3
/content/drive/MyDrive/SKRIPSI/cassava-lora/data/train/cbsd/train-cbsd-1137.jpg,cbsd,1
/content/drive/MyDrive/SKRIPSI/cassava-lora/data/train/cmd/train-cmd-1991.jpg,cmd,3
/content/drive/MyDrive/SKRIPSI/cassava-lora/data/train/cmd/train-cmd-2007.jpg,cmd,3
/content/drive/MyDrive/SKRIPSI/cassava-lora/data/train/cmd/train-cmd-2289.jpg,cmd,3
/content/drive/MyDrive/SKRIPSI/cassava-lora/data/train/cmd/train-cmd-746.jpg,cmd,3
/content/drive/MyDrive/SKRIPSI/cassava-lora/data/train/cgm/train-cgm-107.jpg,cgm,2
/content/drive/MyDrive/SKRIPSI/cassava-lora/data/train/cbsd/train-cbsd-549.jpg,cbsd,1
/content/drive/MyDrive/SKRIPSI/cassava-lora/data/train/cmd/train-cmd-1408.jpg,cmd,3
/content/drive/MyDrive/SKRIPSI/cassava-lora/data/train/healthy/train-healthy-151.jpg,healthy,4
/content/drive/MyDrive/SKRIPSI/cassava-lora/data/train/cmd/train-cmd-2297.jpg,cmd,3
/content/drive/MyDrive/SKRIPSI/cassava-lora/data/train/cbsd/train-cbsd-1352.jpg,cbsd,1
/content/drive/MyDrive/SKRIPSI/cassava-lora/data/train/cbb/train-cbb-311.jpg,cbb,0
/content/drive/MyDrive/SKRIPSI/cassava-lora/data/train/cmd/train-cmd-339.jpg,cmd,3
/content/drive/MyDrive/SKRIPSI/cassava-lora/data/train/cmd/train-cmd-2634.jpg,cmd,3
/content/drive/MyDrive/SKRIPSI/cassava-lora/data/train/cmd/train-cmd-2347.jpg,cmd,3
/content/drive/MyDrive/SKRIPSI/cassava-lora/data/train/healthy/train-healthy-22.jpg,healthy,4
/content/drive/MyDrive/SKRIPSI/cassava-lora/data/train/cbb/train-cbb-131.jpg,cbb,0
/content/drive/MyDrive/SKRIPSI/cassava-lora/data/train/cgm/train-cgm-704.jpg,cgm,2
/content/drive/MyDrive/SKRIPSI/cassava-lora/data/train/cgm/train-cgm-638.jpg,cgm,2
/content/drive/MyDrive/SKRIPSI/cassava-lora/data/train/cmd/train-cmd-207.jpg,cmd,3
/content/drive/MyDrive/SKRIPSI/cassava-lora/data/train/cbb/train-cbb-383.jpg,cbb,0
/content/drive/MyDrive/SKRIPSI/cassava-lora/data/train/cgm/train-cgm-451.jpg,cgm,2
/content/drive/MyDrive/SKRIPSI/cassava-lora/data/train/cmd/train-cmd-1868.jpg,cmd,3
/content/drive/MyDrive/SKRIPSI/cassava-lora/data/train/cmd/train-cmd-2050.jpg,cmd,3
/content/drive/MyDrive/SKRIPSI/cassava-lora/data/train/cmd/train-cmd-166.jpg,cmd,3
/content/drive/MyDrive/SKRIPSI/cassava-lora/data/train/cgm/train-cgm-268.jpg,cgm,2
/content/drive/MyDrive/SKRIPSI/cassava-lora/data/train/cmd/train-cmd-860.jpg,cmd,3
/content/drive/MyDrive/SKRIPSI/cassava-lora/data/train/cgm/train-cgm-253.jpg,cgm,2
/content/drive/MyDrive/SKRIPSI/cassava-lora/data/train/cmd/train-cmd-510.jpg,cmd,3
/content/drive/MyDrive/SKRIPSI/cassava-lora/data/train/cmd/train-cmd-758.jpg,cmd,3
/content/drive/MyDrive/SKRIPSI/cassava-lora/data/train/healthy/train-healthy-259.jpg,healthy,4
/content/drive/MyDrive/SKRIPSI/cassava-lora/data/train/cmd/train-cmd-2150.jpg,cmd,3
/content/drive/MyDrive/SKRIPSI/cassava-lora/data/train/cbsd/train-cbsd-65.jpg,cbsd,1
/content/drive/MyDrive/SKRIPSI/cassava-lora/data/train/cmd/train-cmd-1039.jpg,cmd,3
/content/drive/MyDrive/SKRIPSI/cassava-lora/data/train/cbb/train-cbb-106.jpg,cbb,0
/content/drive/MyDrive/SKRIPSI/cassava-lora/data/train/cmd/train-cmd-761.jpg,cmd,3
/content/drive/MyDrive/SKRIPSI/cassava-lora/data/train/cbsd/train-cbsd-898.jpg,cbsd,1
/content/drive/MyDrive/SKRIPSI/cassava-lora/data/train/cbsd/train-cbsd-1300.jpg,cbsd,1
/content/drive/MyDrive/SKRIPSI/cassava-lora/data/train/cgm/train-cgm-475.jpg,cgm,2
/content/drive/MyDrive/SKRIPSI/cassava-lora/data/train/cbb/train-cbb-139.jpg,cbb,0
/content/drive/MyDrive/SKRIPSI/cassava-lora/data/train/cmd/train-cmd-242.jpg,cmd,3
/content/drive/MyDrive/SKRIPSI/cassava-lora/data/train/cmd/train-cmd-12.jpg,cmd,3
/content/drive/MyDrive/SKRIPSI/cassava-lora/data/train/cmd/train-cmd-1056.jpg,cmd,3
/content/drive/MyDrive/SKRIPSI/cassava-lora/data/train/cmd/train-cmd-1560.jpg,cmd,3
/content/drive/MyDrive/SKRIPSI/cassava-lora/data/train/cmd/train-cmd-2280.jpg,cmd,3
/content/drive/MyDrive/SKRIPSI/cassava-lora/data/train/cgm/train-cgm-744.jpg,cgm,2
/content/drive/MyDrive/SKRIPSI/cassava-lora/data/train/cmd/train-cmd-28.jpg,cmd,3
/content/drive/MyDrive/SKRIPSI/cassava-lora/data/train/cmd/train-cmd-2389.jpg,cmd,3
/content/drive/MyDrive/SKRIPSI/cassava-lora/data/train/cmd/train-cmd-2061.jpg,cmd,3
/content/drive/MyDrive/SKRIPSI/cassava-lora/data/train/cgm/train-cgm-269.jpg,cgm,2
/content/drive/MyDrive/SKRIPSI/cassava-lora/data/train/cmd/train-cmd-2124.jpg,cmd,3
/content/drive/MyDrive/SKRIPSI/cassava-lora/data/train/cgm/train-cgm-208.jpg,cgm,2
/content/drive/MyDrive/SKRIPSI/cassava-lora/data/train/cbsd/train-cbsd-94.jpg,cbsd,1
/content/drive/MyDrive/SKRIPSI/cassava-lora/data/train/cmd/train-cmd-1617.jpg,cmd,3
/content/drive/MyDrive/SKRIPSI/cassava-lora/data/train/cmd/train-cmd-1559.jpg,cmd,3
/content/drive/MyDrive/SKRIPSI/cassava-lora/data/train/cbsd/train-cbsd-1050.jpg,cbsd,1
/content/drive/MyDrive/SKRIPSI/cassava-lora/data/train/cmd/train-cmd-2653.jpg,cmd,3
/content/drive/MyDrive/SKRIPSI/cassava-lora/data/train/cmd/train-cmd-1266.jpg,cmd,3
/content/drive/MyDrive/SKRIPSI/cassava-lora/data/train/healthy/train-healthy-45.jpg,healthy,4
/content/drive/MyDrive/SKRIPSI/cassava-lora/data/train/cbsd/train-cbsd-1328.jpg,cbsd,1
/content/drive/MyDrive/SKRIPSI/cassava-lora/data/train/cbsd/train-cbsd-1284.jpg,cbsd,1
/content/drive/MyDrive/SKRIPSI/cassava-lora/data/train/cmd/train-cmd-2197.jpg,cmd,3
/content/drive/MyDrive/SKRIPSI/cassava-lora/data/train/cmd/train-cmd-1516.jpg,cmd,3
/content/drive/MyDrive/SKRIPSI/cassava-lora/data/train/cmd/train-cmd-900.jpg,cmd,3
/content/drive/MyDrive/SKRIPSI/cassava-lora/data/train/cbsd/train-cbsd-484.jpg,cbsd,1
/content/drive/MyDrive/SKRIPSI/cassava-lora/data/train/cbsd/train-cbsd-564.jpg,cbsd,1
/content/drive/MyDrive/SKRIPSI/cassava-lora/data/train/cmd/train-cmd-1148.jpg,cmd,3
/content/drive/MyDrive/SKRIPSI/cassava-lora/data/train/cmd/train-cmd-24.jpg,cmd,3
/content/drive/MyDrive/SKRIPSI/cassava-lora/data/train/healthy/train-healthy-1.jpg,healthy,4
/content/drive/MyDrive/SKRIPSI/cassava-lora/data/train/cmd/train-cmd-1843.jpg,cmd,3
/content/drive/MyDrive/SKRIPSI/cassava-lora/data/train/cmd/train-cmd-2216.jpg,cmd,3
/content/drive/MyDrive/SKRIPSI/cassava-lora/data/train/cgm/train-cgm-155.jpg,cgm,2
/content/drive/MyDrive/SKRIPSI/cassava-lora/data/train/cbb/train-cbb-352.jpg,cbb,0
/content/drive/MyDrive/SKRIPSI/cassava-lora/data/train/healthy/train-healthy-180.jpg,healthy,4
/content/drive/MyDrive/SKRIPSI/cassava-lora/data/train/cmd/train-cmd-813.jpg,cmd,3
/content/drive/MyDrive/SKRIPSI/cassava-lora/data/train/cgm/train-cgm-394.jpg,cgm,2
/content/drive/MyDrive/SKRIPSI/cassava-lora/data/train/cmd/train-cmd-1883.jpg,cmd,3
/content/drive/MyDrive/SKRIPSI/cassava-lora/data/train/healthy/train-healthy-308.jpg,healthy,4
/content/drive/MyDrive/SKRIPSI/cassava-lora/data/train/cmd/train-cmd-1552.jpg,cmd,3
/content/drive/MyDrive/SKRIPSI/cassava-lora/data/train/cbsd/train-cbsd-1011.jpg,cbsd,1
/content/drive/MyDrive/SKRIPSI/cassava-lora/data/train/cbsd/train-cbsd-1239.jpg,cbsd,1
/content/drive/MyDrive/SKRIPSI/cassava-lora/data/train/cmd/train-cmd-476.jpg,cmd,3
/content/drive/MyDrive/SKRIPSI/cassava-lora/data/train/cbsd/train-cbsd-987.jpg,cbsd,1
/content/drive/MyDrive/SKRIPSI/cassava-lora/data/train/cbb/train-cbb-456.jpg,cbb,0
/content/drive/MyDrive/SKRIPSI/cassava-lora/data/train/cbsd/train-cbsd-664.jpg,cbsd,1
/content/drive/MyDrive/SKRIPSI/cassava-lora/data/train/cbsd/train-cbsd-1241.jpg,cbsd,1
/content/drive/MyDrive/SKRIPSI/cassava-lora/data/train/cgm/train-cgm-164.jpg,cgm,2
/content/drive/MyDrive/SKRIPSI/cassava-lora/data/train/cmd/train-cmd-2495.jpg,cmd,3
/content/drive/MyDrive/SKRIPSI/cassava-lora/data/train/cbsd/train-cbsd-1293.jpg,cbsd,1
/content/drive/MyDrive/SKRIPSI/cassava-lora/data/train/cbsd/train-cbsd-863.jpg,cbsd,1
/content/drive/MyDrive/SKRIPSI/cassava-lora/data/train/cbb/train-cbb-217.jpg,cbb,0
/content/drive/MyDrive/SKRIPSI/cassava-lora/data/train/cbsd/train-cbsd-394.jpg,cbsd,1
/content/drive/MyDrive/SKRIPSI/cassava-lora/data/train/cmd/train-cmd-934.jpg,cmd,3
/content/drive/MyDrive/SKRIPSI/cassava-lora/data/train/cmd/train-cmd-1470.jpg,cmd,3
/content/drive/MyDrive/SKRIPSI/cassava-lora/data/train/cmd/train-cmd-318.jpg,cmd,3
/content/drive/MyDrive/SKRIPSI/cassava-lora/data/train/cbsd/train-cbsd-637.jpg,cbsd,1
/content/drive/MyDrive/SKRIPSI/cassava-lora/data/train/cmd/train-cmd-321.jpg,cmd,3
/content/drive/MyDrive/SKRIPSI/cassava-lora/data/train/cbsd/train-cbsd-1378.jpg,cbsd,1
/content/drive/MyDrive/SKRIPSI/cassava-lora/data/train/healthy/train-healthy-85.jpg,healthy,4
/content/drive/MyDrive/SKRIPSI/cassava-lora/data/train/cmd/train-cmd-1374.jpg,cmd,3
/content/drive/MyDrive/SKRIPSI/cassava-lora/data/train/healthy/train-healthy-83.jpg,healthy,4
/content/drive/MyDrive/SKRIPSI/cassava-lora/data/train/cbsd/train-cbsd-1258.jpg,cbsd,1
/content/drive/MyDrive/SKRIPSI/cassava-lora/data/train/cbsd/train-cbsd-914.jpg,cbsd,1
